solid OpenSCAD_Model
  facet normal -0.194922 -0.980819 0
    outer loop
      vertex -46.1912 -26.8137 0
      vertex -45.9859 -26.8545 0.799999
      vertex -46.1912 -26.8137 0.799999
    endloop
  endfacet
  facet normal -0.194922 -0.980819 -0
    outer loop
      vertex -45.9859 -26.8545 0.799999
      vertex -46.1912 -26.8137 0
      vertex -45.9859 -26.8545 0
    endloop
  endfacet
  facet normal -0.980819 -0.194922 0
    outer loop
      vertex -44.8137 -28.1912 0
      vertex -44.8545 -27.9859 0.799999
      vertex -44.8545 -27.9859 0
    endloop
  endfacet
  facet normal -0.980819 -0.194922 0
    outer loop
      vertex -44.8545 -27.9859 0.799999
      vertex -44.8137 -28.1912 0
      vertex -44.8137 -28.1912 0.799999
    endloop
  endfacet
  facet normal -0.997854 -0.0654722 0
    outer loop
      vertex -44.8 -28.4 0
      vertex -44.8137 -28.1912 0.799999
      vertex -44.8137 -28.1912 0
    endloop
  endfacet
  facet normal -0.997854 -0.0654722 0
    outer loop
      vertex -44.8137 -28.1912 0.799999
      vertex -44.8 -28.4 0
      vertex -44.8 -28.4 0.799999
    endloop
  endfacet
  facet normal -0.946901 -0.321526 0
    outer loop
      vertex -44.8545 -27.9859 0
      vertex -44.9218 -27.7877 0.799999
      vertex -44.9218 -27.7877 0
    endloop
  endfacet
  facet normal -0.946901 -0.321526 0
    outer loop
      vertex -44.9218 -27.7877 0.799999
      vertex -44.8545 -27.9859 0
      vertex -44.8545 -27.9859 0.799999
    endloop
  endfacet
  facet normal -0.831609 -0.555362 0
    outer loop
      vertex -45.0144 -27.6 0
      vertex -45.1306 -27.426 0.799999
      vertex -45.1306 -27.426 0
    endloop
  endfacet
  facet normal -0.831609 -0.555362 0
    outer loop
      vertex -45.1306 -27.426 0.799999
      vertex -45.0144 -27.6 0
      vertex -45.0144 -27.6 0.799999
    endloop
  endfacet
  facet normal -0.321526 -0.946901 0
    outer loop
      vertex -45.9859 -26.8545 0
      vertex -45.7877 -26.9218 0.799999
      vertex -45.9859 -26.8545 0.799999
    endloop
  endfacet
  facet normal -0.321526 -0.946901 -0
    outer loop
      vertex -45.7877 -26.9218 0.799999
      vertex -45.9859 -26.8545 0
      vertex -45.7877 -26.9218 0
    endloop
  endfacet
  facet normal -0.997854 0.0654722 0
    outer loop
      vertex -44.8137 -28.6088 0
      vertex -44.8 -28.4 0.799999
      vertex -44.8 -28.4 0
    endloop
  endfacet
  facet normal -0.997854 0.0654722 0
    outer loop
      vertex -44.8 -28.4 0.799999
      vertex -44.8137 -28.6088 0
      vertex -44.8137 -28.6088 0.799999
    endloop
  endfacet
  facet normal 0.555362 0.831609 -0
    outer loop
      vertex -47.2 -29.7856 0
      vertex -47.374 -29.6694 0.799999
      vertex -47.2 -29.7856 0.799999
    endloop
  endfacet
  facet normal 0.555362 0.831609 0
    outer loop
      vertex -47.374 -29.6694 0.799999
      vertex -47.2 -29.7856 0
      vertex -47.374 -29.6694 0
    endloop
  endfacet
  facet normal 0.321526 0.946901 -0
    outer loop
      vertex -46.8141 -29.9455 0
      vertex -47.0123 -29.8782 0.799999
      vertex -46.8141 -29.9455 0.799999
    endloop
  endfacet
  facet normal 0.321526 0.946901 0
    outer loop
      vertex -47.0123 -29.8782 0.799999
      vertex -46.8141 -29.9455 0
      vertex -47.0123 -29.8782 0
    endloop
  endfacet
  facet normal -0.896803 -0.442429 0
    outer loop
      vertex -44.9218 -27.7877 0
      vertex -45.0144 -27.6 0.799999
      vertex -45.0144 -27.6 0
    endloop
  endfacet
  facet normal -0.896803 -0.442429 0
    outer loop
      vertex -45.0144 -27.6 0.799999
      vertex -44.9218 -27.7877 0
      vertex -44.9218 -27.7877 0.799999
    endloop
  endfacet
  facet normal 0.321526 -0.946901 0
    outer loop
      vertex -47.0123 -26.9218 0
      vertex -46.8141 -26.8545 0.799999
      vertex -47.0123 -26.9218 0.799999
    endloop
  endfacet
  facet normal 0.321526 -0.946901 0
    outer loop
      vertex -46.8141 -26.8545 0.799999
      vertex -47.0123 -26.9218 0
      vertex -46.8141 -26.8545 0
    endloop
  endfacet
  facet normal -0.751925 -0.659248 0
    outer loop
      vertex -45.1306 -27.426 0
      vertex -45.2686 -27.2686 0.799999
      vertex -45.2686 -27.2686 0
    endloop
  endfacet
  facet normal -0.751925 -0.659248 0
    outer loop
      vertex -45.2686 -27.2686 0.799999
      vertex -45.1306 -27.426 0
      vertex -45.1306 -27.426 0.799999
    endloop
  endfacet
  facet normal -0.946901 0.321526 0
    outer loop
      vertex -44.9218 -29.0123 0
      vertex -44.8545 -28.8141 0.799999
      vertex -44.8545 -28.8141 0
    endloop
  endfacet
  facet normal -0.946901 0.321526 0
    outer loop
      vertex -44.8545 -28.8141 0.799999
      vertex -44.9218 -29.0123 0
      vertex -44.9218 -29.0123 0.799999
    endloop
  endfacet
  facet normal 0.751925 0.659248 0
    outer loop
      vertex -47.5314 -29.5314 0.799999
      vertex -47.6694 -29.374 0
      vertex -47.6694 -29.374 0.799999
    endloop
  endfacet
  facet normal 0.751925 0.659248 0
    outer loop
      vertex -47.6694 -29.374 0
      vertex -47.5314 -29.5314 0.799999
      vertex -47.5314 -29.5314 0
    endloop
  endfacet
  facet normal -0.980819 0.194922 0
    outer loop
      vertex -44.8545 -28.8141 0
      vertex -44.8137 -28.6088 0.799999
      vertex -44.8137 -28.6088 0
    endloop
  endfacet
  facet normal -0.980819 0.194922 0
    outer loop
      vertex -44.8137 -28.6088 0.799999
      vertex -44.8545 -28.8141 0
      vertex -44.8545 -28.8141 0.799999
    endloop
  endfacet
  facet normal 0.659248 -0.751925 0
    outer loop
      vertex -47.5314 -27.2686 0
      vertex -47.374 -27.1306 0.799999
      vertex -47.5314 -27.2686 0.799999
    endloop
  endfacet
  facet normal 0.659248 -0.751925 0
    outer loop
      vertex -47.374 -27.1306 0.799999
      vertex -47.5314 -27.2686 0
      vertex -47.374 -27.1306 0
    endloop
  endfacet
  facet normal 0.946901 0.321526 0
    outer loop
      vertex -47.8782 -29.0123 0.799999
      vertex -47.9455 -28.8141 0
      vertex -47.9455 -28.8141 0.799999
    endloop
  endfacet
  facet normal 0.946901 0.321526 0
    outer loop
      vertex -47.9455 -28.8141 0
      vertex -47.8782 -29.0123 0.799999
      vertex -47.8782 -29.0123 0
    endloop
  endfacet
  facet normal -0.831609 0.555362 0
    outer loop
      vertex -45.1306 -29.374 0
      vertex -45.0144 -29.2 0.799999
      vertex -45.0144 -29.2 0
    endloop
  endfacet
  facet normal -0.831609 0.555362 0
    outer loop
      vertex -45.0144 -29.2 0.799999
      vertex -45.1306 -29.374 0
      vertex -45.1306 -29.374 0.799999
    endloop
  endfacet
  facet normal -0.442429 -0.896803 0
    outer loop
      vertex -45.7877 -26.9218 0
      vertex -45.6 -27.0144 0.799999
      vertex -45.7877 -26.9218 0.799999
    endloop
  endfacet
  facet normal -0.442429 -0.896803 -0
    outer loop
      vertex -45.6 -27.0144 0.799999
      vertex -45.7877 -26.9218 0
      vertex -45.6 -27.0144 0
    endloop
  endfacet
  facet normal 0.442429 -0.896803 0
    outer loop
      vertex -47.2 -27.0144 0
      vertex -47.0123 -26.9218 0.799999
      vertex -47.2 -27.0144 0.799999
    endloop
  endfacet
  facet normal 0.442429 -0.896803 0
    outer loop
      vertex -47.0123 -26.9218 0.799999
      vertex -47.2 -27.0144 0
      vertex -47.0123 -26.9218 0
    endloop
  endfacet
  facet normal -0.442429 0.896803 0
    outer loop
      vertex -45.6 -29.7856 0
      vertex -45.7877 -29.8782 0.799999
      vertex -45.6 -29.7856 0.799999
    endloop
  endfacet
  facet normal -0.442429 0.896803 0
    outer loop
      vertex -45.7877 -29.8782 0.799999
      vertex -45.6 -29.7856 0
      vertex -45.7877 -29.8782 0
    endloop
  endfacet
  facet normal -0.321526 0.946901 0
    outer loop
      vertex -45.7877 -29.8782 0
      vertex -45.9859 -29.9455 0.799999
      vertex -45.7877 -29.8782 0.799999
    endloop
  endfacet
  facet normal -0.321526 0.946901 0
    outer loop
      vertex -45.9859 -29.9455 0.799999
      vertex -45.7877 -29.8782 0
      vertex -45.9859 -29.9455 0
    endloop
  endfacet
  facet normal 0.896803 0.442429 0
    outer loop
      vertex -47.7856 -29.2 0.799999
      vertex -47.8782 -29.0123 0
      vertex -47.8782 -29.0123 0.799999
    endloop
  endfacet
  facet normal 0.896803 0.442429 0
    outer loop
      vertex -47.8782 -29.0123 0
      vertex -47.7856 -29.2 0.799999
      vertex -47.7856 -29.2 0
    endloop
  endfacet
  facet normal 0.980819 0.194922 0
    outer loop
      vertex -47.9455 -28.8141 0.799999
      vertex -47.9863 -28.6088 0
      vertex -47.9863 -28.6088 0.799999
    endloop
  endfacet
  facet normal 0.980819 0.194922 0
    outer loop
      vertex -47.9863 -28.6088 0
      vertex -47.9455 -28.8141 0.799999
      vertex -47.9455 -28.8141 0
    endloop
  endfacet
  facet normal 0.555362 -0.831609 0
    outer loop
      vertex -47.374 -27.1306 0
      vertex -47.2 -27.0144 0.799999
      vertex -47.374 -27.1306 0.799999
    endloop
  endfacet
  facet normal 0.555362 -0.831609 0
    outer loop
      vertex -47.2 -27.0144 0.799999
      vertex -47.374 -27.1306 0
      vertex -47.2 -27.0144 0
    endloop
  endfacet
  facet normal -0.555362 0.831609 0
    outer loop
      vertex -45.426 -29.6694 0
      vertex -45.6 -29.7856 0.799999
      vertex -45.426 -29.6694 0.799999
    endloop
  endfacet
  facet normal -0.555362 0.831609 0
    outer loop
      vertex -45.6 -29.7856 0.799999
      vertex -45.426 -29.6694 0
      vertex -45.6 -29.7856 0
    endloop
  endfacet
  facet normal -0.194922 0.980819 0
    outer loop
      vertex -45.9859 -29.9455 0
      vertex -46.1912 -29.9863 0.799999
      vertex -45.9859 -29.9455 0.799999
    endloop
  endfacet
  facet normal -0.194922 0.980819 0
    outer loop
      vertex -46.1912 -29.9863 0.799999
      vertex -45.9859 -29.9455 0
      vertex -46.1912 -29.9863 0
    endloop
  endfacet
  facet normal -0.659248 -0.751925 0
    outer loop
      vertex -45.426 -27.1306 0
      vertex -45.2686 -27.2686 0.799999
      vertex -45.426 -27.1306 0.799999
    endloop
  endfacet
  facet normal -0.659248 -0.751925 -0
    outer loop
      vertex -45.2686 -27.2686 0.799999
      vertex -45.426 -27.1306 0
      vertex -45.2686 -27.2686 0
    endloop
  endfacet
  facet normal 0.946901 -0.321526 0
    outer loop
      vertex -47.9455 -27.9859 0.799999
      vertex -47.8782 -27.7877 0
      vertex -47.8782 -27.7877 0.799999
    endloop
  endfacet
  facet normal 0.946901 -0.321526 0
    outer loop
      vertex -47.8782 -27.7877 0
      vertex -47.9455 -27.9859 0.799999
      vertex -47.9455 -27.9859 0
    endloop
  endfacet
  facet normal -0.0654722 0.997854 0
    outer loop
      vertex -46.1912 -29.9863 0
      vertex -46.4 -30 0.799999
      vertex -46.1912 -29.9863 0.799999
    endloop
  endfacet
  facet normal -0.0654722 0.997854 0
    outer loop
      vertex -46.4 -30 0.799999
      vertex -46.1912 -29.9863 0
      vertex -46.4 -30 0
    endloop
  endfacet
  facet normal 0.194922 -0.980819 0
    outer loop
      vertex -46.8141 -26.8545 0
      vertex -46.6088 -26.8137 0.799999
      vertex -46.8141 -26.8545 0.799999
    endloop
  endfacet
  facet normal 0.194922 -0.980819 0
    outer loop
      vertex -46.6088 -26.8137 0.799999
      vertex -46.8141 -26.8545 0
      vertex -46.6088 -26.8137 0
    endloop
  endfacet
  facet normal 0.659248 0.751925 -0
    outer loop
      vertex -47.374 -29.6694 0
      vertex -47.5314 -29.5314 0.799999
      vertex -47.374 -29.6694 0.799999
    endloop
  endfacet
  facet normal 0.659248 0.751925 0
    outer loop
      vertex -47.5314 -29.5314 0.799999
      vertex -47.374 -29.6694 0
      vertex -47.5314 -29.5314 0
    endloop
  endfacet
  facet normal 0.896803 -0.442429 0
    outer loop
      vertex -47.8782 -27.7877 0.799999
      vertex -47.7856 -27.6 0
      vertex -47.7856 -27.6 0.799999
    endloop
  endfacet
  facet normal 0.896803 -0.442429 0
    outer loop
      vertex -47.7856 -27.6 0
      vertex -47.8782 -27.7877 0.799999
      vertex -47.8782 -27.7877 0
    endloop
  endfacet
  facet normal -0.896803 0.442429 0
    outer loop
      vertex -45.0144 -29.2 0
      vertex -44.9218 -29.0123 0.799999
      vertex -44.9218 -29.0123 0
    endloop
  endfacet
  facet normal -0.896803 0.442429 0
    outer loop
      vertex -44.9218 -29.0123 0.799999
      vertex -45.0144 -29.2 0
      vertex -45.0144 -29.2 0.799999
    endloop
  endfacet
  facet normal -0.751925 0.659248 0
    outer loop
      vertex -45.2686 -29.5314 0
      vertex -45.1306 -29.374 0.799999
      vertex -45.1306 -29.374 0
    endloop
  endfacet
  facet normal -0.751925 0.659248 0
    outer loop
      vertex -45.1306 -29.374 0.799999
      vertex -45.2686 -29.5314 0
      vertex -45.2686 -29.5314 0.799999
    endloop
  endfacet
  facet normal 0.0654722 0.997854 -0
    outer loop
      vertex -46.4 -30 0
      vertex -46.6088 -29.9863 0.799999
      vertex -46.4 -30 0.799999
    endloop
  endfacet
  facet normal 0.0654722 0.997854 0
    outer loop
      vertex -46.6088 -29.9863 0.799999
      vertex -46.4 -30 0
      vertex -46.6088 -29.9863 0
    endloop
  endfacet
  facet normal -0.0654722 -0.997854 0
    outer loop
      vertex -46.4 -26.8 0
      vertex -46.1912 -26.8137 0.799999
      vertex -46.4 -26.8 0.799999
    endloop
  endfacet
  facet normal -0.0654722 -0.997854 -0
    outer loop
      vertex -46.1912 -26.8137 0.799999
      vertex -46.4 -26.8 0
      vertex -46.1912 -26.8137 0
    endloop
  endfacet
  facet normal -0.555362 -0.831609 0
    outer loop
      vertex -45.6 -27.0144 0
      vertex -45.426 -27.1306 0.799999
      vertex -45.6 -27.0144 0.799999
    endloop
  endfacet
  facet normal -0.555362 -0.831609 -0
    outer loop
      vertex -45.426 -27.1306 0.799999
      vertex -45.6 -27.0144 0
      vertex -45.426 -27.1306 0
    endloop
  endfacet
  facet normal 0.997854 0.0654722 0
    outer loop
      vertex -47.9863 -28.6088 0.799999
      vertex -48 -28.4 0
      vertex -48 -28.4 0.799999
    endloop
  endfacet
  facet normal 0.997854 0.0654722 0
    outer loop
      vertex -48 -28.4 0
      vertex -47.9863 -28.6088 0.799999
      vertex -47.9863 -28.6088 0
    endloop
  endfacet
  facet normal 0.751925 -0.659248 0
    outer loop
      vertex -47.6694 -27.426 0.799999
      vertex -47.5314 -27.2686 0
      vertex -47.5314 -27.2686 0.799999
    endloop
  endfacet
  facet normal 0.751925 -0.659248 0
    outer loop
      vertex -47.5314 -27.2686 0
      vertex -47.6694 -27.426 0.799999
      vertex -47.6694 -27.426 0
    endloop
  endfacet
  facet normal 0.0654722 -0.997854 0
    outer loop
      vertex -46.6088 -26.8137 0
      vertex -46.4 -26.8 0.799999
      vertex -46.6088 -26.8137 0.799999
    endloop
  endfacet
  facet normal 0.0654722 -0.997854 0
    outer loop
      vertex -46.4 -26.8 0.799999
      vertex -46.6088 -26.8137 0
      vertex -46.4 -26.8 0
    endloop
  endfacet
  facet normal 0.194922 0.980819 -0
    outer loop
      vertex -46.6088 -29.9863 0
      vertex -46.8141 -29.9455 0.799999
      vertex -46.6088 -29.9863 0.799999
    endloop
  endfacet
  facet normal 0.194922 0.980819 0
    outer loop
      vertex -46.8141 -29.9455 0.799999
      vertex -46.6088 -29.9863 0
      vertex -46.8141 -29.9455 0
    endloop
  endfacet
  facet normal 0.980819 -0.194922 0
    outer loop
      vertex -47.9863 -28.1912 0.799999
      vertex -47.9455 -27.9859 0
      vertex -47.9455 -27.9859 0.799999
    endloop
  endfacet
  facet normal 0.980819 -0.194922 0
    outer loop
      vertex -47.9455 -27.9859 0
      vertex -47.9863 -28.1912 0.799999
      vertex -47.9863 -28.1912 0
    endloop
  endfacet
  facet normal 0.997854 -0.0654722 0
    outer loop
      vertex -48 -28.4 0.799999
      vertex -47.9863 -28.1912 0
      vertex -47.9863 -28.1912 0.799999
    endloop
  endfacet
  facet normal 0.997854 -0.0654722 0
    outer loop
      vertex -47.9863 -28.1912 0
      vertex -48 -28.4 0.799999
      vertex -48 -28.4 0
    endloop
  endfacet
  facet normal 0.442429 0.896803 -0
    outer loop
      vertex -47.0123 -29.8782 0
      vertex -47.2 -29.7856 0.799999
      vertex -47.0123 -29.8782 0.799999
    endloop
  endfacet
  facet normal 0.442429 0.896803 0
    outer loop
      vertex -47.2 -29.7856 0.799999
      vertex -47.0123 -29.8782 0
      vertex -47.2 -29.7856 0
    endloop
  endfacet
  facet normal -0.659248 0.751925 0
    outer loop
      vertex -45.2686 -29.5314 0
      vertex -45.426 -29.6694 0.799999
      vertex -45.2686 -29.5314 0.799999
    endloop
  endfacet
  facet normal -0.659248 0.751925 0
    outer loop
      vertex -45.426 -29.6694 0.799999
      vertex -45.2686 -29.5314 0
      vertex -45.426 -29.6694 0
    endloop
  endfacet
  facet normal 0.831609 -0.555362 0
    outer loop
      vertex -47.7856 -27.6 0.799999
      vertex -47.6694 -27.426 0
      vertex -47.6694 -27.426 0.799999
    endloop
  endfacet
  facet normal 0.831609 -0.555362 0
    outer loop
      vertex -47.6694 -27.426 0
      vertex -47.7856 -27.6 0.799999
      vertex -47.7856 -27.6 0
    endloop
  endfacet
  facet normal 0.831609 0.555362 0
    outer loop
      vertex -47.6694 -29.374 0.799999
      vertex -47.7856 -29.2 0
      vertex -47.7856 -29.2 0.799999
    endloop
  endfacet
  facet normal 0.831609 0.555362 0
    outer loop
      vertex -47.7856 -29.2 0
      vertex -47.6694 -29.374 0.799999
      vertex -47.6694 -29.374 0
    endloop
  endfacet
  facet normal -0.753687 -0.0494517 0.655371
    outer loop
      vertex -44.8 -28.4 0.799999
      vertex -43.4088 -28.3987 2.4
      vertex -44.8137 -28.1912 0.799999
    endloop
  endfacet
  facet normal -0.753339 -0.0579491 0.655075
    outer loop
      vertex -43.4088 -28.3987 2.4
      vertex -44.8 -28.4 0.799999
      vertex -43.4087 -28.4 2.4
    endloop
  endfacet
  facet normal 0.497942 0.567943 0.655358
    outer loop
      vertex -47.5314 -29.5314 0.799999
      vertex -48.5142 -30.516 2.4
      vertex -47.374 -29.6694 0.799999
    endloop
  endfacet
  facet normal 0.472641 0.590801 0.653884
    outer loop
      vertex -48.5142 -30.516 2.4
      vertex -47.5314 -29.5314 0.799999
      vertex -48.5152 -30.5152 2.4
    endloop
  endfacet
  facet normal -0.628091 0.419502 0.655378
    outer loop
      vertex -44.0268 -30.221 2.4
      vertex -43.8102 -29.8967 2.4
      vertex -45.1306 -29.374 0.799999
    endloop
  endfacet
  facet normal 0.677349 0.334164 0.655388
    outer loop
      vertex -48.9911 -29.8945 2.4
      vertex -47.7856 -29.2 0.799999
      vertex -47.8782 -29.0123 0.799999
    endloop
  endfacet
  facet normal 0.675459 0.337729 0.655511
    outer loop
      vertex -47.7856 -29.2 0.799999
      vertex -48.9911 -29.8945 2.4
      vertex -48.9905 -29.8957 2.4
    endloop
  endfacet
  facet normal 0.753339 -0.0579491 0.655075
    outer loop
      vertex -48 -28.4 0.799999
      vertex -49.3912 -28.3987 2.4
      vertex -49.3913 -28.4 2.4
    endloop
  endfacet
  facet normal 0.753687 -0.0494517 0.655371
    outer loop
      vertex -49.3912 -28.3987 2.4
      vertex -48 -28.4 0.799999
      vertex -47.9863 -28.1912 0.799999
    endloop
  endfacet
  facet normal 0.567797 -0.498081 0.65538
    outer loop
      vertex -47.6694 -27.426 0.799999
      vertex -48.516 -26.2858 2.4
      vertex -48.7732 -26.579 2.4
    endloop
  endfacet
  facet normal 0.567943 0.497942 0.655358
    outer loop
      vertex -48.516 -30.5142 2.4
      vertex -47.5314 -29.5314 0.799999
      vertex -47.6694 -29.374 0.799999
    endloop
  endfacet
  facet normal 0.590801 0.472641 0.653884
    outer loop
      vertex -47.5314 -29.5314 0.799999
      vertex -48.516 -30.5142 2.4
      vertex -48.5152 -30.5152 2.4
    endloop
  endfacet
  facet normal 0.115037 -0.747743 0.653947
    outer loop
      vertex -46.8141 -26.8545 0.799999
      vertex -47.1729 -25.5104 2.4
      vertex -47.1742 -25.5106 2.4
    endloop
  endfacet
  facet normal 0.147228 -0.74083 0.655359
    outer loop
      vertex -47.1729 -25.5104 2.4
      vertex -46.8141 -26.8545 0.799999
      vertex -46.6088 -26.8137 0.799999
    endloop
  endfacet
  facet normal 0.567797 0.498081 0.65538
    outer loop
      vertex -48.516 -30.5142 2.4
      vertex -47.6694 -29.374 0.799999
      vertex -48.7732 -30.221 2.4
    endloop
  endfacet
  facet normal 0.677413 -0.334059 0.655375
    outer loop
      vertex -47.8782 -27.7877 0.799999
      vertex -48.9911 -26.9055 2.4
      vertex -49.1636 -27.2553 2.4
    endloop
  endfacet
  facet normal -0.472641 -0.590801 0.653884
    outer loop
      vertex -44.2858 -26.284 2.4
      vertex -45.2686 -27.2686 0.799999
      vertex -44.2848 -26.2848 2.4
    endloop
  endfacet
  facet normal -0.497942 -0.567943 0.655358
    outer loop
      vertex -45.2686 -27.2686 0.799999
      vertex -44.2858 -26.284 2.4
      vertex -45.426 -27.1306 0.799999
    endloop
  endfacet
  facet normal 0.147382 0.740784 0.655376
    outer loop
      vertex -46.7904 -31.3657 2.4
      vertex -46.6088 -29.9863 0.799999
      vertex -47.1729 -31.2896 2.4
    endloop
  endfacet
  facet normal -0.498081 -0.567797 0.65538
    outer loop
      vertex -44.2858 -26.284 2.4
      vertex -44.579 -26.0268 2.4
      vertex -45.426 -27.1306 0.799999
    endloop
  endfacet
  facet normal 0.337729 -0.675459 0.655511
    outer loop
      vertex -47.2 -27.0144 0.799999
      vertex -47.8945 -25.8089 2.4
      vertex -47.8957 -25.8095 2.4
    endloop
  endfacet
  facet normal 0.334164 -0.677349 0.655388
    outer loop
      vertex -47.8945 -25.8089 2.4
      vertex -47.2 -27.0144 0.799999
      vertex -47.0123 -26.9218 0.799999
    endloop
  endfacet
  facet normal 0.715194 -0.242852 0.655378
    outer loop
      vertex -47.8782 -27.7877 0.799999
      vertex -49.1636 -27.2553 2.4
      vertex -49.289 -27.6246 2.4
    endloop
  endfacet
  facet normal -0.677349 0.334164 0.655388
    outer loop
      vertex -45.0144 -29.2 0.799999
      vertex -43.8089 -29.8945 2.4
      vertex -44.9218 -29.0123 0.799999
    endloop
  endfacet
  facet normal -0.675459 0.337729 0.655511
    outer loop
      vertex -43.8089 -29.8945 2.4
      vertex -45.0144 -29.2 0.799999
      vertex -43.8095 -29.8957 2.4
    endloop
  endfacet
  facet normal -0.677413 0.334059 0.655375
    outer loop
      vertex -43.8089 -29.8945 2.4
      vertex -43.6364 -29.5447 2.4
      vertex -44.9218 -29.0123 0.799999
    endloop
  endfacet
  facet normal -0.472641 0.590801 0.653884
    outer loop
      vertex -45.2686 -29.5314 0.799999
      vertex -44.2858 -30.516 2.4
      vertex -44.2848 -30.5152 2.4
    endloop
  endfacet
  facet normal -0.497942 0.567943 0.655358
    outer loop
      vertex -44.2858 -30.516 2.4
      vertex -45.2686 -29.5314 0.799999
      vertex -45.426 -29.6694 0.799999
    endloop
  endfacet
  facet normal 0.628112 -0.419463 0.655382
    outer loop
      vertex -48.9898 -26.9033 2.4
      vertex -47.7856 -27.6 0.799999
      vertex -47.6694 -27.426 0.799999
    endloop
  endfacet
  facet normal 0.619203 -0.433442 0.654764
    outer loop
      vertex -47.7856 -27.6 0.799999
      vertex -48.9898 -26.9033 2.4
      vertex -48.9905 -26.9043 2.4
    endloop
  endfacet
  facet normal -0.740784 0.147382 0.655376
    outer loop
      vertex -43.5104 -29.1729 2.4
      vertex -43.4343 -28.7904 2.4
      vertex -44.8137 -28.6088 0.799999
    endloop
  endfacet
  facet normal -0.619203 -0.433442 0.654764
    outer loop
      vertex -43.8102 -26.9033 2.4
      vertex -45.0144 -27.6 0.799999
      vertex -43.8095 -26.9043 2.4
    endloop
  endfacet
  facet normal -0.628112 -0.419463 0.655382
    outer loop
      vertex -45.0144 -27.6 0.799999
      vertex -43.8102 -26.9033 2.4
      vertex -45.1306 -27.426 0.799999
    endloop
  endfacet
  facet normal -0.242852 0.715194 0.655378
    outer loop
      vertex -45.6246 -31.289 2.4
      vertex -45.2553 -31.1636 2.4
      vertex -45.7877 -29.8782 0.799999
    endloop
  endfacet
  facet normal 0.740784 -0.147382 0.655376
    outer loop
      vertex -47.9863 -28.1912 0.799999
      vertex -49.2896 -27.6271 2.4
      vertex -49.3657 -28.0096 2.4
    endloop
  endfacet
  facet normal -0.677413 -0.334059 0.655375
    outer loop
      vertex -43.6364 -27.2553 2.4
      vertex -43.8089 -26.9055 2.4
      vertex -44.9218 -27.7877 0.799999
    endloop
  endfacet
  facet normal 0.334164 0.677349 0.655388
    outer loop
      vertex -47.2 -29.7856 0.799999
      vertex -47.8945 -30.9911 2.4
      vertex -47.0123 -29.8782 0.799999
    endloop
  endfacet
  facet normal 0.337729 0.675459 0.655511
    outer loop
      vertex -47.8945 -30.9911 2.4
      vertex -47.2 -29.7856 0.799999
      vertex -47.8957 -30.9905 2.4
    endloop
  endfacet
  facet normal -0.740784 -0.147382 0.655376
    outer loop
      vertex -43.4343 -28.0096 2.4
      vertex -43.5104 -27.6271 2.4
      vertex -44.8137 -28.1912 0.799999
    endloop
  endfacet
  facet normal -0.715194 0.242852 0.655378
    outer loop
      vertex -43.6364 -29.5447 2.4
      vertex -43.511 -29.1754 2.4
      vertex -44.9218 -29.0123 0.799999
    endloop
  endfacet
  facet normal 0.753685 -0.0493934 0.655377
    outer loop
      vertex -47.9863 -28.1912 0.799999
      vertex -49.3657 -28.0096 2.4
      vertex -49.3912 -28.3987 2.4
    endloop
  endfacet
  facet normal 0.242849 0.715197 0.655376
    outer loop
      vertex -47.0123 -29.8782 0.799999
      vertex -47.1742 -31.2894 2.4
      vertex -46.8141 -29.9455 0.799999
    endloop
  endfacet
  facet normal 0.238725 0.716175 0.655822
    outer loop
      vertex -47.1742 -31.2894 2.4
      vertex -47.0123 -29.8782 0.799999
      vertex -47.1754 -31.289 2.4
    endloop
  endfacet
  facet normal -0.334059 0.677413 0.655375
    outer loop
      vertex -45.2553 -31.1636 2.4
      vertex -44.9055 -30.9911 2.4
      vertex -45.7877 -29.8782 0.799999
    endloop
  endfacet
  facet normal -0.242852 -0.715194 0.655378
    outer loop
      vertex -45.2553 -25.6364 2.4
      vertex -45.6246 -25.511 2.4
      vertex -45.7877 -26.9218 0.799999
    endloop
  endfacet
  facet normal -0.567797 -0.498081 0.65538
    outer loop
      vertex -44.0268 -26.579 2.4
      vertex -44.284 -26.2858 2.4
      vertex -45.1306 -27.426 0.799999
    endloop
  endfacet
  facet normal 0.419463 0.628112 0.655382
    outer loop
      vertex -47.8967 -30.9898 2.4
      vertex -47.2 -29.7856 0.799999
      vertex -47.374 -29.6694 0.799999
    endloop
  endfacet
  facet normal 0.433442 0.619203 0.654764
    outer loop
      vertex -47.2 -29.7856 0.799999
      vertex -47.8967 -30.9898 2.4
      vertex -47.8957 -30.9905 2.4
    endloop
  endfacet
  facet normal 0.433442 -0.619203 0.654764
    outer loop
      vertex -47.8967 -25.8102 2.4
      vertex -47.2 -27.0144 0.799999
      vertex -47.8957 -25.8095 2.4
    endloop
  endfacet
  facet normal 0.419463 -0.628112 0.655382
    outer loop
      vertex -47.2 -27.0144 0.799999
      vertex -47.8967 -25.8102 2.4
      vertex -47.374 -27.1306 0.799999
    endloop
  endfacet
  facet normal 0.419502 0.628091 0.655378
    outer loop
      vertex -47.8967 -30.9898 2.4
      vertex -47.374 -29.6694 0.799999
      vertex -48.221 -30.7732 2.4
    endloop
  endfacet
  facet normal -0.567797 0.498081 0.65538
    outer loop
      vertex -44.284 -30.5142 2.4
      vertex -44.0268 -30.221 2.4
      vertex -45.1306 -29.374 0.799999
    endloop
  endfacet
  facet normal -0.0579491 -0.753339 0.655075
    outer loop
      vertex -46.4 -26.8 0.799999
      vertex -46.3987 -25.4088 2.4
      vertex -46.4 -25.4087 2.4
    endloop
  endfacet
  facet normal -0.0494517 -0.753687 0.655371
    outer loop
      vertex -46.3987 -25.4088 2.4
      vertex -46.4 -26.8 0.799999
      vertex -46.1912 -26.8137 0.799999
    endloop
  endfacet
  facet normal 0.419502 -0.628091 0.655378
    outer loop
      vertex -47.374 -27.1306 0.799999
      vertex -47.8967 -25.8102 2.4
      vertex -48.221 -26.0268 2.4
    endloop
  endfacet
  facet normal -0.628091 -0.419502 0.655378
    outer loop
      vertex -43.8102 -26.9033 2.4
      vertex -44.0268 -26.579 2.4
      vertex -45.1306 -27.426 0.799999
    endloop
  endfacet
  facet normal -0.753339 0.0579491 0.655075
    outer loop
      vertex -44.8 -28.4 0.799999
      vertex -43.4088 -28.4013 2.4
      vertex -43.4087 -28.4 2.4
    endloop
  endfacet
  facet normal -0.753687 0.0494517 0.655371
    outer loop
      vertex -43.4088 -28.4013 2.4
      vertex -44.8 -28.4 0.799999
      vertex -44.8137 -28.6088 0.799999
    endloop
  endfacet
  facet normal -0.715194 -0.242852 0.655378
    outer loop
      vertex -43.511 -27.6246 2.4
      vertex -43.6364 -27.2553 2.4
      vertex -44.9218 -27.7877 0.799999
    endloop
  endfacet
  facet normal -0.498081 0.567797 0.65538
    outer loop
      vertex -44.579 -30.7732 2.4
      vertex -44.2858 -30.516 2.4
      vertex -45.426 -29.6694 0.799999
    endloop
  endfacet
  facet normal -0.753685 -0.0493934 0.655377
    outer loop
      vertex -43.4088 -28.3987 2.4
      vertex -43.4343 -28.0096 2.4
      vertex -44.8137 -28.1912 0.799999
    endloop
  endfacet
  facet normal -0.753685 0.0493934 0.655377
    outer loop
      vertex -43.4343 -28.7904 2.4
      vertex -43.4088 -28.4013 2.4
      vertex -44.8137 -28.6088 0.799999
    endloop
  endfacet
  facet normal 0.628091 -0.419502 0.655378
    outer loop
      vertex -47.6694 -27.426 0.799999
      vertex -48.7732 -26.579 2.4
      vertex -48.9898 -26.9033 2.4
    endloop
  endfacet
  facet normal -0.147382 -0.740784 0.655376
    outer loop
      vertex -45.6271 -25.5104 2.4
      vertex -46.0096 -25.4343 2.4
      vertex -46.1912 -26.8137 0.799999
    endloop
  endfacet
  facet normal -0.334059 -0.677413 0.655375
    outer loop
      vertex -44.9055 -25.8089 2.4
      vertex -45.2553 -25.6364 2.4
      vertex -45.7877 -26.9218 0.799999
    endloop
  endfacet
  facet normal 0.740784 0.147382 0.655376
    outer loop
      vertex -49.2896 -29.1729 2.4
      vertex -47.9863 -28.6088 0.799999
      vertex -49.3657 -28.7904 2.4
    endloop
  endfacet
  facet normal -0.0493934 -0.753685 0.655377
    outer loop
      vertex -46.1912 -26.8137 0.799999
      vertex -46.0096 -25.4343 2.4
      vertex -46.3987 -25.4088 2.4
    endloop
  endfacet
  facet normal 0.0494517 -0.753687 0.655371
    outer loop
      vertex -46.4 -26.8 0.799999
      vertex -46.4013 -25.4088 2.4
      vertex -46.6088 -26.8137 0.799999
    endloop
  endfacet
  facet normal 0.0579491 -0.753339 0.655075
    outer loop
      vertex -46.4013 -25.4088 2.4
      vertex -46.4 -26.8 0.799999
      vertex -46.4 -25.4087 2.4
    endloop
  endfacet
  facet normal 0.675459 -0.337729 0.655511
    outer loop
      vertex -48.9911 -26.9055 2.4
      vertex -47.7856 -27.6 0.799999
      vertex -48.9905 -26.9043 2.4
    endloop
  endfacet
  facet normal 0.677349 -0.334164 0.655388
    outer loop
      vertex -47.7856 -27.6 0.799999
      vertex -48.9911 -26.9055 2.4
      vertex -47.8782 -27.7877 0.799999
    endloop
  endfacet
  facet normal -0.590801 -0.472641 0.653884
    outer loop
      vertex -45.2686 -27.2686 0.799999
      vertex -44.284 -26.2858 2.4
      vertex -44.2848 -26.2848 2.4
    endloop
  endfacet
  facet normal -0.567943 -0.497942 0.655358
    outer loop
      vertex -44.284 -26.2858 2.4
      vertex -45.2686 -27.2686 0.799999
      vertex -45.1306 -27.426 0.799999
    endloop
  endfacet
  facet normal -0.567943 0.497942 0.655358
    outer loop
      vertex -45.2686 -29.5314 0.799999
      vertex -44.284 -30.5142 2.4
      vertex -45.1306 -29.374 0.799999
    endloop
  endfacet
  facet normal -0.590801 0.472641 0.653884
    outer loop
      vertex -44.284 -30.5142 2.4
      vertex -45.2686 -29.5314 0.799999
      vertex -44.2848 -30.5152 2.4
    endloop
  endfacet
  facet normal 0.497942 -0.567943 0.655358
    outer loop
      vertex -48.5142 -26.284 2.4
      vertex -47.5314 -27.2686 0.799999
      vertex -47.374 -27.1306 0.799999
    endloop
  endfacet
  facet normal 0.472641 -0.590801 0.653884
    outer loop
      vertex -47.5314 -27.2686 0.799999
      vertex -48.5142 -26.284 2.4
      vertex -48.5152 -26.2848 2.4
    endloop
  endfacet
  facet normal -0.419502 0.628091 0.655378
    outer loop
      vertex -44.9033 -30.9898 2.4
      vertex -44.579 -30.7732 2.4
      vertex -45.426 -29.6694 0.799999
    endloop
  endfacet
  facet normal 0.753685 0.0493934 0.655377
    outer loop
      vertex -49.3657 -28.7904 2.4
      vertex -47.9863 -28.6088 0.799999
      vertex -49.3912 -28.4013 2.4
    endloop
  endfacet
  facet normal -0.419463 0.628112 0.655382
    outer loop
      vertex -45.6 -29.7856 0.799999
      vertex -44.9033 -30.9898 2.4
      vertex -45.426 -29.6694 0.799999
    endloop
  endfacet
  facet normal -0.433442 0.619203 0.654764
    outer loop
      vertex -44.9033 -30.9898 2.4
      vertex -45.6 -29.7856 0.799999
      vertex -44.9043 -30.9905 2.4
    endloop
  endfacet
  facet normal -0.337729 0.675459 0.655511
    outer loop
      vertex -45.6 -29.7856 0.799999
      vertex -44.9055 -30.9911 2.4
      vertex -44.9043 -30.9905 2.4
    endloop
  endfacet
  facet normal -0.334164 0.677349 0.655388
    outer loop
      vertex -44.9055 -30.9911 2.4
      vertex -45.6 -29.7856 0.799999
      vertex -45.7877 -29.8782 0.799999
    endloop
  endfacet
  facet normal -0.147228 -0.74083 0.655359
    outer loop
      vertex -45.9859 -26.8545 0.799999
      vertex -45.6271 -25.5104 2.4
      vertex -46.1912 -26.8137 0.799999
    endloop
  endfacet
  facet normal -0.115037 -0.747743 0.653947
    outer loop
      vertex -45.6271 -25.5104 2.4
      vertex -45.9859 -26.8545 0.799999
      vertex -45.6258 -25.5106 2.4
    endloop
  endfacet
  facet normal -0.242849 -0.715197 0.655376
    outer loop
      vertex -45.7877 -26.9218 0.799999
      vertex -45.6258 -25.5106 2.4
      vertex -45.9859 -26.8545 0.799999
    endloop
  endfacet
  facet normal -0.238725 -0.716175 0.655822
    outer loop
      vertex -45.6258 -25.5106 2.4
      vertex -45.7877 -26.9218 0.799999
      vertex -45.6246 -25.511 2.4
    endloop
  endfacet
  facet normal 0.242852 0.715194 0.655378
    outer loop
      vertex -47.1754 -31.289 2.4
      vertex -47.0123 -29.8782 0.799999
      vertex -47.5447 -31.1636 2.4
    endloop
  endfacet
  facet normal 0.590801 -0.472641 0.653884
    outer loop
      vertex -48.516 -26.2858 2.4
      vertex -47.5314 -27.2686 0.799999
      vertex -48.5152 -26.2848 2.4
    endloop
  endfacet
  facet normal 0.567943 -0.497942 0.655358
    outer loop
      vertex -47.5314 -27.2686 0.799999
      vertex -48.516 -26.2858 2.4
      vertex -47.6694 -27.426 0.799999
    endloop
  endfacet
  facet normal -0.74083 0.147228 0.655359
    outer loop
      vertex -44.8545 -28.8141 0.799999
      vertex -43.5104 -29.1729 2.4
      vertex -44.8137 -28.6088 0.799999
    endloop
  endfacet
  facet normal -0.747743 0.115037 0.653947
    outer loop
      vertex -43.5104 -29.1729 2.4
      vertex -44.8545 -28.8141 0.799999
      vertex -43.5106 -29.1742 2.4
    endloop
  endfacet
  facet normal -0.619203 0.433442 0.654764
    outer loop
      vertex -45.0144 -29.2 0.799999
      vertex -43.8102 -29.8967 2.4
      vertex -43.8095 -29.8957 2.4
    endloop
  endfacet
  facet normal -0.628112 0.419463 0.655382
    outer loop
      vertex -43.8102 -29.8967 2.4
      vertex -45.0144 -29.2 0.799999
      vertex -45.1306 -29.374 0.799999
    endloop
  endfacet
  facet normal -0.419502 -0.628091 0.655378
    outer loop
      vertex -44.579 -26.0268 2.4
      vertex -44.9033 -25.8102 2.4
      vertex -45.426 -27.1306 0.799999
    endloop
  endfacet
  facet normal -0.675459 -0.337729 0.655511
    outer loop
      vertex -45.0144 -27.6 0.799999
      vertex -43.8089 -26.9055 2.4
      vertex -43.8095 -26.9043 2.4
    endloop
  endfacet
  facet normal -0.677349 -0.334164 0.655388
    outer loop
      vertex -43.8089 -26.9055 2.4
      vertex -45.0144 -27.6 0.799999
      vertex -44.9218 -27.7877 0.799999
    endloop
  endfacet
  facet normal -0.715197 0.242849 0.655376
    outer loop
      vertex -44.9218 -29.0123 0.799999
      vertex -43.5106 -29.1742 2.4
      vertex -44.8545 -28.8141 0.799999
    endloop
  endfacet
  facet normal -0.716175 0.238725 0.655822
    outer loop
      vertex -43.5106 -29.1742 2.4
      vertex -44.9218 -29.0123 0.799999
      vertex -43.511 -29.1754 2.4
    endloop
  endfacet
  facet normal -0.716175 -0.238725 0.655822
    outer loop
      vertex -44.9218 -27.7877 0.799999
      vertex -43.5106 -27.6258 2.4
      vertex -43.511 -27.6246 2.4
    endloop
  endfacet
  facet normal -0.715197 -0.242849 0.655376
    outer loop
      vertex -43.5106 -27.6258 2.4
      vertex -44.9218 -27.7877 0.799999
      vertex -44.8545 -27.9859 0.799999
    endloop
  endfacet
  facet normal -0.747743 -0.115037 0.653947
    outer loop
      vertex -44.8545 -27.9859 0.799999
      vertex -43.5104 -27.6271 2.4
      vertex -43.5106 -27.6258 2.4
    endloop
  endfacet
  facet normal -0.74083 -0.147228 0.655359
    outer loop
      vertex -43.5104 -27.6271 2.4
      vertex -44.8545 -27.9859 0.799999
      vertex -44.8137 -28.1912 0.799999
    endloop
  endfacet
  facet normal 0.74083 0.147228 0.655359
    outer loop
      vertex -49.2896 -29.1729 2.4
      vertex -47.9455 -28.8141 0.799999
      vertex -47.9863 -28.6088 0.799999
    endloop
  endfacet
  facet normal 0.747743 0.115037 0.653947
    outer loop
      vertex -47.9455 -28.8141 0.799999
      vertex -49.2896 -29.1729 2.4
      vertex -49.2894 -29.1742 2.4
    endloop
  endfacet
  facet normal 0.628112 0.419463 0.655382
    outer loop
      vertex -47.7856 -29.2 0.799999
      vertex -48.9898 -29.8967 2.4
      vertex -47.6694 -29.374 0.799999
    endloop
  endfacet
  facet normal 0.619203 0.433442 0.654764
    outer loop
      vertex -48.9898 -29.8967 2.4
      vertex -47.7856 -29.2 0.799999
      vertex -48.9905 -29.8957 2.4
    endloop
  endfacet
  facet normal -0.334164 -0.677349 0.655388
    outer loop
      vertex -45.6 -27.0144 0.799999
      vertex -44.9055 -25.8089 2.4
      vertex -45.7877 -26.9218 0.799999
    endloop
  endfacet
  facet normal -0.337729 -0.675459 0.655511
    outer loop
      vertex -44.9055 -25.8089 2.4
      vertex -45.6 -27.0144 0.799999
      vertex -44.9043 -25.8095 2.4
    endloop
  endfacet
  facet normal 0.715197 0.242849 0.655376
    outer loop
      vertex -49.2894 -29.1742 2.4
      vertex -47.8782 -29.0123 0.799999
      vertex -47.9455 -28.8141 0.799999
    endloop
  endfacet
  facet normal 0.716175 0.238725 0.655822
    outer loop
      vertex -47.8782 -29.0123 0.799999
      vertex -49.2894 -29.1742 2.4
      vertex -49.289 -29.1754 2.4
    endloop
  endfacet
  facet normal 0.628091 0.419502 0.655378
    outer loop
      vertex -48.7732 -30.221 2.4
      vertex -47.6694 -29.374 0.799999
      vertex -48.9898 -29.8967 2.4
    endloop
  endfacet
  facet normal 0.147382 -0.740784 0.655376
    outer loop
      vertex -46.6088 -26.8137 0.799999
      vertex -46.7904 -25.4343 2.4
      vertex -47.1729 -25.5104 2.4
    endloop
  endfacet
  facet normal 0.0493934 -0.753685 0.655377
    outer loop
      vertex -46.6088 -26.8137 0.799999
      vertex -46.4013 -25.4088 2.4
      vertex -46.7904 -25.4343 2.4
    endloop
  endfacet
  facet normal 0.498081 0.567797 0.65538
    outer loop
      vertex -48.221 -30.7732 2.4
      vertex -47.374 -29.6694 0.799999
      vertex -48.5142 -30.516 2.4
    endloop
  endfacet
  facet normal 0.747743 -0.115037 0.653947
    outer loop
      vertex -49.2896 -27.6271 2.4
      vertex -47.9455 -27.9859 0.799999
      vertex -49.2894 -27.6258 2.4
    endloop
  endfacet
  facet normal 0.74083 -0.147228 0.655359
    outer loop
      vertex -47.9455 -27.9859 0.799999
      vertex -49.2896 -27.6271 2.4
      vertex -47.9863 -28.1912 0.799999
    endloop
  endfacet
  facet normal 0.716175 -0.238725 0.655822
    outer loop
      vertex -49.2894 -27.6258 2.4
      vertex -47.8782 -27.7877 0.799999
      vertex -49.289 -27.6246 2.4
    endloop
  endfacet
  facet normal 0.715197 -0.242849 0.655376
    outer loop
      vertex -47.8782 -27.7877 0.799999
      vertex -49.2894 -27.6258 2.4
      vertex -47.9455 -27.9859 0.799999
    endloop
  endfacet
  facet normal 0.677413 0.334059 0.655375
    outer loop
      vertex -48.9911 -29.8945 2.4
      vertex -47.8782 -29.0123 0.799999
      vertex -49.1636 -29.5447 2.4
    endloop
  endfacet
  facet normal 0.715194 0.242852 0.655378
    outer loop
      vertex -49.1636 -29.5447 2.4
      vertex -47.8782 -29.0123 0.799999
      vertex -49.289 -29.1754 2.4
    endloop
  endfacet
  facet normal 0.334059 -0.677413 0.655375
    outer loop
      vertex -47.0123 -26.9218 0.799999
      vertex -47.5447 -25.6364 2.4
      vertex -47.8945 -25.8089 2.4
    endloop
  endfacet
  facet normal 0.753339 0.0579491 0.655075
    outer loop
      vertex -49.3912 -28.4013 2.4
      vertex -48 -28.4 0.799999
      vertex -49.3913 -28.4 2.4
    endloop
  endfacet
  facet normal 0.753687 0.0494517 0.655371
    outer loop
      vertex -48 -28.4 0.799999
      vertex -49.3912 -28.4013 2.4
      vertex -47.9863 -28.6088 0.799999
    endloop
  endfacet
  facet normal 0.242852 -0.715194 0.655378
    outer loop
      vertex -47.0123 -26.9218 0.799999
      vertex -47.1754 -25.511 2.4
      vertex -47.5447 -25.6364 2.4
    endloop
  endfacet
  facet normal -0.147382 0.740784 0.655376
    outer loop
      vertex -46.0096 -31.3657 2.4
      vertex -45.6271 -31.2896 2.4
      vertex -46.1912 -29.9863 0.799999
    endloop
  endfacet
  facet normal -0.0494517 0.753687 0.655371
    outer loop
      vertex -46.4 -30 0.799999
      vertex -46.3987 -31.3912 2.4
      vertex -46.1912 -29.9863 0.799999
    endloop
  endfacet
  facet normal -0.0579491 0.753339 0.655075
    outer loop
      vertex -46.3987 -31.3912 2.4
      vertex -46.4 -30 0.799999
      vertex -46.4 -31.3913 2.4
    endloop
  endfacet
  facet normal -0.0493934 0.753685 0.655377
    outer loop
      vertex -46.0096 -31.3657 2.4
      vertex -46.1912 -29.9863 0.799999
      vertex -46.3987 -31.3912 2.4
    endloop
  endfacet
  facet normal -0.433442 -0.619203 0.654764
    outer loop
      vertex -45.6 -27.0144 0.799999
      vertex -44.9033 -25.8102 2.4
      vertex -44.9043 -25.8095 2.4
    endloop
  endfacet
  facet normal -0.419463 -0.628112 0.655382
    outer loop
      vertex -44.9033 -25.8102 2.4
      vertex -45.6 -27.0144 0.799999
      vertex -45.426 -27.1306 0.799999
    endloop
  endfacet
  facet normal 0.498081 -0.567797 0.65538
    outer loop
      vertex -47.374 -27.1306 0.799999
      vertex -48.221 -26.0268 2.4
      vertex -48.5142 -26.284 2.4
    endloop
  endfacet
  facet normal 0.238725 -0.716175 0.655822
    outer loop
      vertex -47.0123 -26.9218 0.799999
      vertex -47.1742 -25.5106 2.4
      vertex -47.1754 -25.511 2.4
    endloop
  endfacet
  facet normal 0.242849 -0.715197 0.655376
    outer loop
      vertex -47.1742 -25.5106 2.4
      vertex -47.0123 -26.9218 0.799999
      vertex -46.8141 -26.8545 0.799999
    endloop
  endfacet
  facet normal 0.334059 0.677413 0.655375
    outer loop
      vertex -47.5447 -31.1636 2.4
      vertex -47.0123 -29.8782 0.799999
      vertex -47.8945 -30.9911 2.4
    endloop
  endfacet
  facet normal 0.0579491 0.753339 0.655075
    outer loop
      vertex -46.4 -30 0.799999
      vertex -46.4013 -31.3912 2.4
      vertex -46.4 -31.3913 2.4
    endloop
  endfacet
  facet normal 0.0494517 0.753687 0.655371
    outer loop
      vertex -46.4013 -31.3912 2.4
      vertex -46.4 -30 0.799999
      vertex -46.6088 -29.9863 0.799999
    endloop
  endfacet
  facet normal 0.0493934 0.753685 0.655377
    outer loop
      vertex -46.4013 -31.3912 2.4
      vertex -46.6088 -29.9863 0.799999
      vertex -46.7904 -31.3657 2.4
    endloop
  endfacet
  facet normal -0.238725 0.716175 0.655822
    outer loop
      vertex -45.7877 -29.8782 0.799999
      vertex -45.6258 -31.2894 2.4
      vertex -45.6246 -31.289 2.4
    endloop
  endfacet
  facet normal -0.242849 0.715197 0.655376
    outer loop
      vertex -45.6258 -31.2894 2.4
      vertex -45.7877 -29.8782 0.799999
      vertex -45.9859 -29.9455 0.799999
    endloop
  endfacet
  facet normal -0.115037 0.747743 0.653947
    outer loop
      vertex -45.9859 -29.9455 0.799999
      vertex -45.6271 -31.2896 2.4
      vertex -45.6258 -31.2894 2.4
    endloop
  endfacet
  facet normal -0.147228 0.74083 0.655359
    outer loop
      vertex -45.6271 -31.2896 2.4
      vertex -45.9859 -29.9455 0.799999
      vertex -46.1912 -29.9863 0.799999
    endloop
  endfacet
  facet normal 0.147228 0.74083 0.655359
    outer loop
      vertex -46.8141 -29.9455 0.799999
      vertex -47.1729 -31.2896 2.4
      vertex -46.6088 -29.9863 0.799999
    endloop
  endfacet
  facet normal 0.115037 0.747743 0.653947
    outer loop
      vertex -47.1729 -31.2896 2.4
      vertex -46.8141 -29.9455 0.799999
      vertex -47.1742 -31.2894 2.4
    endloop
  endfacet
  facet normal 0.831609 -0.555362 0
    outer loop
      vertex -47.7856 29.2 0.799999
      vertex -47.6694 29.374 0
      vertex -47.6694 29.374 0.799999
    endloop
  endfacet
  facet normal 0.831609 -0.555362 0
    outer loop
      vertex -47.6694 29.374 0
      vertex -47.7856 29.2 0.799999
      vertex -47.7856 29.2 0
    endloop
  endfacet
  facet normal -0.896803 0.442429 0
    outer loop
      vertex -45.0144 27.6 0
      vertex -44.9218 27.7877 0.799999
      vertex -44.9218 27.7877 0
    endloop
  endfacet
  facet normal -0.896803 0.442429 0
    outer loop
      vertex -44.9218 27.7877 0.799999
      vertex -45.0144 27.6 0
      vertex -45.0144 27.6 0.799999
    endloop
  endfacet
  facet normal 0.442429 0.896803 -0
    outer loop
      vertex -47.0123 26.9218 0
      vertex -47.2 27.0144 0.799999
      vertex -47.0123 26.9218 0.799999
    endloop
  endfacet
  facet normal 0.442429 0.896803 0
    outer loop
      vertex -47.2 27.0144 0.799999
      vertex -47.0123 26.9218 0
      vertex -47.2 27.0144 0
    endloop
  endfacet
  facet normal -0.194922 0.980819 0
    outer loop
      vertex -45.9859 26.8545 0
      vertex -46.1912 26.8137 0.799999
      vertex -45.9859 26.8545 0.799999
    endloop
  endfacet
  facet normal -0.194922 0.980819 0
    outer loop
      vertex -46.1912 26.8137 0.799999
      vertex -45.9859 26.8545 0
      vertex -46.1912 26.8137 0
    endloop
  endfacet
  facet normal -0.831609 -0.555362 0
    outer loop
      vertex -45.0144 29.2 0
      vertex -45.1306 29.374 0.799999
      vertex -45.1306 29.374 0
    endloop
  endfacet
  facet normal -0.831609 -0.555362 0
    outer loop
      vertex -45.1306 29.374 0.799999
      vertex -45.0144 29.2 0
      vertex -45.0144 29.2 0.799999
    endloop
  endfacet
  facet normal 0.555362 0.831609 -0
    outer loop
      vertex -47.2 27.0144 0
      vertex -47.374 27.1306 0.799999
      vertex -47.2 27.0144 0.799999
    endloop
  endfacet
  facet normal 0.555362 0.831609 0
    outer loop
      vertex -47.374 27.1306 0.799999
      vertex -47.2 27.0144 0
      vertex -47.374 27.1306 0
    endloop
  endfacet
  facet normal -0.555362 0.831609 0
    outer loop
      vertex -45.426 27.1306 0
      vertex -45.6 27.0144 0.799999
      vertex -45.426 27.1306 0.799999
    endloop
  endfacet
  facet normal -0.555362 0.831609 0
    outer loop
      vertex -45.6 27.0144 0.799999
      vertex -45.426 27.1306 0
      vertex -45.6 27.0144 0
    endloop
  endfacet
  facet normal 0.896803 -0.442429 0
    outer loop
      vertex -47.8782 29.0123 0.799999
      vertex -47.7856 29.2 0
      vertex -47.7856 29.2 0.799999
    endloop
  endfacet
  facet normal 0.896803 -0.442429 0
    outer loop
      vertex -47.7856 29.2 0
      vertex -47.8782 29.0123 0.799999
      vertex -47.8782 29.0123 0
    endloop
  endfacet
  facet normal -0.896803 -0.442429 0
    outer loop
      vertex -44.9218 29.0123 0
      vertex -45.0144 29.2 0.799999
      vertex -45.0144 29.2 0
    endloop
  endfacet
  facet normal -0.896803 -0.442429 0
    outer loop
      vertex -45.0144 29.2 0.799999
      vertex -44.9218 29.0123 0
      vertex -44.9218 29.0123 0.799999
    endloop
  endfacet
  facet normal 0.659248 0.751925 -0
    outer loop
      vertex -47.374 27.1306 0
      vertex -47.5314 27.2686 0.799999
      vertex -47.374 27.1306 0.799999
    endloop
  endfacet
  facet normal 0.659248 0.751925 0
    outer loop
      vertex -47.5314 27.2686 0.799999
      vertex -47.374 27.1306 0
      vertex -47.5314 27.2686 0
    endloop
  endfacet
  facet normal -0.751925 -0.659248 0
    outer loop
      vertex -45.1306 29.374 0
      vertex -45.2686 29.5314 0.799999
      vertex -45.2686 29.5314 0
    endloop
  endfacet
  facet normal -0.751925 -0.659248 0
    outer loop
      vertex -45.2686 29.5314 0.799999
      vertex -45.1306 29.374 0
      vertex -45.1306 29.374 0.799999
    endloop
  endfacet
  facet normal 0.321526 0.946901 -0
    outer loop
      vertex -46.8141 26.8545 0
      vertex -47.0123 26.9218 0.799999
      vertex -46.8141 26.8545 0.799999
    endloop
  endfacet
  facet normal 0.321526 0.946901 0
    outer loop
      vertex -47.0123 26.9218 0.799999
      vertex -46.8141 26.8545 0
      vertex -47.0123 26.9218 0
    endloop
  endfacet
  facet normal 0.980819 -0.194922 0
    outer loop
      vertex -47.9863 28.6088 0.799999
      vertex -47.9455 28.8141 0
      vertex -47.9455 28.8141 0.799999
    endloop
  endfacet
  facet normal 0.980819 -0.194922 0
    outer loop
      vertex -47.9455 28.8141 0
      vertex -47.9863 28.6088 0.799999
      vertex -47.9863 28.6088 0
    endloop
  endfacet
  facet normal -0.751925 0.659248 0
    outer loop
      vertex -45.2686 27.2686 0
      vertex -45.1306 27.426 0.799999
      vertex -45.1306 27.426 0
    endloop
  endfacet
  facet normal -0.751925 0.659248 0
    outer loop
      vertex -45.1306 27.426 0.799999
      vertex -45.2686 27.2686 0
      vertex -45.2686 27.2686 0.799999
    endloop
  endfacet
  facet normal 0.194922 -0.980819 0
    outer loop
      vertex -46.8141 29.9455 0
      vertex -46.6088 29.9863 0.799999
      vertex -46.8141 29.9455 0.799999
    endloop
  endfacet
  facet normal 0.194922 -0.980819 0
    outer loop
      vertex -46.6088 29.9863 0.799999
      vertex -46.8141 29.9455 0
      vertex -46.6088 29.9863 0
    endloop
  endfacet
  facet normal 0.997854 -0.0654722 0
    outer loop
      vertex -48 28.4 0.799999
      vertex -47.9863 28.6088 0
      vertex -47.9863 28.6088 0.799999
    endloop
  endfacet
  facet normal 0.997854 -0.0654722 0
    outer loop
      vertex -47.9863 28.6088 0
      vertex -48 28.4 0.799999
      vertex -48 28.4 0
    endloop
  endfacet
  facet normal 0.659248 -0.751925 0
    outer loop
      vertex -47.5314 29.5314 0
      vertex -47.374 29.6694 0.799999
      vertex -47.5314 29.5314 0.799999
    endloop
  endfacet
  facet normal 0.659248 -0.751925 0
    outer loop
      vertex -47.374 29.6694 0.799999
      vertex -47.5314 29.5314 0
      vertex -47.374 29.6694 0
    endloop
  endfacet
  facet normal 0.555362 -0.831609 0
    outer loop
      vertex -47.374 29.6694 0
      vertex -47.2 29.7856 0.799999
      vertex -47.374 29.6694 0.799999
    endloop
  endfacet
  facet normal 0.555362 -0.831609 0
    outer loop
      vertex -47.2 29.7856 0.799999
      vertex -47.374 29.6694 0
      vertex -47.2 29.7856 0
    endloop
  endfacet
  facet normal 0.751925 -0.659248 0
    outer loop
      vertex -47.6694 29.374 0.799999
      vertex -47.5314 29.5314 0
      vertex -47.5314 29.5314 0.799999
    endloop
  endfacet
  facet normal 0.751925 -0.659248 0
    outer loop
      vertex -47.5314 29.5314 0
      vertex -47.6694 29.374 0.799999
      vertex -47.6694 29.374 0
    endloop
  endfacet
  facet normal -0.997854 0.0654722 0
    outer loop
      vertex -44.8137 28.1912 0
      vertex -44.8 28.4 0.799999
      vertex -44.8 28.4 0
    endloop
  endfacet
  facet normal -0.997854 0.0654722 0
    outer loop
      vertex -44.8 28.4 0.799999
      vertex -44.8137 28.1912 0
      vertex -44.8137 28.1912 0.799999
    endloop
  endfacet
  facet normal -0.980819 -0.194922 0
    outer loop
      vertex -44.8137 28.6088 0
      vertex -44.8545 28.8141 0.799999
      vertex -44.8545 28.8141 0
    endloop
  endfacet
  facet normal -0.980819 -0.194922 0
    outer loop
      vertex -44.8545 28.8141 0.799999
      vertex -44.8137 28.6088 0
      vertex -44.8137 28.6088 0.799999
    endloop
  endfacet
  facet normal -0.0654722 -0.997854 0
    outer loop
      vertex -46.4 30 0
      vertex -46.1912 29.9863 0.799999
      vertex -46.4 30 0.799999
    endloop
  endfacet
  facet normal -0.0654722 -0.997854 -0
    outer loop
      vertex -46.1912 29.9863 0.799999
      vertex -46.4 30 0
      vertex -46.1912 29.9863 0
    endloop
  endfacet
  facet normal 0.0654722 -0.997854 0
    outer loop
      vertex -46.6088 29.9863 0
      vertex -46.4 30 0.799999
      vertex -46.6088 29.9863 0.799999
    endloop
  endfacet
  facet normal 0.0654722 -0.997854 0
    outer loop
      vertex -46.4 30 0.799999
      vertex -46.6088 29.9863 0
      vertex -46.4 30 0
    endloop
  endfacet
  facet normal -0.442429 0.896803 0
    outer loop
      vertex -45.6 27.0144 0
      vertex -45.7877 26.9218 0.799999
      vertex -45.6 27.0144 0.799999
    endloop
  endfacet
  facet normal -0.442429 0.896803 0
    outer loop
      vertex -45.7877 26.9218 0.799999
      vertex -45.6 27.0144 0
      vertex -45.7877 26.9218 0
    endloop
  endfacet
  facet normal -0.997854 -0.0654722 0
    outer loop
      vertex -44.8 28.4 0
      vertex -44.8137 28.6088 0.799999
      vertex -44.8137 28.6088 0
    endloop
  endfacet
  facet normal -0.997854 -0.0654722 0
    outer loop
      vertex -44.8137 28.6088 0.799999
      vertex -44.8 28.4 0
      vertex -44.8 28.4 0.799999
    endloop
  endfacet
  facet normal 0.896803 0.442429 0
    outer loop
      vertex -47.7856 27.6 0.799999
      vertex -47.8782 27.7877 0
      vertex -47.8782 27.7877 0.799999
    endloop
  endfacet
  facet normal 0.896803 0.442429 0
    outer loop
      vertex -47.8782 27.7877 0
      vertex -47.7856 27.6 0.799999
      vertex -47.7856 27.6 0
    endloop
  endfacet
  facet normal 0.321526 -0.946901 0
    outer loop
      vertex -47.0123 29.8782 0
      vertex -46.8141 29.9455 0.799999
      vertex -47.0123 29.8782 0.799999
    endloop
  endfacet
  facet normal 0.321526 -0.946901 0
    outer loop
      vertex -46.8141 29.9455 0.799999
      vertex -47.0123 29.8782 0
      vertex -46.8141 29.9455 0
    endloop
  endfacet
  facet normal -0.555362 -0.831609 0
    outer loop
      vertex -45.6 29.7856 0
      vertex -45.426 29.6694 0.799999
      vertex -45.6 29.7856 0.799999
    endloop
  endfacet
  facet normal -0.555362 -0.831609 -0
    outer loop
      vertex -45.426 29.6694 0.799999
      vertex -45.6 29.7856 0
      vertex -45.426 29.6694 0
    endloop
  endfacet
  facet normal 0.0654722 0.997854 -0
    outer loop
      vertex -46.4 26.8 0
      vertex -46.6088 26.8137 0.799999
      vertex -46.4 26.8 0.799999
    endloop
  endfacet
  facet normal 0.0654722 0.997854 0
    outer loop
      vertex -46.6088 26.8137 0.799999
      vertex -46.4 26.8 0
      vertex -46.6088 26.8137 0
    endloop
  endfacet
  facet normal 0.194922 0.980819 -0
    outer loop
      vertex -46.6088 26.8137 0
      vertex -46.8141 26.8545 0.799999
      vertex -46.6088 26.8137 0.799999
    endloop
  endfacet
  facet normal 0.194922 0.980819 0
    outer loop
      vertex -46.8141 26.8545 0.799999
      vertex -46.6088 26.8137 0
      vertex -46.8141 26.8545 0
    endloop
  endfacet
  facet normal -0.946901 0.321526 0
    outer loop
      vertex -44.9218 27.7877 0
      vertex -44.8545 27.9859 0.799999
      vertex -44.8545 27.9859 0
    endloop
  endfacet
  facet normal -0.946901 0.321526 0
    outer loop
      vertex -44.8545 27.9859 0.799999
      vertex -44.9218 27.7877 0
      vertex -44.9218 27.7877 0.799999
    endloop
  endfacet
  facet normal -0.946901 -0.321526 0
    outer loop
      vertex -44.8545 28.8141 0
      vertex -44.9218 29.0123 0.799999
      vertex -44.9218 29.0123 0
    endloop
  endfacet
  facet normal -0.946901 -0.321526 0
    outer loop
      vertex -44.9218 29.0123 0.799999
      vertex -44.8545 28.8141 0
      vertex -44.8545 28.8141 0.799999
    endloop
  endfacet
  facet normal -0.321526 -0.946901 0
    outer loop
      vertex -45.9859 29.9455 0
      vertex -45.7877 29.8782 0.799999
      vertex -45.9859 29.9455 0.799999
    endloop
  endfacet
  facet normal -0.321526 -0.946901 -0
    outer loop
      vertex -45.7877 29.8782 0.799999
      vertex -45.9859 29.9455 0
      vertex -45.7877 29.8782 0
    endloop
  endfacet
  facet normal 0.946901 0.321526 0
    outer loop
      vertex -47.8782 27.7877 0.799999
      vertex -47.9455 27.9859 0
      vertex -47.9455 27.9859 0.799999
    endloop
  endfacet
  facet normal 0.946901 0.321526 0
    outer loop
      vertex -47.9455 27.9859 0
      vertex -47.8782 27.7877 0.799999
      vertex -47.8782 27.7877 0
    endloop
  endfacet
  facet normal -0.0654722 0.997854 0
    outer loop
      vertex -46.1912 26.8137 0
      vertex -46.4 26.8 0.799999
      vertex -46.1912 26.8137 0.799999
    endloop
  endfacet
  facet normal -0.0654722 0.997854 0
    outer loop
      vertex -46.4 26.8 0.799999
      vertex -46.1912 26.8137 0
      vertex -46.4 26.8 0
    endloop
  endfacet
  facet normal -0.831609 0.555362 0
    outer loop
      vertex -45.1306 27.426 0
      vertex -45.0144 27.6 0.799999
      vertex -45.0144 27.6 0
    endloop
  endfacet
  facet normal -0.831609 0.555362 0
    outer loop
      vertex -45.0144 27.6 0.799999
      vertex -45.1306 27.426 0
      vertex -45.1306 27.426 0.799999
    endloop
  endfacet
  facet normal 0.442429 -0.896803 0
    outer loop
      vertex -47.2 29.7856 0
      vertex -47.0123 29.8782 0.799999
      vertex -47.2 29.7856 0.799999
    endloop
  endfacet
  facet normal 0.442429 -0.896803 0
    outer loop
      vertex -47.0123 29.8782 0.799999
      vertex -47.2 29.7856 0
      vertex -47.0123 29.8782 0
    endloop
  endfacet
  facet normal -0.980819 0.194922 0
    outer loop
      vertex -44.8545 27.9859 0
      vertex -44.8137 28.1912 0.799999
      vertex -44.8137 28.1912 0
    endloop
  endfacet
  facet normal -0.980819 0.194922 0
    outer loop
      vertex -44.8137 28.1912 0.799999
      vertex -44.8545 27.9859 0
      vertex -44.8545 27.9859 0.799999
    endloop
  endfacet
  facet normal -0.194922 -0.980819 0
    outer loop
      vertex -46.1912 29.9863 0
      vertex -45.9859 29.9455 0.799999
      vertex -46.1912 29.9863 0.799999
    endloop
  endfacet
  facet normal -0.194922 -0.980819 -0
    outer loop
      vertex -45.9859 29.9455 0.799999
      vertex -46.1912 29.9863 0
      vertex -45.9859 29.9455 0
    endloop
  endfacet
  facet normal -0.321526 0.946901 0
    outer loop
      vertex -45.7877 26.9218 0
      vertex -45.9859 26.8545 0.799999
      vertex -45.7877 26.9218 0.799999
    endloop
  endfacet
  facet normal -0.321526 0.946901 0
    outer loop
      vertex -45.9859 26.8545 0.799999
      vertex -45.7877 26.9218 0
      vertex -45.9859 26.8545 0
    endloop
  endfacet
  facet normal 0.751925 0.659248 0
    outer loop
      vertex -47.5314 27.2686 0.799999
      vertex -47.6694 27.426 0
      vertex -47.6694 27.426 0.799999
    endloop
  endfacet
  facet normal 0.751925 0.659248 0
    outer loop
      vertex -47.6694 27.426 0
      vertex -47.5314 27.2686 0.799999
      vertex -47.5314 27.2686 0
    endloop
  endfacet
  facet normal -0.442429 -0.896803 0
    outer loop
      vertex -45.7877 29.8782 0
      vertex -45.6 29.7856 0.799999
      vertex -45.7877 29.8782 0.799999
    endloop
  endfacet
  facet normal -0.442429 -0.896803 -0
    outer loop
      vertex -45.6 29.7856 0.799999
      vertex -45.7877 29.8782 0
      vertex -45.6 29.7856 0
    endloop
  endfacet
  facet normal 0.831609 0.555362 0
    outer loop
      vertex -47.6694 27.426 0.799999
      vertex -47.7856 27.6 0
      vertex -47.7856 27.6 0.799999
    endloop
  endfacet
  facet normal 0.831609 0.555362 0
    outer loop
      vertex -47.7856 27.6 0
      vertex -47.6694 27.426 0.799999
      vertex -47.6694 27.426 0
    endloop
  endfacet
  facet normal -0.659248 0.751925 0
    outer loop
      vertex -45.2686 27.2686 0
      vertex -45.426 27.1306 0.799999
      vertex -45.2686 27.2686 0.799999
    endloop
  endfacet
  facet normal -0.659248 0.751925 0
    outer loop
      vertex -45.426 27.1306 0.799999
      vertex -45.2686 27.2686 0
      vertex -45.426 27.1306 0
    endloop
  endfacet
  facet normal -0.659248 -0.751925 0
    outer loop
      vertex -45.426 29.6694 0
      vertex -45.2686 29.5314 0.799999
      vertex -45.426 29.6694 0.799999
    endloop
  endfacet
  facet normal -0.659248 -0.751925 -0
    outer loop
      vertex -45.2686 29.5314 0.799999
      vertex -45.426 29.6694 0
      vertex -45.2686 29.5314 0
    endloop
  endfacet
  facet normal 0.980819 0.194922 0
    outer loop
      vertex -47.9455 27.9859 0.799999
      vertex -47.9863 28.1912 0
      vertex -47.9863 28.1912 0.799999
    endloop
  endfacet
  facet normal 0.980819 0.194922 0
    outer loop
      vertex -47.9863 28.1912 0
      vertex -47.9455 27.9859 0.799999
      vertex -47.9455 27.9859 0
    endloop
  endfacet
  facet normal 0.997854 0.0654722 0
    outer loop
      vertex -47.9863 28.1912 0.799999
      vertex -48 28.4 0
      vertex -48 28.4 0.799999
    endloop
  endfacet
  facet normal 0.997854 0.0654722 0
    outer loop
      vertex -48 28.4 0
      vertex -47.9863 28.1912 0.799999
      vertex -47.9863 28.1912 0
    endloop
  endfacet
  facet normal 0.946901 -0.321526 0
    outer loop
      vertex -47.9455 28.8141 0.799999
      vertex -47.8782 29.0123 0
      vertex -47.8782 29.0123 0.799999
    endloop
  endfacet
  facet normal 0.946901 -0.321526 0
    outer loop
      vertex -47.8782 29.0123 0
      vertex -47.9455 28.8141 0.799999
      vertex -47.9455 28.8141 0
    endloop
  endfacet
  facet normal -0.753687 -0.0494517 0.655371
    outer loop
      vertex -44.8 28.4 0.799999
      vertex -43.4088 28.4013 2.4
      vertex -44.8137 28.6088 0.799999
    endloop
  endfacet
  facet normal -0.753339 -0.0579491 0.655075
    outer loop
      vertex -43.4088 28.4013 2.4
      vertex -44.8 28.4 0.799999
      vertex -43.4087 28.4 2.4
    endloop
  endfacet
  facet normal 0.497942 0.567943 0.655358
    outer loop
      vertex -47.5314 27.2686 0.799999
      vertex -48.5142 26.284 2.4
      vertex -47.374 27.1306 0.799999
    endloop
  endfacet
  facet normal 0.472641 0.590801 0.653884
    outer loop
      vertex -48.5142 26.284 2.4
      vertex -47.5314 27.2686 0.799999
      vertex -48.5152 26.2848 2.4
    endloop
  endfacet
  facet normal -0.628091 0.419502 0.655378
    outer loop
      vertex -44.0268 26.579 2.4
      vertex -43.8102 26.9033 2.4
      vertex -45.1306 27.426 0.799999
    endloop
  endfacet
  facet normal 0.677349 0.334164 0.655388
    outer loop
      vertex -48.9911 26.9055 2.4
      vertex -47.7856 27.6 0.799999
      vertex -47.8782 27.7877 0.799999
    endloop
  endfacet
  facet normal 0.675459 0.337729 0.655511
    outer loop
      vertex -47.7856 27.6 0.799999
      vertex -48.9911 26.9055 2.4
      vertex -48.9905 26.9043 2.4
    endloop
  endfacet
  facet normal 0.753339 -0.0579491 0.655075
    outer loop
      vertex -48 28.4 0.799999
      vertex -49.3912 28.4013 2.4
      vertex -49.3913 28.4 2.4
    endloop
  endfacet
  facet normal 0.753687 -0.0494517 0.655371
    outer loop
      vertex -49.3912 28.4013 2.4
      vertex -48 28.4 0.799999
      vertex -47.9863 28.6088 0.799999
    endloop
  endfacet
  facet normal 0.567797 -0.498081 0.65538
    outer loop
      vertex -47.6694 29.374 0.799999
      vertex -48.516 30.5142 2.4
      vertex -48.7732 30.221 2.4
    endloop
  endfacet
  facet normal 0.567943 0.497942 0.655358
    outer loop
      vertex -48.516 26.2858 2.4
      vertex -47.5314 27.2686 0.799999
      vertex -47.6694 27.426 0.799999
    endloop
  endfacet
  facet normal 0.590801 0.472641 0.653884
    outer loop
      vertex -47.5314 27.2686 0.799999
      vertex -48.516 26.2858 2.4
      vertex -48.5152 26.2848 2.4
    endloop
  endfacet
  facet normal 0.115037 -0.747743 0.653947
    outer loop
      vertex -46.8141 29.9455 0.799999
      vertex -47.1729 31.2896 2.4
      vertex -47.1742 31.2894 2.4
    endloop
  endfacet
  facet normal 0.147228 -0.74083 0.655359
    outer loop
      vertex -47.1729 31.2896 2.4
      vertex -46.8141 29.9455 0.799999
      vertex -46.6088 29.9863 0.799999
    endloop
  endfacet
  facet normal 0.567797 0.498081 0.65538
    outer loop
      vertex -48.516 26.2858 2.4
      vertex -47.6694 27.426 0.799999
      vertex -48.7732 26.579 2.4
    endloop
  endfacet
  facet normal 0.677413 -0.334059 0.655375
    outer loop
      vertex -47.8782 29.0123 0.799999
      vertex -48.9911 29.8945 2.4
      vertex -49.1636 29.5447 2.4
    endloop
  endfacet
  facet normal -0.472641 -0.590801 0.653884
    outer loop
      vertex -44.2858 30.516 2.4
      vertex -45.2686 29.5314 0.799999
      vertex -44.2848 30.5152 2.4
    endloop
  endfacet
  facet normal -0.497942 -0.567943 0.655358
    outer loop
      vertex -45.2686 29.5314 0.799999
      vertex -44.2858 30.516 2.4
      vertex -45.426 29.6694 0.799999
    endloop
  endfacet
  facet normal 0.147382 0.740784 0.655376
    outer loop
      vertex -46.7904 25.4343 2.4
      vertex -46.6088 26.8137 0.799999
      vertex -47.1729 25.5104 2.4
    endloop
  endfacet
  facet normal -0.498081 -0.567797 0.65538
    outer loop
      vertex -44.2858 30.516 2.4
      vertex -44.579 30.7732 2.4
      vertex -45.426 29.6694 0.799999
    endloop
  endfacet
  facet normal 0.337729 -0.675459 0.655511
    outer loop
      vertex -47.2 29.7856 0.799999
      vertex -47.8945 30.9911 2.4
      vertex -47.8957 30.9905 2.4
    endloop
  endfacet
  facet normal 0.334164 -0.677349 0.655388
    outer loop
      vertex -47.8945 30.9911 2.4
      vertex -47.2 29.7856 0.799999
      vertex -47.0123 29.8782 0.799999
    endloop
  endfacet
  facet normal 0.715194 -0.242852 0.655378
    outer loop
      vertex -47.8782 29.0123 0.799999
      vertex -49.1636 29.5447 2.4
      vertex -49.289 29.1754 2.4
    endloop
  endfacet
  facet normal -0.677349 0.334164 0.655388
    outer loop
      vertex -45.0144 27.6 0.799999
      vertex -43.8089 26.9055 2.4
      vertex -44.9218 27.7877 0.799999
    endloop
  endfacet
  facet normal -0.675459 0.337729 0.655511
    outer loop
      vertex -43.8089 26.9055 2.4
      vertex -45.0144 27.6 0.799999
      vertex -43.8095 26.9043 2.4
    endloop
  endfacet
  facet normal -0.677413 0.334059 0.655375
    outer loop
      vertex -43.8089 26.9055 2.4
      vertex -43.6364 27.2553 2.4
      vertex -44.9218 27.7877 0.799999
    endloop
  endfacet
  facet normal -0.472641 0.590801 0.653884
    outer loop
      vertex -45.2686 27.2686 0.799999
      vertex -44.2858 26.284 2.4
      vertex -44.2848 26.2848 2.4
    endloop
  endfacet
  facet normal -0.497942 0.567943 0.655358
    outer loop
      vertex -44.2858 26.284 2.4
      vertex -45.2686 27.2686 0.799999
      vertex -45.426 27.1306 0.799999
    endloop
  endfacet
  facet normal 0.628112 -0.419463 0.655382
    outer loop
      vertex -48.9898 29.8967 2.4
      vertex -47.7856 29.2 0.799999
      vertex -47.6694 29.374 0.799999
    endloop
  endfacet
  facet normal 0.619203 -0.433442 0.654764
    outer loop
      vertex -47.7856 29.2 0.799999
      vertex -48.9898 29.8967 2.4
      vertex -48.9905 29.8957 2.4
    endloop
  endfacet
  facet normal -0.740784 0.147382 0.655376
    outer loop
      vertex -43.5104 27.6271 2.4
      vertex -43.4343 28.0096 2.4
      vertex -44.8137 28.1912 0.799999
    endloop
  endfacet
  facet normal -0.619203 -0.433442 0.654764
    outer loop
      vertex -43.8102 29.8967 2.4
      vertex -45.0144 29.2 0.799999
      vertex -43.8095 29.8957 2.4
    endloop
  endfacet
  facet normal -0.628112 -0.419463 0.655382
    outer loop
      vertex -45.0144 29.2 0.799999
      vertex -43.8102 29.8967 2.4
      vertex -45.1306 29.374 0.799999
    endloop
  endfacet
  facet normal -0.242852 0.715194 0.655378
    outer loop
      vertex -45.6246 25.511 2.4
      vertex -45.2553 25.6364 2.4
      vertex -45.7877 26.9218 0.799999
    endloop
  endfacet
  facet normal 0.740784 -0.147382 0.655376
    outer loop
      vertex -47.9863 28.6088 0.799999
      vertex -49.2896 29.1729 2.4
      vertex -49.3657 28.7904 2.4
    endloop
  endfacet
  facet normal -0.677413 -0.334059 0.655375
    outer loop
      vertex -43.6364 29.5447 2.4
      vertex -43.8089 29.8945 2.4
      vertex -44.9218 29.0123 0.799999
    endloop
  endfacet
  facet normal 0.334164 0.677349 0.655388
    outer loop
      vertex -47.2 27.0144 0.799999
      vertex -47.8945 25.8089 2.4
      vertex -47.0123 26.9218 0.799999
    endloop
  endfacet
  facet normal 0.337729 0.675459 0.655511
    outer loop
      vertex -47.8945 25.8089 2.4
      vertex -47.2 27.0144 0.799999
      vertex -47.8957 25.8095 2.4
    endloop
  endfacet
  facet normal -0.740784 -0.147382 0.655376
    outer loop
      vertex -43.4343 28.7904 2.4
      vertex -43.5104 29.1729 2.4
      vertex -44.8137 28.6088 0.799999
    endloop
  endfacet
  facet normal -0.715194 0.242852 0.655378
    outer loop
      vertex -43.6364 27.2553 2.4
      vertex -43.511 27.6246 2.4
      vertex -44.9218 27.7877 0.799999
    endloop
  endfacet
  facet normal 0.753685 -0.0493934 0.655377
    outer loop
      vertex -47.9863 28.6088 0.799999
      vertex -49.3657 28.7904 2.4
      vertex -49.3912 28.4013 2.4
    endloop
  endfacet
  facet normal 0.242849 0.715197 0.655376
    outer loop
      vertex -47.0123 26.9218 0.799999
      vertex -47.1742 25.5106 2.4
      vertex -46.8141 26.8545 0.799999
    endloop
  endfacet
  facet normal 0.238725 0.716175 0.655822
    outer loop
      vertex -47.1742 25.5106 2.4
      vertex -47.0123 26.9218 0.799999
      vertex -47.1754 25.511 2.4
    endloop
  endfacet
  facet normal -0.334059 0.677413 0.655375
    outer loop
      vertex -45.2553 25.6364 2.4
      vertex -44.9055 25.8089 2.4
      vertex -45.7877 26.9218 0.799999
    endloop
  endfacet
  facet normal -0.242852 -0.715194 0.655378
    outer loop
      vertex -45.2553 31.1636 2.4
      vertex -45.6246 31.289 2.4
      vertex -45.7877 29.8782 0.799999
    endloop
  endfacet
  facet normal -0.567797 -0.498081 0.65538
    outer loop
      vertex -44.0268 30.221 2.4
      vertex -44.284 30.5142 2.4
      vertex -45.1306 29.374 0.799999
    endloop
  endfacet
  facet normal 0.419463 0.628112 0.655382
    outer loop
      vertex -47.8967 25.8102 2.4
      vertex -47.2 27.0144 0.799999
      vertex -47.374 27.1306 0.799999
    endloop
  endfacet
  facet normal 0.433442 0.619203 0.654764
    outer loop
      vertex -47.2 27.0144 0.799999
      vertex -47.8967 25.8102 2.4
      vertex -47.8957 25.8095 2.4
    endloop
  endfacet
  facet normal 0.433442 -0.619203 0.654764
    outer loop
      vertex -47.8967 30.9898 2.4
      vertex -47.2 29.7856 0.799999
      vertex -47.8957 30.9905 2.4
    endloop
  endfacet
  facet normal 0.419463 -0.628112 0.655382
    outer loop
      vertex -47.2 29.7856 0.799999
      vertex -47.8967 30.9898 2.4
      vertex -47.374 29.6694 0.799999
    endloop
  endfacet
  facet normal 0.419502 0.628091 0.655378
    outer loop
      vertex -47.8967 25.8102 2.4
      vertex -47.374 27.1306 0.799999
      vertex -48.221 26.0268 2.4
    endloop
  endfacet
  facet normal -0.567797 0.498081 0.65538
    outer loop
      vertex -44.284 26.2858 2.4
      vertex -44.0268 26.579 2.4
      vertex -45.1306 27.426 0.799999
    endloop
  endfacet
  facet normal -0.0579491 -0.753339 0.655075
    outer loop
      vertex -46.4 30 0.799999
      vertex -46.3987 31.3912 2.4
      vertex -46.4 31.3913 2.4
    endloop
  endfacet
  facet normal -0.0494517 -0.753687 0.655371
    outer loop
      vertex -46.3987 31.3912 2.4
      vertex -46.4 30 0.799999
      vertex -46.1912 29.9863 0.799999
    endloop
  endfacet
  facet normal 0.419502 -0.628091 0.655378
    outer loop
      vertex -47.374 29.6694 0.799999
      vertex -47.8967 30.9898 2.4
      vertex -48.221 30.7732 2.4
    endloop
  endfacet
  facet normal -0.628091 -0.419502 0.655378
    outer loop
      vertex -43.8102 29.8967 2.4
      vertex -44.0268 30.221 2.4
      vertex -45.1306 29.374 0.799999
    endloop
  endfacet
  facet normal -0.753339 0.0579491 0.655075
    outer loop
      vertex -44.8 28.4 0.799999
      vertex -43.4088 28.3987 2.4
      vertex -43.4087 28.4 2.4
    endloop
  endfacet
  facet normal -0.753687 0.0494517 0.655371
    outer loop
      vertex -43.4088 28.3987 2.4
      vertex -44.8 28.4 0.799999
      vertex -44.8137 28.1912 0.799999
    endloop
  endfacet
  facet normal -0.715194 -0.242852 0.655378
    outer loop
      vertex -43.511 29.1754 2.4
      vertex -43.6364 29.5447 2.4
      vertex -44.9218 29.0123 0.799999
    endloop
  endfacet
  facet normal -0.498081 0.567797 0.65538
    outer loop
      vertex -44.579 26.0268 2.4
      vertex -44.2858 26.284 2.4
      vertex -45.426 27.1306 0.799999
    endloop
  endfacet
  facet normal -0.753685 -0.0493934 0.655377
    outer loop
      vertex -43.4088 28.4013 2.4
      vertex -43.4343 28.7904 2.4
      vertex -44.8137 28.6088 0.799999
    endloop
  endfacet
  facet normal -0.753685 0.0493934 0.655377
    outer loop
      vertex -43.4343 28.0096 2.4
      vertex -43.4088 28.3987 2.4
      vertex -44.8137 28.1912 0.799999
    endloop
  endfacet
  facet normal 0.628091 -0.419502 0.655378
    outer loop
      vertex -47.6694 29.374 0.799999
      vertex -48.7732 30.221 2.4
      vertex -48.9898 29.8967 2.4
    endloop
  endfacet
  facet normal -0.147382 -0.740784 0.655376
    outer loop
      vertex -45.6271 31.2896 2.4
      vertex -46.0096 31.3657 2.4
      vertex -46.1912 29.9863 0.799999
    endloop
  endfacet
  facet normal -0.334059 -0.677413 0.655375
    outer loop
      vertex -44.9055 30.9911 2.4
      vertex -45.2553 31.1636 2.4
      vertex -45.7877 29.8782 0.799999
    endloop
  endfacet
  facet normal 0.740784 0.147382 0.655376
    outer loop
      vertex -49.2896 27.6271 2.4
      vertex -47.9863 28.1912 0.799999
      vertex -49.3657 28.0096 2.4
    endloop
  endfacet
  facet normal -0.0493934 -0.753685 0.655377
    outer loop
      vertex -46.1912 29.9863 0.799999
      vertex -46.0096 31.3657 2.4
      vertex -46.3987 31.3912 2.4
    endloop
  endfacet
  facet normal 0.0494517 -0.753687 0.655371
    outer loop
      vertex -46.4 30 0.799999
      vertex -46.4013 31.3912 2.4
      vertex -46.6088 29.9863 0.799999
    endloop
  endfacet
  facet normal 0.0579491 -0.753339 0.655075
    outer loop
      vertex -46.4013 31.3912 2.4
      vertex -46.4 30 0.799999
      vertex -46.4 31.3913 2.4
    endloop
  endfacet
  facet normal 0.675459 -0.337729 0.655511
    outer loop
      vertex -48.9911 29.8945 2.4
      vertex -47.7856 29.2 0.799999
      vertex -48.9905 29.8957 2.4
    endloop
  endfacet
  facet normal 0.677349 -0.334164 0.655388
    outer loop
      vertex -47.7856 29.2 0.799999
      vertex -48.9911 29.8945 2.4
      vertex -47.8782 29.0123 0.799999
    endloop
  endfacet
  facet normal -0.590801 -0.472641 0.653884
    outer loop
      vertex -45.2686 29.5314 0.799999
      vertex -44.284 30.5142 2.4
      vertex -44.2848 30.5152 2.4
    endloop
  endfacet
  facet normal -0.567943 -0.497942 0.655358
    outer loop
      vertex -44.284 30.5142 2.4
      vertex -45.2686 29.5314 0.799999
      vertex -45.1306 29.374 0.799999
    endloop
  endfacet
  facet normal -0.567943 0.497942 0.655358
    outer loop
      vertex -45.2686 27.2686 0.799999
      vertex -44.284 26.2858 2.4
      vertex -45.1306 27.426 0.799999
    endloop
  endfacet
  facet normal -0.590801 0.472641 0.653884
    outer loop
      vertex -44.284 26.2858 2.4
      vertex -45.2686 27.2686 0.799999
      vertex -44.2848 26.2848 2.4
    endloop
  endfacet
  facet normal 0.497942 -0.567943 0.655358
    outer loop
      vertex -48.5142 30.516 2.4
      vertex -47.5314 29.5314 0.799999
      vertex -47.374 29.6694 0.799999
    endloop
  endfacet
  facet normal 0.472641 -0.590801 0.653884
    outer loop
      vertex -47.5314 29.5314 0.799999
      vertex -48.5142 30.516 2.4
      vertex -48.5152 30.5152 2.4
    endloop
  endfacet
  facet normal -0.419502 0.628091 0.655378
    outer loop
      vertex -44.9033 25.8102 2.4
      vertex -44.579 26.0268 2.4
      vertex -45.426 27.1306 0.799999
    endloop
  endfacet
  facet normal 0.753685 0.0493934 0.655377
    outer loop
      vertex -49.3657 28.0096 2.4
      vertex -47.9863 28.1912 0.799999
      vertex -49.3912 28.3987 2.4
    endloop
  endfacet
  facet normal -0.419463 0.628112 0.655382
    outer loop
      vertex -45.6 27.0144 0.799999
      vertex -44.9033 25.8102 2.4
      vertex -45.426 27.1306 0.799999
    endloop
  endfacet
  facet normal -0.433442 0.619203 0.654764
    outer loop
      vertex -44.9033 25.8102 2.4
      vertex -45.6 27.0144 0.799999
      vertex -44.9043 25.8095 2.4
    endloop
  endfacet
  facet normal -0.337729 0.675459 0.655511
    outer loop
      vertex -45.6 27.0144 0.799999
      vertex -44.9055 25.8089 2.4
      vertex -44.9043 25.8095 2.4
    endloop
  endfacet
  facet normal -0.334164 0.677349 0.655388
    outer loop
      vertex -44.9055 25.8089 2.4
      vertex -45.6 27.0144 0.799999
      vertex -45.7877 26.9218 0.799999
    endloop
  endfacet
  facet normal -0.147228 -0.74083 0.655359
    outer loop
      vertex -45.9859 29.9455 0.799999
      vertex -45.6271 31.2896 2.4
      vertex -46.1912 29.9863 0.799999
    endloop
  endfacet
  facet normal -0.115037 -0.747743 0.653947
    outer loop
      vertex -45.6271 31.2896 2.4
      vertex -45.9859 29.9455 0.799999
      vertex -45.6258 31.2894 2.4
    endloop
  endfacet
  facet normal -0.242849 -0.715197 0.655376
    outer loop
      vertex -45.7877 29.8782 0.799999
      vertex -45.6258 31.2894 2.4
      vertex -45.9859 29.9455 0.799999
    endloop
  endfacet
  facet normal -0.238725 -0.716175 0.655822
    outer loop
      vertex -45.6258 31.2894 2.4
      vertex -45.7877 29.8782 0.799999
      vertex -45.6246 31.289 2.4
    endloop
  endfacet
  facet normal 0.242852 0.715194 0.655378
    outer loop
      vertex -47.1754 25.511 2.4
      vertex -47.0123 26.9218 0.799999
      vertex -47.5447 25.6364 2.4
    endloop
  endfacet
  facet normal 0.590801 -0.472641 0.653884
    outer loop
      vertex -48.516 30.5142 2.4
      vertex -47.5314 29.5314 0.799999
      vertex -48.5152 30.5152 2.4
    endloop
  endfacet
  facet normal 0.567943 -0.497942 0.655358
    outer loop
      vertex -47.5314 29.5314 0.799999
      vertex -48.516 30.5142 2.4
      vertex -47.6694 29.374 0.799999
    endloop
  endfacet
  facet normal -0.74083 0.147228 0.655359
    outer loop
      vertex -44.8545 27.9859 0.799999
      vertex -43.5104 27.6271 2.4
      vertex -44.8137 28.1912 0.799999
    endloop
  endfacet
  facet normal -0.747743 0.115037 0.653947
    outer loop
      vertex -43.5104 27.6271 2.4
      vertex -44.8545 27.9859 0.799999
      vertex -43.5106 27.6258 2.4
    endloop
  endfacet
  facet normal -0.619203 0.433442 0.654764
    outer loop
      vertex -45.0144 27.6 0.799999
      vertex -43.8102 26.9033 2.4
      vertex -43.8095 26.9043 2.4
    endloop
  endfacet
  facet normal -0.628112 0.419463 0.655382
    outer loop
      vertex -43.8102 26.9033 2.4
      vertex -45.0144 27.6 0.799999
      vertex -45.1306 27.426 0.799999
    endloop
  endfacet
  facet normal -0.419502 -0.628091 0.655378
    outer loop
      vertex -44.579 30.7732 2.4
      vertex -44.9033 30.9898 2.4
      vertex -45.426 29.6694 0.799999
    endloop
  endfacet
  facet normal -0.675459 -0.337729 0.655511
    outer loop
      vertex -45.0144 29.2 0.799999
      vertex -43.8089 29.8945 2.4
      vertex -43.8095 29.8957 2.4
    endloop
  endfacet
  facet normal -0.677349 -0.334164 0.655388
    outer loop
      vertex -43.8089 29.8945 2.4
      vertex -45.0144 29.2 0.799999
      vertex -44.9218 29.0123 0.799999
    endloop
  endfacet
  facet normal -0.715197 0.242849 0.655376
    outer loop
      vertex -44.9218 27.7877 0.799999
      vertex -43.5106 27.6258 2.4
      vertex -44.8545 27.9859 0.799999
    endloop
  endfacet
  facet normal -0.716175 0.238725 0.655822
    outer loop
      vertex -43.5106 27.6258 2.4
      vertex -44.9218 27.7877 0.799999
      vertex -43.511 27.6246 2.4
    endloop
  endfacet
  facet normal -0.716175 -0.238725 0.655822
    outer loop
      vertex -44.9218 29.0123 0.799999
      vertex -43.5106 29.1742 2.4
      vertex -43.511 29.1754 2.4
    endloop
  endfacet
  facet normal -0.715197 -0.242849 0.655376
    outer loop
      vertex -43.5106 29.1742 2.4
      vertex -44.9218 29.0123 0.799999
      vertex -44.8545 28.8141 0.799999
    endloop
  endfacet
  facet normal -0.747743 -0.115037 0.653947
    outer loop
      vertex -44.8545 28.8141 0.799999
      vertex -43.5104 29.1729 2.4
      vertex -43.5106 29.1742 2.4
    endloop
  endfacet
  facet normal -0.74083 -0.147228 0.655359
    outer loop
      vertex -43.5104 29.1729 2.4
      vertex -44.8545 28.8141 0.799999
      vertex -44.8137 28.6088 0.799999
    endloop
  endfacet
  facet normal 0.74083 0.147228 0.655359
    outer loop
      vertex -49.2896 27.6271 2.4
      vertex -47.9455 27.9859 0.799999
      vertex -47.9863 28.1912 0.799999
    endloop
  endfacet
  facet normal 0.747743 0.115037 0.653947
    outer loop
      vertex -47.9455 27.9859 0.799999
      vertex -49.2896 27.6271 2.4
      vertex -49.2894 27.6258 2.4
    endloop
  endfacet
  facet normal 0.628112 0.419463 0.655382
    outer loop
      vertex -47.7856 27.6 0.799999
      vertex -48.9898 26.9033 2.4
      vertex -47.6694 27.426 0.799999
    endloop
  endfacet
  facet normal 0.619203 0.433442 0.654764
    outer loop
      vertex -48.9898 26.9033 2.4
      vertex -47.7856 27.6 0.799999
      vertex -48.9905 26.9043 2.4
    endloop
  endfacet
  facet normal -0.334164 -0.677349 0.655388
    outer loop
      vertex -45.6 29.7856 0.799999
      vertex -44.9055 30.9911 2.4
      vertex -45.7877 29.8782 0.799999
    endloop
  endfacet
  facet normal -0.337729 -0.675459 0.655511
    outer loop
      vertex -44.9055 30.9911 2.4
      vertex -45.6 29.7856 0.799999
      vertex -44.9043 30.9905 2.4
    endloop
  endfacet
  facet normal 0.715197 0.242849 0.655376
    outer loop
      vertex -49.2894 27.6258 2.4
      vertex -47.8782 27.7877 0.799999
      vertex -47.9455 27.9859 0.799999
    endloop
  endfacet
  facet normal 0.716175 0.238725 0.655822
    outer loop
      vertex -47.8782 27.7877 0.799999
      vertex -49.2894 27.6258 2.4
      vertex -49.289 27.6246 2.4
    endloop
  endfacet
  facet normal 0.628091 0.419502 0.655378
    outer loop
      vertex -48.7732 26.579 2.4
      vertex -47.6694 27.426 0.799999
      vertex -48.9898 26.9033 2.4
    endloop
  endfacet
  facet normal 0.147382 -0.740784 0.655376
    outer loop
      vertex -46.6088 29.9863 0.799999
      vertex -46.7904 31.3657 2.4
      vertex -47.1729 31.2896 2.4
    endloop
  endfacet
  facet normal 0.0493934 -0.753685 0.655377
    outer loop
      vertex -46.6088 29.9863 0.799999
      vertex -46.4013 31.3912 2.4
      vertex -46.7904 31.3657 2.4
    endloop
  endfacet
  facet normal 0.498081 0.567797 0.65538
    outer loop
      vertex -48.221 26.0268 2.4
      vertex -47.374 27.1306 0.799999
      vertex -48.5142 26.284 2.4
    endloop
  endfacet
  facet normal 0.747743 -0.115037 0.653947
    outer loop
      vertex -49.2896 29.1729 2.4
      vertex -47.9455 28.8141 0.799999
      vertex -49.2894 29.1742 2.4
    endloop
  endfacet
  facet normal 0.74083 -0.147228 0.655359
    outer loop
      vertex -47.9455 28.8141 0.799999
      vertex -49.2896 29.1729 2.4
      vertex -47.9863 28.6088 0.799999
    endloop
  endfacet
  facet normal 0.716175 -0.238725 0.655822
    outer loop
      vertex -49.2894 29.1742 2.4
      vertex -47.8782 29.0123 0.799999
      vertex -49.289 29.1754 2.4
    endloop
  endfacet
  facet normal 0.715197 -0.242849 0.655376
    outer loop
      vertex -47.8782 29.0123 0.799999
      vertex -49.2894 29.1742 2.4
      vertex -47.9455 28.8141 0.799999
    endloop
  endfacet
  facet normal 0.677413 0.334059 0.655375
    outer loop
      vertex -48.9911 26.9055 2.4
      vertex -47.8782 27.7877 0.799999
      vertex -49.1636 27.2553 2.4
    endloop
  endfacet
  facet normal 0.715194 0.242852 0.655378
    outer loop
      vertex -49.1636 27.2553 2.4
      vertex -47.8782 27.7877 0.799999
      vertex -49.289 27.6246 2.4
    endloop
  endfacet
  facet normal 0.334059 -0.677413 0.655375
    outer loop
      vertex -47.0123 29.8782 0.799999
      vertex -47.5447 31.1636 2.4
      vertex -47.8945 30.9911 2.4
    endloop
  endfacet
  facet normal 0.753339 0.0579491 0.655075
    outer loop
      vertex -49.3912 28.3987 2.4
      vertex -48 28.4 0.799999
      vertex -49.3913 28.4 2.4
    endloop
  endfacet
  facet normal 0.753687 0.0494517 0.655371
    outer loop
      vertex -48 28.4 0.799999
      vertex -49.3912 28.3987 2.4
      vertex -47.9863 28.1912 0.799999
    endloop
  endfacet
  facet normal 0.242852 -0.715194 0.655378
    outer loop
      vertex -47.0123 29.8782 0.799999
      vertex -47.1754 31.289 2.4
      vertex -47.5447 31.1636 2.4
    endloop
  endfacet
  facet normal -0.147382 0.740784 0.655376
    outer loop
      vertex -46.0096 25.4343 2.4
      vertex -45.6271 25.5104 2.4
      vertex -46.1912 26.8137 0.799999
    endloop
  endfacet
  facet normal -0.0494517 0.753687 0.655371
    outer loop
      vertex -46.4 26.8 0.799999
      vertex -46.3987 25.4088 2.4
      vertex -46.1912 26.8137 0.799999
    endloop
  endfacet
  facet normal -0.0579491 0.753339 0.655075
    outer loop
      vertex -46.3987 25.4088 2.4
      vertex -46.4 26.8 0.799999
      vertex -46.4 25.4087 2.4
    endloop
  endfacet
  facet normal -0.0493934 0.753685 0.655377
    outer loop
      vertex -46.0096 25.4343 2.4
      vertex -46.1912 26.8137 0.799999
      vertex -46.3987 25.4088 2.4
    endloop
  endfacet
  facet normal -0.433442 -0.619203 0.654764
    outer loop
      vertex -45.6 29.7856 0.799999
      vertex -44.9033 30.9898 2.4
      vertex -44.9043 30.9905 2.4
    endloop
  endfacet
  facet normal -0.419463 -0.628112 0.655382
    outer loop
      vertex -44.9033 30.9898 2.4
      vertex -45.6 29.7856 0.799999
      vertex -45.426 29.6694 0.799999
    endloop
  endfacet
  facet normal 0.498081 -0.567797 0.65538
    outer loop
      vertex -47.374 29.6694 0.799999
      vertex -48.221 30.7732 2.4
      vertex -48.5142 30.516 2.4
    endloop
  endfacet
  facet normal 0.238725 -0.716175 0.655822
    outer loop
      vertex -47.0123 29.8782 0.799999
      vertex -47.1742 31.2894 2.4
      vertex -47.1754 31.289 2.4
    endloop
  endfacet
  facet normal 0.242849 -0.715197 0.655376
    outer loop
      vertex -47.1742 31.2894 2.4
      vertex -47.0123 29.8782 0.799999
      vertex -46.8141 29.9455 0.799999
    endloop
  endfacet
  facet normal 0.334059 0.677413 0.655375
    outer loop
      vertex -47.5447 25.6364 2.4
      vertex -47.0123 26.9218 0.799999
      vertex -47.8945 25.8089 2.4
    endloop
  endfacet
  facet normal 0.0579491 0.753339 0.655075
    outer loop
      vertex -46.4 26.8 0.799999
      vertex -46.4013 25.4088 2.4
      vertex -46.4 25.4087 2.4
    endloop
  endfacet
  facet normal 0.0494517 0.753687 0.655371
    outer loop
      vertex -46.4013 25.4088 2.4
      vertex -46.4 26.8 0.799999
      vertex -46.6088 26.8137 0.799999
    endloop
  endfacet
  facet normal 0.0493934 0.753685 0.655377
    outer loop
      vertex -46.4013 25.4088 2.4
      vertex -46.6088 26.8137 0.799999
      vertex -46.7904 25.4343 2.4
    endloop
  endfacet
  facet normal -0.238725 0.716175 0.655822
    outer loop
      vertex -45.7877 26.9218 0.799999
      vertex -45.6258 25.5106 2.4
      vertex -45.6246 25.511 2.4
    endloop
  endfacet
  facet normal -0.242849 0.715197 0.655376
    outer loop
      vertex -45.6258 25.5106 2.4
      vertex -45.7877 26.9218 0.799999
      vertex -45.9859 26.8545 0.799999
    endloop
  endfacet
  facet normal -0.115037 0.747743 0.653947
    outer loop
      vertex -45.9859 26.8545 0.799999
      vertex -45.6271 25.5104 2.4
      vertex -45.6258 25.5106 2.4
    endloop
  endfacet
  facet normal -0.147228 0.74083 0.655359
    outer loop
      vertex -45.6271 25.5104 2.4
      vertex -45.9859 26.8545 0.799999
      vertex -46.1912 26.8137 0.799999
    endloop
  endfacet
  facet normal 0.147228 0.74083 0.655359
    outer loop
      vertex -46.8141 26.8545 0.799999
      vertex -47.1729 25.5104 2.4
      vertex -46.6088 26.8137 0.799999
    endloop
  endfacet
  facet normal 0.115037 0.747743 0.653947
    outer loop
      vertex -47.1729 25.5104 2.4
      vertex -46.8141 26.8545 0.799999
      vertex -47.1742 25.5106 2.4
    endloop
  endfacet
  facet normal -0.194922 -0.980819 0
    outer loop
      vertex 46.6088 -26.8137 0
      vertex 46.8141 -26.8545 0.799999
      vertex 46.6088 -26.8137 0.799999
    endloop
  endfacet
  facet normal -0.194922 -0.980819 -0
    outer loop
      vertex 46.8141 -26.8545 0.799999
      vertex 46.6088 -26.8137 0
      vertex 46.8141 -26.8545 0
    endloop
  endfacet
  facet normal -0.980819 -0.194922 0
    outer loop
      vertex 47.9863 -28.1912 0
      vertex 47.9455 -27.9859 0.799999
      vertex 47.9455 -27.9859 0
    endloop
  endfacet
  facet normal -0.980819 -0.194922 0
    outer loop
      vertex 47.9455 -27.9859 0.799999
      vertex 47.9863 -28.1912 0
      vertex 47.9863 -28.1912 0.799999
    endloop
  endfacet
  facet normal -0.997854 -0.0654722 0
    outer loop
      vertex 48 -28.4 0
      vertex 47.9863 -28.1912 0.799999
      vertex 47.9863 -28.1912 0
    endloop
  endfacet
  facet normal -0.997854 -0.0654722 0
    outer loop
      vertex 47.9863 -28.1912 0.799999
      vertex 48 -28.4 0
      vertex 48 -28.4 0.799999
    endloop
  endfacet
  facet normal -0.946901 -0.321526 0
    outer loop
      vertex 47.9455 -27.9859 0
      vertex 47.8782 -27.7877 0.799999
      vertex 47.8782 -27.7877 0
    endloop
  endfacet
  facet normal -0.946901 -0.321526 0
    outer loop
      vertex 47.8782 -27.7877 0.799999
      vertex 47.9455 -27.9859 0
      vertex 47.9455 -27.9859 0.799999
    endloop
  endfacet
  facet normal -0.831609 -0.555362 0
    outer loop
      vertex 47.7856 -27.6 0
      vertex 47.6694 -27.426 0.799999
      vertex 47.6694 -27.426 0
    endloop
  endfacet
  facet normal -0.831609 -0.555362 0
    outer loop
      vertex 47.6694 -27.426 0.799999
      vertex 47.7856 -27.6 0
      vertex 47.7856 -27.6 0.799999
    endloop
  endfacet
  facet normal -0.321526 -0.946901 0
    outer loop
      vertex 46.8141 -26.8545 0
      vertex 47.0123 -26.9218 0.799999
      vertex 46.8141 -26.8545 0.799999
    endloop
  endfacet
  facet normal -0.321526 -0.946901 -0
    outer loop
      vertex 47.0123 -26.9218 0.799999
      vertex 46.8141 -26.8545 0
      vertex 47.0123 -26.9218 0
    endloop
  endfacet
  facet normal -0.997854 0.0654722 0
    outer loop
      vertex 47.9863 -28.6088 0
      vertex 48 -28.4 0.799999
      vertex 48 -28.4 0
    endloop
  endfacet
  facet normal -0.997854 0.0654722 0
    outer loop
      vertex 48 -28.4 0.799999
      vertex 47.9863 -28.6088 0
      vertex 47.9863 -28.6088 0.799999
    endloop
  endfacet
  facet normal 0.555362 0.831609 -0
    outer loop
      vertex 45.6 -29.7856 0
      vertex 45.426 -29.6694 0.799999
      vertex 45.6 -29.7856 0.799999
    endloop
  endfacet
  facet normal 0.555362 0.831609 0
    outer loop
      vertex 45.426 -29.6694 0.799999
      vertex 45.6 -29.7856 0
      vertex 45.426 -29.6694 0
    endloop
  endfacet
  facet normal 0.321526 0.946901 -0
    outer loop
      vertex 45.9859 -29.9455 0
      vertex 45.7877 -29.8782 0.799999
      vertex 45.9859 -29.9455 0.799999
    endloop
  endfacet
  facet normal 0.321526 0.946901 0
    outer loop
      vertex 45.7877 -29.8782 0.799999
      vertex 45.9859 -29.9455 0
      vertex 45.7877 -29.8782 0
    endloop
  endfacet
  facet normal -0.896803 -0.442429 0
    outer loop
      vertex 47.8782 -27.7877 0
      vertex 47.7856 -27.6 0.799999
      vertex 47.7856 -27.6 0
    endloop
  endfacet
  facet normal -0.896803 -0.442429 0
    outer loop
      vertex 47.7856 -27.6 0.799999
      vertex 47.8782 -27.7877 0
      vertex 47.8782 -27.7877 0.799999
    endloop
  endfacet
  facet normal 0.321526 -0.946901 0
    outer loop
      vertex 45.7877 -26.9218 0
      vertex 45.9859 -26.8545 0.799999
      vertex 45.7877 -26.9218 0.799999
    endloop
  endfacet
  facet normal 0.321526 -0.946901 0
    outer loop
      vertex 45.9859 -26.8545 0.799999
      vertex 45.7877 -26.9218 0
      vertex 45.9859 -26.8545 0
    endloop
  endfacet
  facet normal -0.751925 -0.659248 0
    outer loop
      vertex 47.6694 -27.426 0
      vertex 47.5314 -27.2686 0.799999
      vertex 47.5314 -27.2686 0
    endloop
  endfacet
  facet normal -0.751925 -0.659248 0
    outer loop
      vertex 47.5314 -27.2686 0.799999
      vertex 47.6694 -27.426 0
      vertex 47.6694 -27.426 0.799999
    endloop
  endfacet
  facet normal -0.946901 0.321526 0
    outer loop
      vertex 47.8782 -29.0123 0
      vertex 47.9455 -28.8141 0.799999
      vertex 47.9455 -28.8141 0
    endloop
  endfacet
  facet normal -0.946901 0.321526 0
    outer loop
      vertex 47.9455 -28.8141 0.799999
      vertex 47.8782 -29.0123 0
      vertex 47.8782 -29.0123 0.799999
    endloop
  endfacet
  facet normal 0.751925 0.659248 0
    outer loop
      vertex 45.2686 -29.5314 0.799999
      vertex 45.1306 -29.374 0
      vertex 45.1306 -29.374 0.799999
    endloop
  endfacet
  facet normal 0.751925 0.659248 0
    outer loop
      vertex 45.1306 -29.374 0
      vertex 45.2686 -29.5314 0.799999
      vertex 45.2686 -29.5314 0
    endloop
  endfacet
  facet normal -0.980819 0.194922 0
    outer loop
      vertex 47.9455 -28.8141 0
      vertex 47.9863 -28.6088 0.799999
      vertex 47.9863 -28.6088 0
    endloop
  endfacet
  facet normal -0.980819 0.194922 0
    outer loop
      vertex 47.9863 -28.6088 0.799999
      vertex 47.9455 -28.8141 0
      vertex 47.9455 -28.8141 0.799999
    endloop
  endfacet
  facet normal 0.659248 -0.751925 0
    outer loop
      vertex 45.2686 -27.2686 0
      vertex 45.426 -27.1306 0.799999
      vertex 45.2686 -27.2686 0.799999
    endloop
  endfacet
  facet normal 0.659248 -0.751925 0
    outer loop
      vertex 45.426 -27.1306 0.799999
      vertex 45.2686 -27.2686 0
      vertex 45.426 -27.1306 0
    endloop
  endfacet
  facet normal 0.946901 0.321526 0
    outer loop
      vertex 44.9218 -29.0123 0.799999
      vertex 44.8545 -28.8141 0
      vertex 44.8545 -28.8141 0.799999
    endloop
  endfacet
  facet normal 0.946901 0.321526 0
    outer loop
      vertex 44.8545 -28.8141 0
      vertex 44.9218 -29.0123 0.799999
      vertex 44.9218 -29.0123 0
    endloop
  endfacet
  facet normal -0.831609 0.555362 0
    outer loop
      vertex 47.6694 -29.374 0
      vertex 47.7856 -29.2 0.799999
      vertex 47.7856 -29.2 0
    endloop
  endfacet
  facet normal -0.831609 0.555362 0
    outer loop
      vertex 47.7856 -29.2 0.799999
      vertex 47.6694 -29.374 0
      vertex 47.6694 -29.374 0.799999
    endloop
  endfacet
  facet normal -0.442429 -0.896803 0
    outer loop
      vertex 47.0123 -26.9218 0
      vertex 47.2 -27.0144 0.799999
      vertex 47.0123 -26.9218 0.799999
    endloop
  endfacet
  facet normal -0.442429 -0.896803 -0
    outer loop
      vertex 47.2 -27.0144 0.799999
      vertex 47.0123 -26.9218 0
      vertex 47.2 -27.0144 0
    endloop
  endfacet
  facet normal 0.442429 -0.896803 0
    outer loop
      vertex 45.6 -27.0144 0
      vertex 45.7877 -26.9218 0.799999
      vertex 45.6 -27.0144 0.799999
    endloop
  endfacet
  facet normal 0.442429 -0.896803 0
    outer loop
      vertex 45.7877 -26.9218 0.799999
      vertex 45.6 -27.0144 0
      vertex 45.7877 -26.9218 0
    endloop
  endfacet
  facet normal -0.442429 0.896803 0
    outer loop
      vertex 47.2 -29.7856 0
      vertex 47.0123 -29.8782 0.799999
      vertex 47.2 -29.7856 0.799999
    endloop
  endfacet
  facet normal -0.442429 0.896803 0
    outer loop
      vertex 47.0123 -29.8782 0.799999
      vertex 47.2 -29.7856 0
      vertex 47.0123 -29.8782 0
    endloop
  endfacet
  facet normal -0.321526 0.946901 0
    outer loop
      vertex 47.0123 -29.8782 0
      vertex 46.8141 -29.9455 0.799999
      vertex 47.0123 -29.8782 0.799999
    endloop
  endfacet
  facet normal -0.321526 0.946901 0
    outer loop
      vertex 46.8141 -29.9455 0.799999
      vertex 47.0123 -29.8782 0
      vertex 46.8141 -29.9455 0
    endloop
  endfacet
  facet normal 0.896803 0.442429 0
    outer loop
      vertex 45.0144 -29.2 0.799999
      vertex 44.9218 -29.0123 0
      vertex 44.9218 -29.0123 0.799999
    endloop
  endfacet
  facet normal 0.896803 0.442429 0
    outer loop
      vertex 44.9218 -29.0123 0
      vertex 45.0144 -29.2 0.799999
      vertex 45.0144 -29.2 0
    endloop
  endfacet
  facet normal 0.980819 0.194922 0
    outer loop
      vertex 44.8545 -28.8141 0.799999
      vertex 44.8137 -28.6088 0
      vertex 44.8137 -28.6088 0.799999
    endloop
  endfacet
  facet normal 0.980819 0.194922 0
    outer loop
      vertex 44.8137 -28.6088 0
      vertex 44.8545 -28.8141 0.799999
      vertex 44.8545 -28.8141 0
    endloop
  endfacet
  facet normal 0.555362 -0.831609 0
    outer loop
      vertex 45.426 -27.1306 0
      vertex 45.6 -27.0144 0.799999
      vertex 45.426 -27.1306 0.799999
    endloop
  endfacet
  facet normal 0.555362 -0.831609 0
    outer loop
      vertex 45.6 -27.0144 0.799999
      vertex 45.426 -27.1306 0
      vertex 45.6 -27.0144 0
    endloop
  endfacet
  facet normal -0.555362 0.831609 0
    outer loop
      vertex 47.374 -29.6694 0
      vertex 47.2 -29.7856 0.799999
      vertex 47.374 -29.6694 0.799999
    endloop
  endfacet
  facet normal -0.555362 0.831609 0
    outer loop
      vertex 47.2 -29.7856 0.799999
      vertex 47.374 -29.6694 0
      vertex 47.2 -29.7856 0
    endloop
  endfacet
  facet normal -0.194922 0.980819 0
    outer loop
      vertex 46.8141 -29.9455 0
      vertex 46.6088 -29.9863 0.799999
      vertex 46.8141 -29.9455 0.799999
    endloop
  endfacet
  facet normal -0.194922 0.980819 0
    outer loop
      vertex 46.6088 -29.9863 0.799999
      vertex 46.8141 -29.9455 0
      vertex 46.6088 -29.9863 0
    endloop
  endfacet
  facet normal -0.659248 -0.751925 0
    outer loop
      vertex 47.374 -27.1306 0
      vertex 47.5314 -27.2686 0.799999
      vertex 47.374 -27.1306 0.799999
    endloop
  endfacet
  facet normal -0.659248 -0.751925 -0
    outer loop
      vertex 47.5314 -27.2686 0.799999
      vertex 47.374 -27.1306 0
      vertex 47.5314 -27.2686 0
    endloop
  endfacet
  facet normal 0.946901 -0.321526 0
    outer loop
      vertex 44.8545 -27.9859 0.799999
      vertex 44.9218 -27.7877 0
      vertex 44.9218 -27.7877 0.799999
    endloop
  endfacet
  facet normal 0.946901 -0.321526 0
    outer loop
      vertex 44.9218 -27.7877 0
      vertex 44.8545 -27.9859 0.799999
      vertex 44.8545 -27.9859 0
    endloop
  endfacet
  facet normal -0.0654722 0.997854 0
    outer loop
      vertex 46.6088 -29.9863 0
      vertex 46.4 -30 0.799999
      vertex 46.6088 -29.9863 0.799999
    endloop
  endfacet
  facet normal -0.0654722 0.997854 0
    outer loop
      vertex 46.4 -30 0.799999
      vertex 46.6088 -29.9863 0
      vertex 46.4 -30 0
    endloop
  endfacet
  facet normal 0.194922 -0.980819 0
    outer loop
      vertex 45.9859 -26.8545 0
      vertex 46.1912 -26.8137 0.799999
      vertex 45.9859 -26.8545 0.799999
    endloop
  endfacet
  facet normal 0.194922 -0.980819 0
    outer loop
      vertex 46.1912 -26.8137 0.799999
      vertex 45.9859 -26.8545 0
      vertex 46.1912 -26.8137 0
    endloop
  endfacet
  facet normal 0.659248 0.751925 -0
    outer loop
      vertex 45.426 -29.6694 0
      vertex 45.2686 -29.5314 0.799999
      vertex 45.426 -29.6694 0.799999
    endloop
  endfacet
  facet normal 0.659248 0.751925 0
    outer loop
      vertex 45.2686 -29.5314 0.799999
      vertex 45.426 -29.6694 0
      vertex 45.2686 -29.5314 0
    endloop
  endfacet
  facet normal -0.659248 0.751925 0
    outer loop
      vertex 47.5314 -29.5314 0
      vertex 47.374 -29.6694 0.799999
      vertex 47.5314 -29.5314 0.799999
    endloop
  endfacet
  facet normal -0.659248 0.751925 0
    outer loop
      vertex 47.374 -29.6694 0.799999
      vertex 47.5314 -29.5314 0
      vertex 47.374 -29.6694 0
    endloop
  endfacet
  facet normal 0.896803 -0.442429 0
    outer loop
      vertex 44.9218 -27.7877 0.799999
      vertex 45.0144 -27.6 0
      vertex 45.0144 -27.6 0.799999
    endloop
  endfacet
  facet normal 0.896803 -0.442429 0
    outer loop
      vertex 45.0144 -27.6 0
      vertex 44.9218 -27.7877 0.799999
      vertex 44.9218 -27.7877 0
    endloop
  endfacet
  facet normal -0.896803 0.442429 0
    outer loop
      vertex 47.7856 -29.2 0
      vertex 47.8782 -29.0123 0.799999
      vertex 47.8782 -29.0123 0
    endloop
  endfacet
  facet normal -0.896803 0.442429 0
    outer loop
      vertex 47.8782 -29.0123 0.799999
      vertex 47.7856 -29.2 0
      vertex 47.7856 -29.2 0.799999
    endloop
  endfacet
  facet normal -0.751925 0.659248 0
    outer loop
      vertex 47.5314 -29.5314 0
      vertex 47.6694 -29.374 0.799999
      vertex 47.6694 -29.374 0
    endloop
  endfacet
  facet normal -0.751925 0.659248 0
    outer loop
      vertex 47.6694 -29.374 0.799999
      vertex 47.5314 -29.5314 0
      vertex 47.5314 -29.5314 0.799999
    endloop
  endfacet
  facet normal 0.0654722 0.997854 -0
    outer loop
      vertex 46.4 -30 0
      vertex 46.1912 -29.9863 0.799999
      vertex 46.4 -30 0.799999
    endloop
  endfacet
  facet normal 0.0654722 0.997854 0
    outer loop
      vertex 46.1912 -29.9863 0.799999
      vertex 46.4 -30 0
      vertex 46.1912 -29.9863 0
    endloop
  endfacet
  facet normal -0.0654722 -0.997854 0
    outer loop
      vertex 46.4 -26.8 0
      vertex 46.6088 -26.8137 0.799999
      vertex 46.4 -26.8 0.799999
    endloop
  endfacet
  facet normal -0.0654722 -0.997854 -0
    outer loop
      vertex 46.6088 -26.8137 0.799999
      vertex 46.4 -26.8 0
      vertex 46.6088 -26.8137 0
    endloop
  endfacet
  facet normal -0.555362 -0.831609 0
    outer loop
      vertex 47.2 -27.0144 0
      vertex 47.374 -27.1306 0.799999
      vertex 47.2 -27.0144 0.799999
    endloop
  endfacet
  facet normal -0.555362 -0.831609 -0
    outer loop
      vertex 47.374 -27.1306 0.799999
      vertex 47.2 -27.0144 0
      vertex 47.374 -27.1306 0
    endloop
  endfacet
  facet normal 0.997854 0.0654722 0
    outer loop
      vertex 44.8137 -28.6088 0.799999
      vertex 44.8 -28.4 0
      vertex 44.8 -28.4 0.799999
    endloop
  endfacet
  facet normal 0.997854 0.0654722 0
    outer loop
      vertex 44.8 -28.4 0
      vertex 44.8137 -28.6088 0.799999
      vertex 44.8137 -28.6088 0
    endloop
  endfacet
  facet normal 0.751925 -0.659248 0
    outer loop
      vertex 45.1306 -27.426 0.799999
      vertex 45.2686 -27.2686 0
      vertex 45.2686 -27.2686 0.799999
    endloop
  endfacet
  facet normal 0.751925 -0.659248 0
    outer loop
      vertex 45.2686 -27.2686 0
      vertex 45.1306 -27.426 0.799999
      vertex 45.1306 -27.426 0
    endloop
  endfacet
  facet normal 0.0654722 -0.997854 0
    outer loop
      vertex 46.1912 -26.8137 0
      vertex 46.4 -26.8 0.799999
      vertex 46.1912 -26.8137 0.799999
    endloop
  endfacet
  facet normal 0.0654722 -0.997854 0
    outer loop
      vertex 46.4 -26.8 0.799999
      vertex 46.1912 -26.8137 0
      vertex 46.4 -26.8 0
    endloop
  endfacet
  facet normal 0.194922 0.980819 -0
    outer loop
      vertex 46.1912 -29.9863 0
      vertex 45.9859 -29.9455 0.799999
      vertex 46.1912 -29.9863 0.799999
    endloop
  endfacet
  facet normal 0.194922 0.980819 0
    outer loop
      vertex 45.9859 -29.9455 0.799999
      vertex 46.1912 -29.9863 0
      vertex 45.9859 -29.9455 0
    endloop
  endfacet
  facet normal 0.980819 -0.194922 0
    outer loop
      vertex 44.8137 -28.1912 0.799999
      vertex 44.8545 -27.9859 0
      vertex 44.8545 -27.9859 0.799999
    endloop
  endfacet
  facet normal 0.980819 -0.194922 0
    outer loop
      vertex 44.8545 -27.9859 0
      vertex 44.8137 -28.1912 0.799999
      vertex 44.8137 -28.1912 0
    endloop
  endfacet
  facet normal 0.997854 -0.0654722 0
    outer loop
      vertex 44.8 -28.4 0.799999
      vertex 44.8137 -28.1912 0
      vertex 44.8137 -28.1912 0.799999
    endloop
  endfacet
  facet normal 0.997854 -0.0654722 0
    outer loop
      vertex 44.8137 -28.1912 0
      vertex 44.8 -28.4 0.799999
      vertex 44.8 -28.4 0
    endloop
  endfacet
  facet normal 0.442429 0.896803 -0
    outer loop
      vertex 45.7877 -29.8782 0
      vertex 45.6 -29.7856 0.799999
      vertex 45.7877 -29.8782 0.799999
    endloop
  endfacet
  facet normal 0.442429 0.896803 0
    outer loop
      vertex 45.6 -29.7856 0.799999
      vertex 45.7877 -29.8782 0
      vertex 45.6 -29.7856 0
    endloop
  endfacet
  facet normal 0.831609 -0.555362 0
    outer loop
      vertex 45.0144 -27.6 0.799999
      vertex 45.1306 -27.426 0
      vertex 45.1306 -27.426 0.799999
    endloop
  endfacet
  facet normal 0.831609 -0.555362 0
    outer loop
      vertex 45.1306 -27.426 0
      vertex 45.0144 -27.6 0.799999
      vertex 45.0144 -27.6 0
    endloop
  endfacet
  facet normal 0.831609 0.555362 0
    outer loop
      vertex 45.1306 -29.374 0.799999
      vertex 45.0144 -29.2 0
      vertex 45.0144 -29.2 0.799999
    endloop
  endfacet
  facet normal 0.831609 0.555362 0
    outer loop
      vertex 45.0144 -29.2 0
      vertex 45.1306 -29.374 0.799999
      vertex 45.1306 -29.374 0
    endloop
  endfacet
  facet normal -0.753687 -0.0494517 0.655371
    outer loop
      vertex 48 -28.4 0.799999
      vertex 49.3912 -28.3987 2.4
      vertex 47.9863 -28.1912 0.799999
    endloop
  endfacet
  facet normal -0.753339 -0.0579491 0.655075
    outer loop
      vertex 49.3912 -28.3987 2.4
      vertex 48 -28.4 0.799999
      vertex 49.3913 -28.4 2.4
    endloop
  endfacet
  facet normal 0.497942 0.567943 0.655358
    outer loop
      vertex 45.2686 -29.5314 0.799999
      vertex 44.2858 -30.516 2.4
      vertex 45.426 -29.6694 0.799999
    endloop
  endfacet
  facet normal 0.472641 0.590801 0.653884
    outer loop
      vertex 44.2858 -30.516 2.4
      vertex 45.2686 -29.5314 0.799999
      vertex 44.2848 -30.5152 2.4
    endloop
  endfacet
  facet normal -0.628091 0.419502 0.655378
    outer loop
      vertex 48.7732 -30.221 2.4
      vertex 48.9898 -29.8967 2.4
      vertex 47.6694 -29.374 0.799999
    endloop
  endfacet
  facet normal 0.677349 0.334164 0.655388
    outer loop
      vertex 43.8089 -29.8945 2.4
      vertex 45.0144 -29.2 0.799999
      vertex 44.9218 -29.0123 0.799999
    endloop
  endfacet
  facet normal 0.675459 0.337729 0.655511
    outer loop
      vertex 45.0144 -29.2 0.799999
      vertex 43.8089 -29.8945 2.4
      vertex 43.8095 -29.8957 2.4
    endloop
  endfacet
  facet normal 0.753339 -0.0579491 0.655075
    outer loop
      vertex 44.8 -28.4 0.799999
      vertex 43.4088 -28.3987 2.4
      vertex 43.4087 -28.4 2.4
    endloop
  endfacet
  facet normal 0.753687 -0.0494517 0.655371
    outer loop
      vertex 43.4088 -28.3987 2.4
      vertex 44.8 -28.4 0.799999
      vertex 44.8137 -28.1912 0.799999
    endloop
  endfacet
  facet normal 0.567797 -0.498081 0.65538
    outer loop
      vertex 45.1306 -27.426 0.799999
      vertex 44.284 -26.2858 2.4
      vertex 44.0268 -26.579 2.4
    endloop
  endfacet
  facet normal 0.567943 0.497942 0.655358
    outer loop
      vertex 44.284 -30.5142 2.4
      vertex 45.2686 -29.5314 0.799999
      vertex 45.1306 -29.374 0.799999
    endloop
  endfacet
  facet normal 0.590801 0.472641 0.653884
    outer loop
      vertex 45.2686 -29.5314 0.799999
      vertex 44.284 -30.5142 2.4
      vertex 44.2848 -30.5152 2.4
    endloop
  endfacet
  facet normal 0.115037 -0.747743 0.653947
    outer loop
      vertex 45.9859 -26.8545 0.799999
      vertex 45.6271 -25.5104 2.4
      vertex 45.6258 -25.5106 2.4
    endloop
  endfacet
  facet normal 0.147228 -0.74083 0.655359
    outer loop
      vertex 45.6271 -25.5104 2.4
      vertex 45.9859 -26.8545 0.799999
      vertex 46.1912 -26.8137 0.799999
    endloop
  endfacet
  facet normal 0.567797 0.498081 0.65538
    outer loop
      vertex 44.284 -30.5142 2.4
      vertex 45.1306 -29.374 0.799999
      vertex 44.0268 -30.221 2.4
    endloop
  endfacet
  facet normal 0.677413 -0.334059 0.655375
    outer loop
      vertex 44.9218 -27.7877 0.799999
      vertex 43.8089 -26.9055 2.4
      vertex 43.6364 -27.2553 2.4
    endloop
  endfacet
  facet normal -0.472641 -0.590801 0.653884
    outer loop
      vertex 48.5142 -26.284 2.4
      vertex 47.5314 -27.2686 0.799999
      vertex 48.5152 -26.2848 2.4
    endloop
  endfacet
  facet normal -0.497942 -0.567943 0.655358
    outer loop
      vertex 47.5314 -27.2686 0.799999
      vertex 48.5142 -26.284 2.4
      vertex 47.374 -27.1306 0.799999
    endloop
  endfacet
  facet normal 0.147382 0.740784 0.655376
    outer loop
      vertex 46.0096 -31.3657 2.4
      vertex 46.1912 -29.9863 0.799999
      vertex 45.6271 -31.2896 2.4
    endloop
  endfacet
  facet normal -0.498081 -0.567797 0.65538
    outer loop
      vertex 48.5142 -26.284 2.4
      vertex 48.221 -26.0268 2.4
      vertex 47.374 -27.1306 0.799999
    endloop
  endfacet
  facet normal 0.337729 -0.675459 0.655511
    outer loop
      vertex 45.6 -27.0144 0.799999
      vertex 44.9055 -25.8089 2.4
      vertex 44.9043 -25.8095 2.4
    endloop
  endfacet
  facet normal 0.334164 -0.677349 0.655388
    outer loop
      vertex 44.9055 -25.8089 2.4
      vertex 45.6 -27.0144 0.799999
      vertex 45.7877 -26.9218 0.799999
    endloop
  endfacet
  facet normal 0.715194 -0.242852 0.655378
    outer loop
      vertex 44.9218 -27.7877 0.799999
      vertex 43.6364 -27.2553 2.4
      vertex 43.511 -27.6246 2.4
    endloop
  endfacet
  facet normal -0.677349 0.334164 0.655388
    outer loop
      vertex 47.7856 -29.2 0.799999
      vertex 48.9911 -29.8945 2.4
      vertex 47.8782 -29.0123 0.799999
    endloop
  endfacet
  facet normal -0.675459 0.337729 0.655511
    outer loop
      vertex 48.9911 -29.8945 2.4
      vertex 47.7856 -29.2 0.799999
      vertex 48.9905 -29.8957 2.4
    endloop
  endfacet
  facet normal -0.677413 0.334059 0.655375
    outer loop
      vertex 48.9911 -29.8945 2.4
      vertex 49.1636 -29.5447 2.4
      vertex 47.8782 -29.0123 0.799999
    endloop
  endfacet
  facet normal -0.472641 0.590801 0.653884
    outer loop
      vertex 47.5314 -29.5314 0.799999
      vertex 48.5142 -30.516 2.4
      vertex 48.5152 -30.5152 2.4
    endloop
  endfacet
  facet normal -0.497942 0.567943 0.655358
    outer loop
      vertex 48.5142 -30.516 2.4
      vertex 47.5314 -29.5314 0.799999
      vertex 47.374 -29.6694 0.799999
    endloop
  endfacet
  facet normal 0.628112 -0.419463 0.655382
    outer loop
      vertex 43.8102 -26.9033 2.4
      vertex 45.0144 -27.6 0.799999
      vertex 45.1306 -27.426 0.799999
    endloop
  endfacet
  facet normal 0.619203 -0.433442 0.654764
    outer loop
      vertex 45.0144 -27.6 0.799999
      vertex 43.8102 -26.9033 2.4
      vertex 43.8095 -26.9043 2.4
    endloop
  endfacet
  facet normal -0.740784 0.147382 0.655376
    outer loop
      vertex 49.2896 -29.1729 2.4
      vertex 49.3657 -28.7904 2.4
      vertex 47.9863 -28.6088 0.799999
    endloop
  endfacet
  facet normal -0.619203 -0.433442 0.654764
    outer loop
      vertex 48.9898 -26.9033 2.4
      vertex 47.7856 -27.6 0.799999
      vertex 48.9905 -26.9043 2.4
    endloop
  endfacet
  facet normal -0.628112 -0.419463 0.655382
    outer loop
      vertex 47.7856 -27.6 0.799999
      vertex 48.9898 -26.9033 2.4
      vertex 47.6694 -27.426 0.799999
    endloop
  endfacet
  facet normal -0.242852 0.715194 0.655378
    outer loop
      vertex 47.1754 -31.289 2.4
      vertex 47.5447 -31.1636 2.4
      vertex 47.0123 -29.8782 0.799999
    endloop
  endfacet
  facet normal 0.740784 -0.147382 0.655376
    outer loop
      vertex 44.8137 -28.1912 0.799999
      vertex 43.5104 -27.6271 2.4
      vertex 43.4343 -28.0096 2.4
    endloop
  endfacet
  facet normal -0.677413 -0.334059 0.655375
    outer loop
      vertex 49.1636 -27.2553 2.4
      vertex 48.9911 -26.9055 2.4
      vertex 47.8782 -27.7877 0.799999
    endloop
  endfacet
  facet normal 0.334164 0.677349 0.655388
    outer loop
      vertex 45.6 -29.7856 0.799999
      vertex 44.9055 -30.9911 2.4
      vertex 45.7877 -29.8782 0.799999
    endloop
  endfacet
  facet normal 0.337729 0.675459 0.655511
    outer loop
      vertex 44.9055 -30.9911 2.4
      vertex 45.6 -29.7856 0.799999
      vertex 44.9043 -30.9905 2.4
    endloop
  endfacet
  facet normal -0.740784 -0.147382 0.655376
    outer loop
      vertex 49.3657 -28.0096 2.4
      vertex 49.2896 -27.6271 2.4
      vertex 47.9863 -28.1912 0.799999
    endloop
  endfacet
  facet normal -0.715194 0.242852 0.655378
    outer loop
      vertex 49.1636 -29.5447 2.4
      vertex 49.289 -29.1754 2.4
      vertex 47.8782 -29.0123 0.799999
    endloop
  endfacet
  facet normal 0.753685 -0.0493934 0.655377
    outer loop
      vertex 44.8137 -28.1912 0.799999
      vertex 43.4343 -28.0096 2.4
      vertex 43.4088 -28.3987 2.4
    endloop
  endfacet
  facet normal 0.242849 0.715197 0.655376
    outer loop
      vertex 45.7877 -29.8782 0.799999
      vertex 45.6258 -31.2894 2.4
      vertex 45.9859 -29.9455 0.799999
    endloop
  endfacet
  facet normal 0.238725 0.716175 0.655822
    outer loop
      vertex 45.6258 -31.2894 2.4
      vertex 45.7877 -29.8782 0.799999
      vertex 45.6246 -31.289 2.4
    endloop
  endfacet
  facet normal -0.334059 0.677413 0.655375
    outer loop
      vertex 47.5447 -31.1636 2.4
      vertex 47.8945 -30.9911 2.4
      vertex 47.0123 -29.8782 0.799999
    endloop
  endfacet
  facet normal -0.242852 -0.715194 0.655378
    outer loop
      vertex 47.5447 -25.6364 2.4
      vertex 47.1754 -25.511 2.4
      vertex 47.0123 -26.9218 0.799999
    endloop
  endfacet
  facet normal -0.567797 -0.498081 0.65538
    outer loop
      vertex 48.7732 -26.579 2.4
      vertex 48.516 -26.2858 2.4
      vertex 47.6694 -27.426 0.799999
    endloop
  endfacet
  facet normal 0.419463 0.628112 0.655382
    outer loop
      vertex 44.9033 -30.9898 2.4
      vertex 45.6 -29.7856 0.799999
      vertex 45.426 -29.6694 0.799999
    endloop
  endfacet
  facet normal 0.433442 0.619203 0.654764
    outer loop
      vertex 45.6 -29.7856 0.799999
      vertex 44.9033 -30.9898 2.4
      vertex 44.9043 -30.9905 2.4
    endloop
  endfacet
  facet normal 0.433442 -0.619203 0.654764
    outer loop
      vertex 44.9033 -25.8102 2.4
      vertex 45.6 -27.0144 0.799999
      vertex 44.9043 -25.8095 2.4
    endloop
  endfacet
  facet normal 0.419463 -0.628112 0.655382
    outer loop
      vertex 45.6 -27.0144 0.799999
      vertex 44.9033 -25.8102 2.4
      vertex 45.426 -27.1306 0.799999
    endloop
  endfacet
  facet normal 0.419502 0.628091 0.655378
    outer loop
      vertex 44.9033 -30.9898 2.4
      vertex 45.426 -29.6694 0.799999
      vertex 44.579 -30.7732 2.4
    endloop
  endfacet
  facet normal -0.567797 0.498081 0.65538
    outer loop
      vertex 48.516 -30.5142 2.4
      vertex 48.7732 -30.221 2.4
      vertex 47.6694 -29.374 0.799999
    endloop
  endfacet
  facet normal -0.0579491 -0.753339 0.655075
    outer loop
      vertex 46.4 -26.8 0.799999
      vertex 46.4013 -25.4088 2.4
      vertex 46.4 -25.4087 2.4
    endloop
  endfacet
  facet normal -0.0494517 -0.753687 0.655371
    outer loop
      vertex 46.4013 -25.4088 2.4
      vertex 46.4 -26.8 0.799999
      vertex 46.6088 -26.8137 0.799999
    endloop
  endfacet
  facet normal 0.419502 -0.628091 0.655378
    outer loop
      vertex 45.426 -27.1306 0.799999
      vertex 44.9033 -25.8102 2.4
      vertex 44.579 -26.0268 2.4
    endloop
  endfacet
  facet normal -0.628091 -0.419502 0.655378
    outer loop
      vertex 48.9898 -26.9033 2.4
      vertex 48.7732 -26.579 2.4
      vertex 47.6694 -27.426 0.799999
    endloop
  endfacet
  facet normal -0.753339 0.0579491 0.655075
    outer loop
      vertex 48 -28.4 0.799999
      vertex 49.3912 -28.4013 2.4
      vertex 49.3913 -28.4 2.4
    endloop
  endfacet
  facet normal -0.753687 0.0494517 0.655371
    outer loop
      vertex 49.3912 -28.4013 2.4
      vertex 48 -28.4 0.799999
      vertex 47.9863 -28.6088 0.799999
    endloop
  endfacet
  facet normal -0.715194 -0.242852 0.655378
    outer loop
      vertex 49.289 -27.6246 2.4
      vertex 49.1636 -27.2553 2.4
      vertex 47.8782 -27.7877 0.799999
    endloop
  endfacet
  facet normal -0.498081 0.567797 0.65538
    outer loop
      vertex 48.221 -30.7732 2.4
      vertex 48.5142 -30.516 2.4
      vertex 47.374 -29.6694 0.799999
    endloop
  endfacet
  facet normal -0.753685 -0.0493934 0.655377
    outer loop
      vertex 49.3912 -28.3987 2.4
      vertex 49.3657 -28.0096 2.4
      vertex 47.9863 -28.1912 0.799999
    endloop
  endfacet
  facet normal -0.753685 0.0493934 0.655377
    outer loop
      vertex 49.3657 -28.7904 2.4
      vertex 49.3912 -28.4013 2.4
      vertex 47.9863 -28.6088 0.799999
    endloop
  endfacet
  facet normal 0.628091 -0.419502 0.655378
    outer loop
      vertex 45.1306 -27.426 0.799999
      vertex 44.0268 -26.579 2.4
      vertex 43.8102 -26.9033 2.4
    endloop
  endfacet
  facet normal -0.147382 -0.740784 0.655376
    outer loop
      vertex 47.1729 -25.5104 2.4
      vertex 46.7904 -25.4343 2.4
      vertex 46.6088 -26.8137 0.799999
    endloop
  endfacet
  facet normal -0.334059 -0.677413 0.655375
    outer loop
      vertex 47.8945 -25.8089 2.4
      vertex 47.5447 -25.6364 2.4
      vertex 47.0123 -26.9218 0.799999
    endloop
  endfacet
  facet normal 0.740784 0.147382 0.655376
    outer loop
      vertex 43.5104 -29.1729 2.4
      vertex 44.8137 -28.6088 0.799999
      vertex 43.4343 -28.7904 2.4
    endloop
  endfacet
  facet normal -0.0493934 -0.753685 0.655377
    outer loop
      vertex 46.6088 -26.8137 0.799999
      vertex 46.7904 -25.4343 2.4
      vertex 46.4013 -25.4088 2.4
    endloop
  endfacet
  facet normal 0.0494517 -0.753687 0.655371
    outer loop
      vertex 46.4 -26.8 0.799999
      vertex 46.3987 -25.4088 2.4
      vertex 46.1912 -26.8137 0.799999
    endloop
  endfacet
  facet normal 0.0579491 -0.753339 0.655075
    outer loop
      vertex 46.3987 -25.4088 2.4
      vertex 46.4 -26.8 0.799999
      vertex 46.4 -25.4087 2.4
    endloop
  endfacet
  facet normal 0.675459 -0.337729 0.655511
    outer loop
      vertex 43.8089 -26.9055 2.4
      vertex 45.0144 -27.6 0.799999
      vertex 43.8095 -26.9043 2.4
    endloop
  endfacet
  facet normal 0.677349 -0.334164 0.655388
    outer loop
      vertex 45.0144 -27.6 0.799999
      vertex 43.8089 -26.9055 2.4
      vertex 44.9218 -27.7877 0.799999
    endloop
  endfacet
  facet normal -0.590801 -0.472641 0.653884
    outer loop
      vertex 47.5314 -27.2686 0.799999
      vertex 48.516 -26.2858 2.4
      vertex 48.5152 -26.2848 2.4
    endloop
  endfacet
  facet normal -0.567943 -0.497942 0.655358
    outer loop
      vertex 48.516 -26.2858 2.4
      vertex 47.5314 -27.2686 0.799999
      vertex 47.6694 -27.426 0.799999
    endloop
  endfacet
  facet normal -0.567943 0.497942 0.655358
    outer loop
      vertex 47.5314 -29.5314 0.799999
      vertex 48.516 -30.5142 2.4
      vertex 47.6694 -29.374 0.799999
    endloop
  endfacet
  facet normal -0.590801 0.472641 0.653884
    outer loop
      vertex 48.516 -30.5142 2.4
      vertex 47.5314 -29.5314 0.799999
      vertex 48.5152 -30.5152 2.4
    endloop
  endfacet
  facet normal 0.497942 -0.567943 0.655358
    outer loop
      vertex 44.2858 -26.284 2.4
      vertex 45.2686 -27.2686 0.799999
      vertex 45.426 -27.1306 0.799999
    endloop
  endfacet
  facet normal 0.472641 -0.590801 0.653884
    outer loop
      vertex 45.2686 -27.2686 0.799999
      vertex 44.2858 -26.284 2.4
      vertex 44.2848 -26.2848 2.4
    endloop
  endfacet
  facet normal -0.419502 0.628091 0.655378
    outer loop
      vertex 47.8967 -30.9898 2.4
      vertex 48.221 -30.7732 2.4
      vertex 47.374 -29.6694 0.799999
    endloop
  endfacet
  facet normal 0.753685 0.0493934 0.655377
    outer loop
      vertex 43.4343 -28.7904 2.4
      vertex 44.8137 -28.6088 0.799999
      vertex 43.4088 -28.4013 2.4
    endloop
  endfacet
  facet normal -0.419463 0.628112 0.655382
    outer loop
      vertex 47.2 -29.7856 0.799999
      vertex 47.8967 -30.9898 2.4
      vertex 47.374 -29.6694 0.799999
    endloop
  endfacet
  facet normal -0.433442 0.619203 0.654764
    outer loop
      vertex 47.8967 -30.9898 2.4
      vertex 47.2 -29.7856 0.799999
      vertex 47.8957 -30.9905 2.4
    endloop
  endfacet
  facet normal -0.337729 0.675459 0.655511
    outer loop
      vertex 47.2 -29.7856 0.799999
      vertex 47.8945 -30.9911 2.4
      vertex 47.8957 -30.9905 2.4
    endloop
  endfacet
  facet normal -0.334164 0.677349 0.655388
    outer loop
      vertex 47.8945 -30.9911 2.4
      vertex 47.2 -29.7856 0.799999
      vertex 47.0123 -29.8782 0.799999
    endloop
  endfacet
  facet normal -0.147228 -0.74083 0.655359
    outer loop
      vertex 46.8141 -26.8545 0.799999
      vertex 47.1729 -25.5104 2.4
      vertex 46.6088 -26.8137 0.799999
    endloop
  endfacet
  facet normal -0.115037 -0.747743 0.653947
    outer loop
      vertex 47.1729 -25.5104 2.4
      vertex 46.8141 -26.8545 0.799999
      vertex 47.1742 -25.5106 2.4
    endloop
  endfacet
  facet normal -0.242849 -0.715197 0.655376
    outer loop
      vertex 47.0123 -26.9218 0.799999
      vertex 47.1742 -25.5106 2.4
      vertex 46.8141 -26.8545 0.799999
    endloop
  endfacet
  facet normal -0.238725 -0.716175 0.655822
    outer loop
      vertex 47.1742 -25.5106 2.4
      vertex 47.0123 -26.9218 0.799999
      vertex 47.1754 -25.511 2.4
    endloop
  endfacet
  facet normal 0.242852 0.715194 0.655378
    outer loop
      vertex 45.6246 -31.289 2.4
      vertex 45.7877 -29.8782 0.799999
      vertex 45.2553 -31.1636 2.4
    endloop
  endfacet
  facet normal 0.590801 -0.472641 0.653884
    outer loop
      vertex 44.284 -26.2858 2.4
      vertex 45.2686 -27.2686 0.799999
      vertex 44.2848 -26.2848 2.4
    endloop
  endfacet
  facet normal 0.567943 -0.497942 0.655358
    outer loop
      vertex 45.2686 -27.2686 0.799999
      vertex 44.284 -26.2858 2.4
      vertex 45.1306 -27.426 0.799999
    endloop
  endfacet
  facet normal -0.74083 0.147228 0.655359
    outer loop
      vertex 47.9455 -28.8141 0.799999
      vertex 49.2896 -29.1729 2.4
      vertex 47.9863 -28.6088 0.799999
    endloop
  endfacet
  facet normal -0.747743 0.115037 0.653947
    outer loop
      vertex 49.2896 -29.1729 2.4
      vertex 47.9455 -28.8141 0.799999
      vertex 49.2894 -29.1742 2.4
    endloop
  endfacet
  facet normal -0.619203 0.433442 0.654764
    outer loop
      vertex 47.7856 -29.2 0.799999
      vertex 48.9898 -29.8967 2.4
      vertex 48.9905 -29.8957 2.4
    endloop
  endfacet
  facet normal -0.628112 0.419463 0.655382
    outer loop
      vertex 48.9898 -29.8967 2.4
      vertex 47.7856 -29.2 0.799999
      vertex 47.6694 -29.374 0.799999
    endloop
  endfacet
  facet normal -0.419502 -0.628091 0.655378
    outer loop
      vertex 48.221 -26.0268 2.4
      vertex 47.8967 -25.8102 2.4
      vertex 47.374 -27.1306 0.799999
    endloop
  endfacet
  facet normal -0.675459 -0.337729 0.655511
    outer loop
      vertex 47.7856 -27.6 0.799999
      vertex 48.9911 -26.9055 2.4
      vertex 48.9905 -26.9043 2.4
    endloop
  endfacet
  facet normal -0.677349 -0.334164 0.655388
    outer loop
      vertex 48.9911 -26.9055 2.4
      vertex 47.7856 -27.6 0.799999
      vertex 47.8782 -27.7877 0.799999
    endloop
  endfacet
  facet normal -0.715197 0.242849 0.655376
    outer loop
      vertex 47.8782 -29.0123 0.799999
      vertex 49.2894 -29.1742 2.4
      vertex 47.9455 -28.8141 0.799999
    endloop
  endfacet
  facet normal -0.716175 0.238725 0.655822
    outer loop
      vertex 49.2894 -29.1742 2.4
      vertex 47.8782 -29.0123 0.799999
      vertex 49.289 -29.1754 2.4
    endloop
  endfacet
  facet normal -0.716175 -0.238725 0.655822
    outer loop
      vertex 47.8782 -27.7877 0.799999
      vertex 49.2894 -27.6258 2.4
      vertex 49.289 -27.6246 2.4
    endloop
  endfacet
  facet normal -0.715197 -0.242849 0.655376
    outer loop
      vertex 49.2894 -27.6258 2.4
      vertex 47.8782 -27.7877 0.799999
      vertex 47.9455 -27.9859 0.799999
    endloop
  endfacet
  facet normal -0.747743 -0.115037 0.653947
    outer loop
      vertex 47.9455 -27.9859 0.799999
      vertex 49.2896 -27.6271 2.4
      vertex 49.2894 -27.6258 2.4
    endloop
  endfacet
  facet normal -0.74083 -0.147228 0.655359
    outer loop
      vertex 49.2896 -27.6271 2.4
      vertex 47.9455 -27.9859 0.799999
      vertex 47.9863 -28.1912 0.799999
    endloop
  endfacet
  facet normal 0.74083 0.147228 0.655359
    outer loop
      vertex 43.5104 -29.1729 2.4
      vertex 44.8545 -28.8141 0.799999
      vertex 44.8137 -28.6088 0.799999
    endloop
  endfacet
  facet normal 0.747743 0.115037 0.653947
    outer loop
      vertex 44.8545 -28.8141 0.799999
      vertex 43.5104 -29.1729 2.4
      vertex 43.5106 -29.1742 2.4
    endloop
  endfacet
  facet normal 0.628112 0.419463 0.655382
    outer loop
      vertex 45.0144 -29.2 0.799999
      vertex 43.8102 -29.8967 2.4
      vertex 45.1306 -29.374 0.799999
    endloop
  endfacet
  facet normal 0.619203 0.433442 0.654764
    outer loop
      vertex 43.8102 -29.8967 2.4
      vertex 45.0144 -29.2 0.799999
      vertex 43.8095 -29.8957 2.4
    endloop
  endfacet
  facet normal -0.334164 -0.677349 0.655388
    outer loop
      vertex 47.2 -27.0144 0.799999
      vertex 47.8945 -25.8089 2.4
      vertex 47.0123 -26.9218 0.799999
    endloop
  endfacet
  facet normal -0.337729 -0.675459 0.655511
    outer loop
      vertex 47.8945 -25.8089 2.4
      vertex 47.2 -27.0144 0.799999
      vertex 47.8957 -25.8095 2.4
    endloop
  endfacet
  facet normal 0.715197 0.242849 0.655376
    outer loop
      vertex 43.5106 -29.1742 2.4
      vertex 44.9218 -29.0123 0.799999
      vertex 44.8545 -28.8141 0.799999
    endloop
  endfacet
  facet normal 0.716175 0.238725 0.655822
    outer loop
      vertex 44.9218 -29.0123 0.799999
      vertex 43.5106 -29.1742 2.4
      vertex 43.511 -29.1754 2.4
    endloop
  endfacet
  facet normal 0.628091 0.419502 0.655378
    outer loop
      vertex 44.0268 -30.221 2.4
      vertex 45.1306 -29.374 0.799999
      vertex 43.8102 -29.8967 2.4
    endloop
  endfacet
  facet normal 0.147382 -0.740784 0.655376
    outer loop
      vertex 46.1912 -26.8137 0.799999
      vertex 46.0096 -25.4343 2.4
      vertex 45.6271 -25.5104 2.4
    endloop
  endfacet
  facet normal 0.0493934 -0.753685 0.655377
    outer loop
      vertex 46.1912 -26.8137 0.799999
      vertex 46.3987 -25.4088 2.4
      vertex 46.0096 -25.4343 2.4
    endloop
  endfacet
  facet normal 0.498081 0.567797 0.65538
    outer loop
      vertex 44.579 -30.7732 2.4
      vertex 45.426 -29.6694 0.799999
      vertex 44.2858 -30.516 2.4
    endloop
  endfacet
  facet normal 0.747743 -0.115037 0.653947
    outer loop
      vertex 43.5104 -27.6271 2.4
      vertex 44.8545 -27.9859 0.799999
      vertex 43.5106 -27.6258 2.4
    endloop
  endfacet
  facet normal 0.74083 -0.147228 0.655359
    outer loop
      vertex 44.8545 -27.9859 0.799999
      vertex 43.5104 -27.6271 2.4
      vertex 44.8137 -28.1912 0.799999
    endloop
  endfacet
  facet normal 0.716175 -0.238725 0.655822
    outer loop
      vertex 43.5106 -27.6258 2.4
      vertex 44.9218 -27.7877 0.799999
      vertex 43.511 -27.6246 2.4
    endloop
  endfacet
  facet normal 0.715197 -0.242849 0.655376
    outer loop
      vertex 44.9218 -27.7877 0.799999
      vertex 43.5106 -27.6258 2.4
      vertex 44.8545 -27.9859 0.799999
    endloop
  endfacet
  facet normal 0.677413 0.334059 0.655375
    outer loop
      vertex 43.8089 -29.8945 2.4
      vertex 44.9218 -29.0123 0.799999
      vertex 43.6364 -29.5447 2.4
    endloop
  endfacet
  facet normal 0.715194 0.242852 0.655378
    outer loop
      vertex 43.6364 -29.5447 2.4
      vertex 44.9218 -29.0123 0.799999
      vertex 43.511 -29.1754 2.4
    endloop
  endfacet
  facet normal 0.334059 -0.677413 0.655375
    outer loop
      vertex 45.7877 -26.9218 0.799999
      vertex 45.2553 -25.6364 2.4
      vertex 44.9055 -25.8089 2.4
    endloop
  endfacet
  facet normal 0.753339 0.0579491 0.655075
    outer loop
      vertex 43.4088 -28.4013 2.4
      vertex 44.8 -28.4 0.799999
      vertex 43.4087 -28.4 2.4
    endloop
  endfacet
  facet normal 0.753687 0.0494517 0.655371
    outer loop
      vertex 44.8 -28.4 0.799999
      vertex 43.4088 -28.4013 2.4
      vertex 44.8137 -28.6088 0.799999
    endloop
  endfacet
  facet normal 0.242852 -0.715194 0.655378
    outer loop
      vertex 45.7877 -26.9218 0.799999
      vertex 45.6246 -25.511 2.4
      vertex 45.2553 -25.6364 2.4
    endloop
  endfacet
  facet normal -0.147382 0.740784 0.655376
    outer loop
      vertex 46.7904 -31.3657 2.4
      vertex 47.1729 -31.2896 2.4
      vertex 46.6088 -29.9863 0.799999
    endloop
  endfacet
  facet normal -0.0494517 0.753687 0.655371
    outer loop
      vertex 46.4 -30 0.799999
      vertex 46.4013 -31.3912 2.4
      vertex 46.6088 -29.9863 0.799999
    endloop
  endfacet
  facet normal -0.0579491 0.753339 0.655075
    outer loop
      vertex 46.4013 -31.3912 2.4
      vertex 46.4 -30 0.799999
      vertex 46.4 -31.3913 2.4
    endloop
  endfacet
  facet normal -0.0493934 0.753685 0.655377
    outer loop
      vertex 46.7904 -31.3657 2.4
      vertex 46.6088 -29.9863 0.799999
      vertex 46.4013 -31.3912 2.4
    endloop
  endfacet
  facet normal -0.433442 -0.619203 0.654764
    outer loop
      vertex 47.2 -27.0144 0.799999
      vertex 47.8967 -25.8102 2.4
      vertex 47.8957 -25.8095 2.4
    endloop
  endfacet
  facet normal -0.419463 -0.628112 0.655382
    outer loop
      vertex 47.8967 -25.8102 2.4
      vertex 47.2 -27.0144 0.799999
      vertex 47.374 -27.1306 0.799999
    endloop
  endfacet
  facet normal 0.498081 -0.567797 0.65538
    outer loop
      vertex 45.426 -27.1306 0.799999
      vertex 44.579 -26.0268 2.4
      vertex 44.2858 -26.284 2.4
    endloop
  endfacet
  facet normal 0.238725 -0.716175 0.655822
    outer loop
      vertex 45.7877 -26.9218 0.799999
      vertex 45.6258 -25.5106 2.4
      vertex 45.6246 -25.511 2.4
    endloop
  endfacet
  facet normal 0.242849 -0.715197 0.655376
    outer loop
      vertex 45.6258 -25.5106 2.4
      vertex 45.7877 -26.9218 0.799999
      vertex 45.9859 -26.8545 0.799999
    endloop
  endfacet
  facet normal 0.334059 0.677413 0.655375
    outer loop
      vertex 45.2553 -31.1636 2.4
      vertex 45.7877 -29.8782 0.799999
      vertex 44.9055 -30.9911 2.4
    endloop
  endfacet
  facet normal 0.0579491 0.753339 0.655075
    outer loop
      vertex 46.4 -30 0.799999
      vertex 46.3987 -31.3912 2.4
      vertex 46.4 -31.3913 2.4
    endloop
  endfacet
  facet normal 0.0494517 0.753687 0.655371
    outer loop
      vertex 46.3987 -31.3912 2.4
      vertex 46.4 -30 0.799999
      vertex 46.1912 -29.9863 0.799999
    endloop
  endfacet
  facet normal 0.0493934 0.753685 0.655377
    outer loop
      vertex 46.3987 -31.3912 2.4
      vertex 46.1912 -29.9863 0.799999
      vertex 46.0096 -31.3657 2.4
    endloop
  endfacet
  facet normal -0.238725 0.716175 0.655822
    outer loop
      vertex 47.0123 -29.8782 0.799999
      vertex 47.1742 -31.2894 2.4
      vertex 47.1754 -31.289 2.4
    endloop
  endfacet
  facet normal -0.242849 0.715197 0.655376
    outer loop
      vertex 47.1742 -31.2894 2.4
      vertex 47.0123 -29.8782 0.799999
      vertex 46.8141 -29.9455 0.799999
    endloop
  endfacet
  facet normal -0.115037 0.747743 0.653947
    outer loop
      vertex 46.8141 -29.9455 0.799999
      vertex 47.1729 -31.2896 2.4
      vertex 47.1742 -31.2894 2.4
    endloop
  endfacet
  facet normal -0.147228 0.74083 0.655359
    outer loop
      vertex 47.1729 -31.2896 2.4
      vertex 46.8141 -29.9455 0.799999
      vertex 46.6088 -29.9863 0.799999
    endloop
  endfacet
  facet normal 0.147228 0.74083 0.655359
    outer loop
      vertex 45.9859 -29.9455 0.799999
      vertex 45.6271 -31.2896 2.4
      vertex 46.1912 -29.9863 0.799999
    endloop
  endfacet
  facet normal 0.115037 0.747743 0.653947
    outer loop
      vertex 45.6271 -31.2896 2.4
      vertex 45.9859 -29.9455 0.799999
      vertex 45.6258 -31.2894 2.4
    endloop
  endfacet
  facet normal -0.194922 -0.980819 0
    outer loop
      vertex 46.6088 29.9863 0
      vertex 46.8141 29.9455 0.799999
      vertex 46.6088 29.9863 0.799999
    endloop
  endfacet
  facet normal -0.194922 -0.980819 -0
    outer loop
      vertex 46.8141 29.9455 0.799999
      vertex 46.6088 29.9863 0
      vertex 46.8141 29.9455 0
    endloop
  endfacet
  facet normal -0.980819 -0.194922 0
    outer loop
      vertex 47.9863 28.6088 0
      vertex 47.9455 28.8141 0.799999
      vertex 47.9455 28.8141 0
    endloop
  endfacet
  facet normal -0.980819 -0.194922 0
    outer loop
      vertex 47.9455 28.8141 0.799999
      vertex 47.9863 28.6088 0
      vertex 47.9863 28.6088 0.799999
    endloop
  endfacet
  facet normal -0.997854 -0.0654722 0
    outer loop
      vertex 48 28.4 0
      vertex 47.9863 28.6088 0.799999
      vertex 47.9863 28.6088 0
    endloop
  endfacet
  facet normal -0.997854 -0.0654722 0
    outer loop
      vertex 47.9863 28.6088 0.799999
      vertex 48 28.4 0
      vertex 48 28.4 0.799999
    endloop
  endfacet
  facet normal -0.946901 -0.321526 0
    outer loop
      vertex 47.9455 28.8141 0
      vertex 47.8782 29.0123 0.799999
      vertex 47.8782 29.0123 0
    endloop
  endfacet
  facet normal -0.946901 -0.321526 0
    outer loop
      vertex 47.8782 29.0123 0.799999
      vertex 47.9455 28.8141 0
      vertex 47.9455 28.8141 0.799999
    endloop
  endfacet
  facet normal -0.831609 -0.555362 0
    outer loop
      vertex 47.7856 29.2 0
      vertex 47.6694 29.374 0.799999
      vertex 47.6694 29.374 0
    endloop
  endfacet
  facet normal -0.831609 -0.555362 0
    outer loop
      vertex 47.6694 29.374 0.799999
      vertex 47.7856 29.2 0
      vertex 47.7856 29.2 0.799999
    endloop
  endfacet
  facet normal -0.321526 -0.946901 0
    outer loop
      vertex 46.8141 29.9455 0
      vertex 47.0123 29.8782 0.799999
      vertex 46.8141 29.9455 0.799999
    endloop
  endfacet
  facet normal -0.321526 -0.946901 -0
    outer loop
      vertex 47.0123 29.8782 0.799999
      vertex 46.8141 29.9455 0
      vertex 47.0123 29.8782 0
    endloop
  endfacet
  facet normal -0.997854 0.0654722 0
    outer loop
      vertex 47.9863 28.1912 0
      vertex 48 28.4 0.799999
      vertex 48 28.4 0
    endloop
  endfacet
  facet normal -0.997854 0.0654722 0
    outer loop
      vertex 48 28.4 0.799999
      vertex 47.9863 28.1912 0
      vertex 47.9863 28.1912 0.799999
    endloop
  endfacet
  facet normal 0.555362 0.831609 -0
    outer loop
      vertex 45.6 27.0144 0
      vertex 45.426 27.1306 0.799999
      vertex 45.6 27.0144 0.799999
    endloop
  endfacet
  facet normal 0.555362 0.831609 0
    outer loop
      vertex 45.426 27.1306 0.799999
      vertex 45.6 27.0144 0
      vertex 45.426 27.1306 0
    endloop
  endfacet
  facet normal 0.321526 0.946901 -0
    outer loop
      vertex 45.9859 26.8545 0
      vertex 45.7877 26.9218 0.799999
      vertex 45.9859 26.8545 0.799999
    endloop
  endfacet
  facet normal 0.321526 0.946901 0
    outer loop
      vertex 45.7877 26.9218 0.799999
      vertex 45.9859 26.8545 0
      vertex 45.7877 26.9218 0
    endloop
  endfacet
  facet normal -0.896803 -0.442429 0
    outer loop
      vertex 47.8782 29.0123 0
      vertex 47.7856 29.2 0.799999
      vertex 47.7856 29.2 0
    endloop
  endfacet
  facet normal -0.896803 -0.442429 0
    outer loop
      vertex 47.7856 29.2 0.799999
      vertex 47.8782 29.0123 0
      vertex 47.8782 29.0123 0.799999
    endloop
  endfacet
  facet normal 0.321526 -0.946901 0
    outer loop
      vertex 45.7877 29.8782 0
      vertex 45.9859 29.9455 0.799999
      vertex 45.7877 29.8782 0.799999
    endloop
  endfacet
  facet normal 0.321526 -0.946901 0
    outer loop
      vertex 45.9859 29.9455 0.799999
      vertex 45.7877 29.8782 0
      vertex 45.9859 29.9455 0
    endloop
  endfacet
  facet normal -0.751925 -0.659248 0
    outer loop
      vertex 47.6694 29.374 0
      vertex 47.5314 29.5314 0.799999
      vertex 47.5314 29.5314 0
    endloop
  endfacet
  facet normal -0.751925 -0.659248 0
    outer loop
      vertex 47.5314 29.5314 0.799999
      vertex 47.6694 29.374 0
      vertex 47.6694 29.374 0.799999
    endloop
  endfacet
  facet normal -0.946901 0.321526 0
    outer loop
      vertex 47.8782 27.7877 0
      vertex 47.9455 27.9859 0.799999
      vertex 47.9455 27.9859 0
    endloop
  endfacet
  facet normal -0.946901 0.321526 0
    outer loop
      vertex 47.9455 27.9859 0.799999
      vertex 47.8782 27.7877 0
      vertex 47.8782 27.7877 0.799999
    endloop
  endfacet
  facet normal 0.751925 0.659248 0
    outer loop
      vertex 45.2686 27.2686 0.799999
      vertex 45.1306 27.426 0
      vertex 45.1306 27.426 0.799999
    endloop
  endfacet
  facet normal 0.751925 0.659248 0
    outer loop
      vertex 45.1306 27.426 0
      vertex 45.2686 27.2686 0.799999
      vertex 45.2686 27.2686 0
    endloop
  endfacet
  facet normal -0.980819 0.194922 0
    outer loop
      vertex 47.9455 27.9859 0
      vertex 47.9863 28.1912 0.799999
      vertex 47.9863 28.1912 0
    endloop
  endfacet
  facet normal -0.980819 0.194922 0
    outer loop
      vertex 47.9863 28.1912 0.799999
      vertex 47.9455 27.9859 0
      vertex 47.9455 27.9859 0.799999
    endloop
  endfacet
  facet normal 0.659248 -0.751925 0
    outer loop
      vertex 45.2686 29.5314 0
      vertex 45.426 29.6694 0.799999
      vertex 45.2686 29.5314 0.799999
    endloop
  endfacet
  facet normal 0.659248 -0.751925 0
    outer loop
      vertex 45.426 29.6694 0.799999
      vertex 45.2686 29.5314 0
      vertex 45.426 29.6694 0
    endloop
  endfacet
  facet normal 0.946901 0.321526 0
    outer loop
      vertex 44.9218 27.7877 0.799999
      vertex 44.8545 27.9859 0
      vertex 44.8545 27.9859 0.799999
    endloop
  endfacet
  facet normal 0.946901 0.321526 0
    outer loop
      vertex 44.8545 27.9859 0
      vertex 44.9218 27.7877 0.799999
      vertex 44.9218 27.7877 0
    endloop
  endfacet
  facet normal -0.831609 0.555362 0
    outer loop
      vertex 47.6694 27.426 0
      vertex 47.7856 27.6 0.799999
      vertex 47.7856 27.6 0
    endloop
  endfacet
  facet normal -0.831609 0.555362 0
    outer loop
      vertex 47.7856 27.6 0.799999
      vertex 47.6694 27.426 0
      vertex 47.6694 27.426 0.799999
    endloop
  endfacet
  facet normal -0.442429 -0.896803 0
    outer loop
      vertex 47.0123 29.8782 0
      vertex 47.2 29.7856 0.799999
      vertex 47.0123 29.8782 0.799999
    endloop
  endfacet
  facet normal -0.442429 -0.896803 -0
    outer loop
      vertex 47.2 29.7856 0.799999
      vertex 47.0123 29.8782 0
      vertex 47.2 29.7856 0
    endloop
  endfacet
  facet normal 0.442429 -0.896803 0
    outer loop
      vertex 45.6 29.7856 0
      vertex 45.7877 29.8782 0.799999
      vertex 45.6 29.7856 0.799999
    endloop
  endfacet
  facet normal 0.442429 -0.896803 0
    outer loop
      vertex 45.7877 29.8782 0.799999
      vertex 45.6 29.7856 0
      vertex 45.7877 29.8782 0
    endloop
  endfacet
  facet normal -0.442429 0.896803 0
    outer loop
      vertex 47.2 27.0144 0
      vertex 47.0123 26.9218 0.799999
      vertex 47.2 27.0144 0.799999
    endloop
  endfacet
  facet normal -0.442429 0.896803 0
    outer loop
      vertex 47.0123 26.9218 0.799999
      vertex 47.2 27.0144 0
      vertex 47.0123 26.9218 0
    endloop
  endfacet
  facet normal -0.321526 0.946901 0
    outer loop
      vertex 47.0123 26.9218 0
      vertex 46.8141 26.8545 0.799999
      vertex 47.0123 26.9218 0.799999
    endloop
  endfacet
  facet normal -0.321526 0.946901 0
    outer loop
      vertex 46.8141 26.8545 0.799999
      vertex 47.0123 26.9218 0
      vertex 46.8141 26.8545 0
    endloop
  endfacet
  facet normal 0.896803 0.442429 0
    outer loop
      vertex 45.0144 27.6 0.799999
      vertex 44.9218 27.7877 0
      vertex 44.9218 27.7877 0.799999
    endloop
  endfacet
  facet normal 0.896803 0.442429 0
    outer loop
      vertex 44.9218 27.7877 0
      vertex 45.0144 27.6 0.799999
      vertex 45.0144 27.6 0
    endloop
  endfacet
  facet normal 0.980819 0.194922 0
    outer loop
      vertex 44.8545 27.9859 0.799999
      vertex 44.8137 28.1912 0
      vertex 44.8137 28.1912 0.799999
    endloop
  endfacet
  facet normal 0.980819 0.194922 0
    outer loop
      vertex 44.8137 28.1912 0
      vertex 44.8545 27.9859 0.799999
      vertex 44.8545 27.9859 0
    endloop
  endfacet
  facet normal 0.555362 -0.831609 0
    outer loop
      vertex 45.426 29.6694 0
      vertex 45.6 29.7856 0.799999
      vertex 45.426 29.6694 0.799999
    endloop
  endfacet
  facet normal 0.555362 -0.831609 0
    outer loop
      vertex 45.6 29.7856 0.799999
      vertex 45.426 29.6694 0
      vertex 45.6 29.7856 0
    endloop
  endfacet
  facet normal -0.555362 0.831609 0
    outer loop
      vertex 47.374 27.1306 0
      vertex 47.2 27.0144 0.799999
      vertex 47.374 27.1306 0.799999
    endloop
  endfacet
  facet normal -0.555362 0.831609 0
    outer loop
      vertex 47.2 27.0144 0.799999
      vertex 47.374 27.1306 0
      vertex 47.2 27.0144 0
    endloop
  endfacet
  facet normal -0.194922 0.980819 0
    outer loop
      vertex 46.8141 26.8545 0
      vertex 46.6088 26.8137 0.799999
      vertex 46.8141 26.8545 0.799999
    endloop
  endfacet
  facet normal -0.194922 0.980819 0
    outer loop
      vertex 46.6088 26.8137 0.799999
      vertex 46.8141 26.8545 0
      vertex 46.6088 26.8137 0
    endloop
  endfacet
  facet normal -0.659248 -0.751925 0
    outer loop
      vertex 47.374 29.6694 0
      vertex 47.5314 29.5314 0.799999
      vertex 47.374 29.6694 0.799999
    endloop
  endfacet
  facet normal -0.659248 -0.751925 -0
    outer loop
      vertex 47.5314 29.5314 0.799999
      vertex 47.374 29.6694 0
      vertex 47.5314 29.5314 0
    endloop
  endfacet
  facet normal 0.946901 -0.321526 0
    outer loop
      vertex 44.8545 28.8141 0.799999
      vertex 44.9218 29.0123 0
      vertex 44.9218 29.0123 0.799999
    endloop
  endfacet
  facet normal 0.946901 -0.321526 0
    outer loop
      vertex 44.9218 29.0123 0
      vertex 44.8545 28.8141 0.799999
      vertex 44.8545 28.8141 0
    endloop
  endfacet
  facet normal -0.0654722 0.997854 0
    outer loop
      vertex 46.6088 26.8137 0
      vertex 46.4 26.8 0.799999
      vertex 46.6088 26.8137 0.799999
    endloop
  endfacet
  facet normal -0.0654722 0.997854 0
    outer loop
      vertex 46.4 26.8 0.799999
      vertex 46.6088 26.8137 0
      vertex 46.4 26.8 0
    endloop
  endfacet
  facet normal 0.194922 -0.980819 0
    outer loop
      vertex 45.9859 29.9455 0
      vertex 46.1912 29.9863 0.799999
      vertex 45.9859 29.9455 0.799999
    endloop
  endfacet
  facet normal 0.194922 -0.980819 0
    outer loop
      vertex 46.1912 29.9863 0.799999
      vertex 45.9859 29.9455 0
      vertex 46.1912 29.9863 0
    endloop
  endfacet
  facet normal 0.659248 0.751925 -0
    outer loop
      vertex 45.426 27.1306 0
      vertex 45.2686 27.2686 0.799999
      vertex 45.426 27.1306 0.799999
    endloop
  endfacet
  facet normal 0.659248 0.751925 0
    outer loop
      vertex 45.2686 27.2686 0.799999
      vertex 45.426 27.1306 0
      vertex 45.2686 27.2686 0
    endloop
  endfacet
  facet normal -0.659248 0.751925 0
    outer loop
      vertex 47.5314 27.2686 0
      vertex 47.374 27.1306 0.799999
      vertex 47.5314 27.2686 0.799999
    endloop
  endfacet
  facet normal -0.659248 0.751925 0
    outer loop
      vertex 47.374 27.1306 0.799999
      vertex 47.5314 27.2686 0
      vertex 47.374 27.1306 0
    endloop
  endfacet
  facet normal 0.896803 -0.442429 0
    outer loop
      vertex 44.9218 29.0123 0.799999
      vertex 45.0144 29.2 0
      vertex 45.0144 29.2 0.799999
    endloop
  endfacet
  facet normal 0.896803 -0.442429 0
    outer loop
      vertex 45.0144 29.2 0
      vertex 44.9218 29.0123 0.799999
      vertex 44.9218 29.0123 0
    endloop
  endfacet
  facet normal -0.896803 0.442429 0
    outer loop
      vertex 47.7856 27.6 0
      vertex 47.8782 27.7877 0.799999
      vertex 47.8782 27.7877 0
    endloop
  endfacet
  facet normal -0.896803 0.442429 0
    outer loop
      vertex 47.8782 27.7877 0.799999
      vertex 47.7856 27.6 0
      vertex 47.7856 27.6 0.799999
    endloop
  endfacet
  facet normal -0.751925 0.659248 0
    outer loop
      vertex 47.5314 27.2686 0
      vertex 47.6694 27.426 0.799999
      vertex 47.6694 27.426 0
    endloop
  endfacet
  facet normal -0.751925 0.659248 0
    outer loop
      vertex 47.6694 27.426 0.799999
      vertex 47.5314 27.2686 0
      vertex 47.5314 27.2686 0.799999
    endloop
  endfacet
  facet normal 0.0654722 0.997854 -0
    outer loop
      vertex 46.4 26.8 0
      vertex 46.1912 26.8137 0.799999
      vertex 46.4 26.8 0.799999
    endloop
  endfacet
  facet normal 0.0654722 0.997854 0
    outer loop
      vertex 46.1912 26.8137 0.799999
      vertex 46.4 26.8 0
      vertex 46.1912 26.8137 0
    endloop
  endfacet
  facet normal -0.0654722 -0.997854 0
    outer loop
      vertex 46.4 30 0
      vertex 46.6088 29.9863 0.799999
      vertex 46.4 30 0.799999
    endloop
  endfacet
  facet normal -0.0654722 -0.997854 -0
    outer loop
      vertex 46.6088 29.9863 0.799999
      vertex 46.4 30 0
      vertex 46.6088 29.9863 0
    endloop
  endfacet
  facet normal -0.555362 -0.831609 0
    outer loop
      vertex 47.2 29.7856 0
      vertex 47.374 29.6694 0.799999
      vertex 47.2 29.7856 0.799999
    endloop
  endfacet
  facet normal -0.555362 -0.831609 -0
    outer loop
      vertex 47.374 29.6694 0.799999
      vertex 47.2 29.7856 0
      vertex 47.374 29.6694 0
    endloop
  endfacet
  facet normal 0.997854 0.0654722 0
    outer loop
      vertex 44.8137 28.1912 0.799999
      vertex 44.8 28.4 0
      vertex 44.8 28.4 0.799999
    endloop
  endfacet
  facet normal 0.997854 0.0654722 0
    outer loop
      vertex 44.8 28.4 0
      vertex 44.8137 28.1912 0.799999
      vertex 44.8137 28.1912 0
    endloop
  endfacet
  facet normal 0.751925 -0.659248 0
    outer loop
      vertex 45.1306 29.374 0.799999
      vertex 45.2686 29.5314 0
      vertex 45.2686 29.5314 0.799999
    endloop
  endfacet
  facet normal 0.751925 -0.659248 0
    outer loop
      vertex 45.2686 29.5314 0
      vertex 45.1306 29.374 0.799999
      vertex 45.1306 29.374 0
    endloop
  endfacet
  facet normal 0.0654722 -0.997854 0
    outer loop
      vertex 46.1912 29.9863 0
      vertex 46.4 30 0.799999
      vertex 46.1912 29.9863 0.799999
    endloop
  endfacet
  facet normal 0.0654722 -0.997854 0
    outer loop
      vertex 46.4 30 0.799999
      vertex 46.1912 29.9863 0
      vertex 46.4 30 0
    endloop
  endfacet
  facet normal 0.194922 0.980819 -0
    outer loop
      vertex 46.1912 26.8137 0
      vertex 45.9859 26.8545 0.799999
      vertex 46.1912 26.8137 0.799999
    endloop
  endfacet
  facet normal 0.194922 0.980819 0
    outer loop
      vertex 45.9859 26.8545 0.799999
      vertex 46.1912 26.8137 0
      vertex 45.9859 26.8545 0
    endloop
  endfacet
  facet normal 0.980819 -0.194922 0
    outer loop
      vertex 44.8137 28.6088 0.799999
      vertex 44.8545 28.8141 0
      vertex 44.8545 28.8141 0.799999
    endloop
  endfacet
  facet normal 0.980819 -0.194922 0
    outer loop
      vertex 44.8545 28.8141 0
      vertex 44.8137 28.6088 0.799999
      vertex 44.8137 28.6088 0
    endloop
  endfacet
  facet normal 0.997854 -0.0654722 0
    outer loop
      vertex 44.8 28.4 0.799999
      vertex 44.8137 28.6088 0
      vertex 44.8137 28.6088 0.799999
    endloop
  endfacet
  facet normal 0.997854 -0.0654722 0
    outer loop
      vertex 44.8137 28.6088 0
      vertex 44.8 28.4 0.799999
      vertex 44.8 28.4 0
    endloop
  endfacet
  facet normal 0.442429 0.896803 -0
    outer loop
      vertex 45.7877 26.9218 0
      vertex 45.6 27.0144 0.799999
      vertex 45.7877 26.9218 0.799999
    endloop
  endfacet
  facet normal 0.442429 0.896803 0
    outer loop
      vertex 45.6 27.0144 0.799999
      vertex 45.7877 26.9218 0
      vertex 45.6 27.0144 0
    endloop
  endfacet
  facet normal 0.831609 -0.555362 0
    outer loop
      vertex 45.0144 29.2 0.799999
      vertex 45.1306 29.374 0
      vertex 45.1306 29.374 0.799999
    endloop
  endfacet
  facet normal 0.831609 -0.555362 0
    outer loop
      vertex 45.1306 29.374 0
      vertex 45.0144 29.2 0.799999
      vertex 45.0144 29.2 0
    endloop
  endfacet
  facet normal 0.831609 0.555362 0
    outer loop
      vertex 45.1306 27.426 0.799999
      vertex 45.0144 27.6 0
      vertex 45.0144 27.6 0.799999
    endloop
  endfacet
  facet normal 0.831609 0.555362 0
    outer loop
      vertex 45.0144 27.6 0
      vertex 45.1306 27.426 0.799999
      vertex 45.1306 27.426 0
    endloop
  endfacet
  facet normal -0.753687 -0.0494517 0.655371
    outer loop
      vertex 48 28.4 0.799999
      vertex 49.3912 28.4013 2.4
      vertex 47.9863 28.6088 0.799999
    endloop
  endfacet
  facet normal -0.753339 -0.0579491 0.655075
    outer loop
      vertex 49.3912 28.4013 2.4
      vertex 48 28.4 0.799999
      vertex 49.3913 28.4 2.4
    endloop
  endfacet
  facet normal 0.497942 0.567943 0.655358
    outer loop
      vertex 45.2686 27.2686 0.799999
      vertex 44.2858 26.284 2.4
      vertex 45.426 27.1306 0.799999
    endloop
  endfacet
  facet normal 0.472641 0.590801 0.653884
    outer loop
      vertex 44.2858 26.284 2.4
      vertex 45.2686 27.2686 0.799999
      vertex 44.2848 26.2848 2.4
    endloop
  endfacet
  facet normal -0.628091 0.419502 0.655378
    outer loop
      vertex 48.7732 26.579 2.4
      vertex 48.9898 26.9033 2.4
      vertex 47.6694 27.426 0.799999
    endloop
  endfacet
  facet normal 0.677349 0.334164 0.655388
    outer loop
      vertex 43.8089 26.9055 2.4
      vertex 45.0144 27.6 0.799999
      vertex 44.9218 27.7877 0.799999
    endloop
  endfacet
  facet normal 0.675459 0.337729 0.655511
    outer loop
      vertex 45.0144 27.6 0.799999
      vertex 43.8089 26.9055 2.4
      vertex 43.8095 26.9043 2.4
    endloop
  endfacet
  facet normal 0.753339 -0.0579491 0.655075
    outer loop
      vertex 44.8 28.4 0.799999
      vertex 43.4088 28.4013 2.4
      vertex 43.4087 28.4 2.4
    endloop
  endfacet
  facet normal 0.753687 -0.0494517 0.655371
    outer loop
      vertex 43.4088 28.4013 2.4
      vertex 44.8 28.4 0.799999
      vertex 44.8137 28.6088 0.799999
    endloop
  endfacet
  facet normal 0.567797 -0.498081 0.65538
    outer loop
      vertex 45.1306 29.374 0.799999
      vertex 44.284 30.5142 2.4
      vertex 44.0268 30.221 2.4
    endloop
  endfacet
  facet normal 0.567943 0.497942 0.655358
    outer loop
      vertex 44.284 26.2858 2.4
      vertex 45.2686 27.2686 0.799999
      vertex 45.1306 27.426 0.799999
    endloop
  endfacet
  facet normal 0.590801 0.472641 0.653884
    outer loop
      vertex 45.2686 27.2686 0.799999
      vertex 44.284 26.2858 2.4
      vertex 44.2848 26.2848 2.4
    endloop
  endfacet
  facet normal 0.115037 -0.747743 0.653947
    outer loop
      vertex 45.9859 29.9455 0.799999
      vertex 45.6271 31.2896 2.4
      vertex 45.6258 31.2894 2.4
    endloop
  endfacet
  facet normal 0.147228 -0.74083 0.655359
    outer loop
      vertex 45.6271 31.2896 2.4
      vertex 45.9859 29.9455 0.799999
      vertex 46.1912 29.9863 0.799999
    endloop
  endfacet
  facet normal 0.567797 0.498081 0.65538
    outer loop
      vertex 44.284 26.2858 2.4
      vertex 45.1306 27.426 0.799999
      vertex 44.0268 26.579 2.4
    endloop
  endfacet
  facet normal 0.677413 -0.334059 0.655375
    outer loop
      vertex 44.9218 29.0123 0.799999
      vertex 43.8089 29.8945 2.4
      vertex 43.6364 29.5447 2.4
    endloop
  endfacet
  facet normal -0.472641 -0.590801 0.653884
    outer loop
      vertex 48.5142 30.516 2.4
      vertex 47.5314 29.5314 0.799999
      vertex 48.5152 30.5152 2.4
    endloop
  endfacet
  facet normal -0.497942 -0.567943 0.655358
    outer loop
      vertex 47.5314 29.5314 0.799999
      vertex 48.5142 30.516 2.4
      vertex 47.374 29.6694 0.799999
    endloop
  endfacet
  facet normal 0.147382 0.740784 0.655376
    outer loop
      vertex 46.0096 25.4343 2.4
      vertex 46.1912 26.8137 0.799999
      vertex 45.6271 25.5104 2.4
    endloop
  endfacet
  facet normal -0.498081 -0.567797 0.65538
    outer loop
      vertex 48.5142 30.516 2.4
      vertex 48.221 30.7732 2.4
      vertex 47.374 29.6694 0.799999
    endloop
  endfacet
  facet normal 0.337729 -0.675459 0.655511
    outer loop
      vertex 45.6 29.7856 0.799999
      vertex 44.9055 30.9911 2.4
      vertex 44.9043 30.9905 2.4
    endloop
  endfacet
  facet normal 0.334164 -0.677349 0.655388
    outer loop
      vertex 44.9055 30.9911 2.4
      vertex 45.6 29.7856 0.799999
      vertex 45.7877 29.8782 0.799999
    endloop
  endfacet
  facet normal 0.715194 -0.242852 0.655378
    outer loop
      vertex 44.9218 29.0123 0.799999
      vertex 43.6364 29.5447 2.4
      vertex 43.511 29.1754 2.4
    endloop
  endfacet
  facet normal -0.677349 0.334164 0.655388
    outer loop
      vertex 47.7856 27.6 0.799999
      vertex 48.9911 26.9055 2.4
      vertex 47.8782 27.7877 0.799999
    endloop
  endfacet
  facet normal -0.675459 0.337729 0.655511
    outer loop
      vertex 48.9911 26.9055 2.4
      vertex 47.7856 27.6 0.799999
      vertex 48.9905 26.9043 2.4
    endloop
  endfacet
  facet normal -0.677413 0.334059 0.655375
    outer loop
      vertex 48.9911 26.9055 2.4
      vertex 49.1636 27.2553 2.4
      vertex 47.8782 27.7877 0.799999
    endloop
  endfacet
  facet normal -0.472641 0.590801 0.653884
    outer loop
      vertex 47.5314 27.2686 0.799999
      vertex 48.5142 26.284 2.4
      vertex 48.5152 26.2848 2.4
    endloop
  endfacet
  facet normal -0.497942 0.567943 0.655358
    outer loop
      vertex 48.5142 26.284 2.4
      vertex 47.5314 27.2686 0.799999
      vertex 47.374 27.1306 0.799999
    endloop
  endfacet
  facet normal 0.628112 -0.419463 0.655382
    outer loop
      vertex 43.8102 29.8967 2.4
      vertex 45.0144 29.2 0.799999
      vertex 45.1306 29.374 0.799999
    endloop
  endfacet
  facet normal 0.619203 -0.433442 0.654764
    outer loop
      vertex 45.0144 29.2 0.799999
      vertex 43.8102 29.8967 2.4
      vertex 43.8095 29.8957 2.4
    endloop
  endfacet
  facet normal -0.740784 0.147382 0.655376
    outer loop
      vertex 49.2896 27.6271 2.4
      vertex 49.3657 28.0096 2.4
      vertex 47.9863 28.1912 0.799999
    endloop
  endfacet
  facet normal -0.619203 -0.433442 0.654764
    outer loop
      vertex 48.9898 29.8967 2.4
      vertex 47.7856 29.2 0.799999
      vertex 48.9905 29.8957 2.4
    endloop
  endfacet
  facet normal -0.628112 -0.419463 0.655382
    outer loop
      vertex 47.7856 29.2 0.799999
      vertex 48.9898 29.8967 2.4
      vertex 47.6694 29.374 0.799999
    endloop
  endfacet
  facet normal -0.242852 0.715194 0.655378
    outer loop
      vertex 47.1754 25.511 2.4
      vertex 47.5447 25.6364 2.4
      vertex 47.0123 26.9218 0.799999
    endloop
  endfacet
  facet normal 0.740784 -0.147382 0.655376
    outer loop
      vertex 44.8137 28.6088 0.799999
      vertex 43.5104 29.1729 2.4
      vertex 43.4343 28.7904 2.4
    endloop
  endfacet
  facet normal -0.677413 -0.334059 0.655375
    outer loop
      vertex 49.1636 29.5447 2.4
      vertex 48.9911 29.8945 2.4
      vertex 47.8782 29.0123 0.799999
    endloop
  endfacet
  facet normal 0.334164 0.677349 0.655388
    outer loop
      vertex 45.6 27.0144 0.799999
      vertex 44.9055 25.8089 2.4
      vertex 45.7877 26.9218 0.799999
    endloop
  endfacet
  facet normal 0.337729 0.675459 0.655511
    outer loop
      vertex 44.9055 25.8089 2.4
      vertex 45.6 27.0144 0.799999
      vertex 44.9043 25.8095 2.4
    endloop
  endfacet
  facet normal -0.740784 -0.147382 0.655376
    outer loop
      vertex 49.3657 28.7904 2.4
      vertex 49.2896 29.1729 2.4
      vertex 47.9863 28.6088 0.799999
    endloop
  endfacet
  facet normal -0.715194 0.242852 0.655378
    outer loop
      vertex 49.1636 27.2553 2.4
      vertex 49.289 27.6246 2.4
      vertex 47.8782 27.7877 0.799999
    endloop
  endfacet
  facet normal 0.753685 -0.0493934 0.655377
    outer loop
      vertex 44.8137 28.6088 0.799999
      vertex 43.4343 28.7904 2.4
      vertex 43.4088 28.4013 2.4
    endloop
  endfacet
  facet normal 0.242849 0.715197 0.655376
    outer loop
      vertex 45.7877 26.9218 0.799999
      vertex 45.6258 25.5106 2.4
      vertex 45.9859 26.8545 0.799999
    endloop
  endfacet
  facet normal 0.238725 0.716175 0.655822
    outer loop
      vertex 45.6258 25.5106 2.4
      vertex 45.7877 26.9218 0.799999
      vertex 45.6246 25.511 2.4
    endloop
  endfacet
  facet normal -0.334059 0.677413 0.655375
    outer loop
      vertex 47.5447 25.6364 2.4
      vertex 47.8945 25.8089 2.4
      vertex 47.0123 26.9218 0.799999
    endloop
  endfacet
  facet normal -0.242852 -0.715194 0.655378
    outer loop
      vertex 47.5447 31.1636 2.4
      vertex 47.1754 31.289 2.4
      vertex 47.0123 29.8782 0.799999
    endloop
  endfacet
  facet normal -0.567797 -0.498081 0.65538
    outer loop
      vertex 48.7732 30.221 2.4
      vertex 48.516 30.5142 2.4
      vertex 47.6694 29.374 0.799999
    endloop
  endfacet
  facet normal 0.419463 0.628112 0.655382
    outer loop
      vertex 44.9033 25.8102 2.4
      vertex 45.6 27.0144 0.799999
      vertex 45.426 27.1306 0.799999
    endloop
  endfacet
  facet normal 0.433442 0.619203 0.654764
    outer loop
      vertex 45.6 27.0144 0.799999
      vertex 44.9033 25.8102 2.4
      vertex 44.9043 25.8095 2.4
    endloop
  endfacet
  facet normal 0.433442 -0.619203 0.654764
    outer loop
      vertex 44.9033 30.9898 2.4
      vertex 45.6 29.7856 0.799999
      vertex 44.9043 30.9905 2.4
    endloop
  endfacet
  facet normal 0.419463 -0.628112 0.655382
    outer loop
      vertex 45.6 29.7856 0.799999
      vertex 44.9033 30.9898 2.4
      vertex 45.426 29.6694 0.799999
    endloop
  endfacet
  facet normal 0.419502 0.628091 0.655378
    outer loop
      vertex 44.9033 25.8102 2.4
      vertex 45.426 27.1306 0.799999
      vertex 44.579 26.0268 2.4
    endloop
  endfacet
  facet normal -0.567797 0.498081 0.65538
    outer loop
      vertex 48.516 26.2858 2.4
      vertex 48.7732 26.579 2.4
      vertex 47.6694 27.426 0.799999
    endloop
  endfacet
  facet normal -0.0579491 -0.753339 0.655075
    outer loop
      vertex 46.4 30 0.799999
      vertex 46.4013 31.3912 2.4
      vertex 46.4 31.3913 2.4
    endloop
  endfacet
  facet normal -0.0494517 -0.753687 0.655371
    outer loop
      vertex 46.4013 31.3912 2.4
      vertex 46.4 30 0.799999
      vertex 46.6088 29.9863 0.799999
    endloop
  endfacet
  facet normal 0.419502 -0.628091 0.655378
    outer loop
      vertex 45.426 29.6694 0.799999
      vertex 44.9033 30.9898 2.4
      vertex 44.579 30.7732 2.4
    endloop
  endfacet
  facet normal -0.628091 -0.419502 0.655378
    outer loop
      vertex 48.9898 29.8967 2.4
      vertex 48.7732 30.221 2.4
      vertex 47.6694 29.374 0.799999
    endloop
  endfacet
  facet normal -0.753339 0.0579491 0.655075
    outer loop
      vertex 48 28.4 0.799999
      vertex 49.3912 28.3987 2.4
      vertex 49.3913 28.4 2.4
    endloop
  endfacet
  facet normal -0.753687 0.0494517 0.655371
    outer loop
      vertex 49.3912 28.3987 2.4
      vertex 48 28.4 0.799999
      vertex 47.9863 28.1912 0.799999
    endloop
  endfacet
  facet normal -0.715194 -0.242852 0.655378
    outer loop
      vertex 49.289 29.1754 2.4
      vertex 49.1636 29.5447 2.4
      vertex 47.8782 29.0123 0.799999
    endloop
  endfacet
  facet normal -0.498081 0.567797 0.65538
    outer loop
      vertex 48.221 26.0268 2.4
      vertex 48.5142 26.284 2.4
      vertex 47.374 27.1306 0.799999
    endloop
  endfacet
  facet normal -0.753685 -0.0493934 0.655377
    outer loop
      vertex 49.3912 28.4013 2.4
      vertex 49.3657 28.7904 2.4
      vertex 47.9863 28.6088 0.799999
    endloop
  endfacet
  facet normal -0.753685 0.0493934 0.655377
    outer loop
      vertex 49.3657 28.0096 2.4
      vertex 49.3912 28.3987 2.4
      vertex 47.9863 28.1912 0.799999
    endloop
  endfacet
  facet normal 0.628091 -0.419502 0.655378
    outer loop
      vertex 45.1306 29.374 0.799999
      vertex 44.0268 30.221 2.4
      vertex 43.8102 29.8967 2.4
    endloop
  endfacet
  facet normal -0.147382 -0.740784 0.655376
    outer loop
      vertex 47.1729 31.2896 2.4
      vertex 46.7904 31.3657 2.4
      vertex 46.6088 29.9863 0.799999
    endloop
  endfacet
  facet normal -0.334059 -0.677413 0.655375
    outer loop
      vertex 47.8945 30.9911 2.4
      vertex 47.5447 31.1636 2.4
      vertex 47.0123 29.8782 0.799999
    endloop
  endfacet
  facet normal 0.740784 0.147382 0.655376
    outer loop
      vertex 43.5104 27.6271 2.4
      vertex 44.8137 28.1912 0.799999
      vertex 43.4343 28.0096 2.4
    endloop
  endfacet
  facet normal -0.0493934 -0.753685 0.655377
    outer loop
      vertex 46.6088 29.9863 0.799999
      vertex 46.7904 31.3657 2.4
      vertex 46.4013 31.3912 2.4
    endloop
  endfacet
  facet normal 0.0494517 -0.753687 0.655371
    outer loop
      vertex 46.4 30 0.799999
      vertex 46.3987 31.3912 2.4
      vertex 46.1912 29.9863 0.799999
    endloop
  endfacet
  facet normal 0.0579491 -0.753339 0.655075
    outer loop
      vertex 46.3987 31.3912 2.4
      vertex 46.4 30 0.799999
      vertex 46.4 31.3913 2.4
    endloop
  endfacet
  facet normal 0.675459 -0.337729 0.655511
    outer loop
      vertex 43.8089 29.8945 2.4
      vertex 45.0144 29.2 0.799999
      vertex 43.8095 29.8957 2.4
    endloop
  endfacet
  facet normal 0.677349 -0.334164 0.655388
    outer loop
      vertex 45.0144 29.2 0.799999
      vertex 43.8089 29.8945 2.4
      vertex 44.9218 29.0123 0.799999
    endloop
  endfacet
  facet normal -0.590801 -0.472641 0.653884
    outer loop
      vertex 47.5314 29.5314 0.799999
      vertex 48.516 30.5142 2.4
      vertex 48.5152 30.5152 2.4
    endloop
  endfacet
  facet normal -0.567943 -0.497942 0.655358
    outer loop
      vertex 48.516 30.5142 2.4
      vertex 47.5314 29.5314 0.799999
      vertex 47.6694 29.374 0.799999
    endloop
  endfacet
  facet normal -0.567943 0.497942 0.655358
    outer loop
      vertex 47.5314 27.2686 0.799999
      vertex 48.516 26.2858 2.4
      vertex 47.6694 27.426 0.799999
    endloop
  endfacet
  facet normal -0.590801 0.472641 0.653884
    outer loop
      vertex 48.516 26.2858 2.4
      vertex 47.5314 27.2686 0.799999
      vertex 48.5152 26.2848 2.4
    endloop
  endfacet
  facet normal 0.497942 -0.567943 0.655358
    outer loop
      vertex 44.2858 30.516 2.4
      vertex 45.2686 29.5314 0.799999
      vertex 45.426 29.6694 0.799999
    endloop
  endfacet
  facet normal 0.472641 -0.590801 0.653884
    outer loop
      vertex 45.2686 29.5314 0.799999
      vertex 44.2858 30.516 2.4
      vertex 44.2848 30.5152 2.4
    endloop
  endfacet
  facet normal -0.419502 0.628091 0.655378
    outer loop
      vertex 47.8967 25.8102 2.4
      vertex 48.221 26.0268 2.4
      vertex 47.374 27.1306 0.799999
    endloop
  endfacet
  facet normal 0.753685 0.0493934 0.655377
    outer loop
      vertex 43.4343 28.0096 2.4
      vertex 44.8137 28.1912 0.799999
      vertex 43.4088 28.3987 2.4
    endloop
  endfacet
  facet normal -0.419463 0.628112 0.655382
    outer loop
      vertex 47.2 27.0144 0.799999
      vertex 47.8967 25.8102 2.4
      vertex 47.374 27.1306 0.799999
    endloop
  endfacet
  facet normal -0.433442 0.619203 0.654764
    outer loop
      vertex 47.8967 25.8102 2.4
      vertex 47.2 27.0144 0.799999
      vertex 47.8957 25.8095 2.4
    endloop
  endfacet
  facet normal -0.337729 0.675459 0.655511
    outer loop
      vertex 47.2 27.0144 0.799999
      vertex 47.8945 25.8089 2.4
      vertex 47.8957 25.8095 2.4
    endloop
  endfacet
  facet normal -0.334164 0.677349 0.655388
    outer loop
      vertex 47.8945 25.8089 2.4
      vertex 47.2 27.0144 0.799999
      vertex 47.0123 26.9218 0.799999
    endloop
  endfacet
  facet normal -0.147228 -0.74083 0.655359
    outer loop
      vertex 46.8141 29.9455 0.799999
      vertex 47.1729 31.2896 2.4
      vertex 46.6088 29.9863 0.799999
    endloop
  endfacet
  facet normal -0.115037 -0.747743 0.653947
    outer loop
      vertex 47.1729 31.2896 2.4
      vertex 46.8141 29.9455 0.799999
      vertex 47.1742 31.2894 2.4
    endloop
  endfacet
  facet normal -0.242849 -0.715197 0.655376
    outer loop
      vertex 47.0123 29.8782 0.799999
      vertex 47.1742 31.2894 2.4
      vertex 46.8141 29.9455 0.799999
    endloop
  endfacet
  facet normal -0.238725 -0.716175 0.655822
    outer loop
      vertex 47.1742 31.2894 2.4
      vertex 47.0123 29.8782 0.799999
      vertex 47.1754 31.289 2.4
    endloop
  endfacet
  facet normal 0.242852 0.715194 0.655378
    outer loop
      vertex 45.6246 25.511 2.4
      vertex 45.7877 26.9218 0.799999
      vertex 45.2553 25.6364 2.4
    endloop
  endfacet
  facet normal 0.590801 -0.472641 0.653884
    outer loop
      vertex 44.284 30.5142 2.4
      vertex 45.2686 29.5314 0.799999
      vertex 44.2848 30.5152 2.4
    endloop
  endfacet
  facet normal 0.567943 -0.497942 0.655358
    outer loop
      vertex 45.2686 29.5314 0.799999
      vertex 44.284 30.5142 2.4
      vertex 45.1306 29.374 0.799999
    endloop
  endfacet
  facet normal -0.74083 0.147228 0.655359
    outer loop
      vertex 47.9455 27.9859 0.799999
      vertex 49.2896 27.6271 2.4
      vertex 47.9863 28.1912 0.799999
    endloop
  endfacet
  facet normal -0.747743 0.115037 0.653947
    outer loop
      vertex 49.2896 27.6271 2.4
      vertex 47.9455 27.9859 0.799999
      vertex 49.2894 27.6258 2.4
    endloop
  endfacet
  facet normal -0.619203 0.433442 0.654764
    outer loop
      vertex 47.7856 27.6 0.799999
      vertex 48.9898 26.9033 2.4
      vertex 48.9905 26.9043 2.4
    endloop
  endfacet
  facet normal -0.628112 0.419463 0.655382
    outer loop
      vertex 48.9898 26.9033 2.4
      vertex 47.7856 27.6 0.799999
      vertex 47.6694 27.426 0.799999
    endloop
  endfacet
  facet normal -0.419502 -0.628091 0.655378
    outer loop
      vertex 48.221 30.7732 2.4
      vertex 47.8967 30.9898 2.4
      vertex 47.374 29.6694 0.799999
    endloop
  endfacet
  facet normal -0.675459 -0.337729 0.655511
    outer loop
      vertex 47.7856 29.2 0.799999
      vertex 48.9911 29.8945 2.4
      vertex 48.9905 29.8957 2.4
    endloop
  endfacet
  facet normal -0.677349 -0.334164 0.655388
    outer loop
      vertex 48.9911 29.8945 2.4
      vertex 47.7856 29.2 0.799999
      vertex 47.8782 29.0123 0.799999
    endloop
  endfacet
  facet normal -0.715197 0.242849 0.655376
    outer loop
      vertex 47.8782 27.7877 0.799999
      vertex 49.2894 27.6258 2.4
      vertex 47.9455 27.9859 0.799999
    endloop
  endfacet
  facet normal -0.716175 0.238725 0.655822
    outer loop
      vertex 49.2894 27.6258 2.4
      vertex 47.8782 27.7877 0.799999
      vertex 49.289 27.6246 2.4
    endloop
  endfacet
  facet normal -0.716175 -0.238725 0.655822
    outer loop
      vertex 47.8782 29.0123 0.799999
      vertex 49.2894 29.1742 2.4
      vertex 49.289 29.1754 2.4
    endloop
  endfacet
  facet normal -0.715197 -0.242849 0.655376
    outer loop
      vertex 49.2894 29.1742 2.4
      vertex 47.8782 29.0123 0.799999
      vertex 47.9455 28.8141 0.799999
    endloop
  endfacet
  facet normal -0.747743 -0.115037 0.653947
    outer loop
      vertex 47.9455 28.8141 0.799999
      vertex 49.2896 29.1729 2.4
      vertex 49.2894 29.1742 2.4
    endloop
  endfacet
  facet normal -0.74083 -0.147228 0.655359
    outer loop
      vertex 49.2896 29.1729 2.4
      vertex 47.9455 28.8141 0.799999
      vertex 47.9863 28.6088 0.799999
    endloop
  endfacet
  facet normal 0.74083 0.147228 0.655359
    outer loop
      vertex 43.5104 27.6271 2.4
      vertex 44.8545 27.9859 0.799999
      vertex 44.8137 28.1912 0.799999
    endloop
  endfacet
  facet normal 0.747743 0.115037 0.653947
    outer loop
      vertex 44.8545 27.9859 0.799999
      vertex 43.5104 27.6271 2.4
      vertex 43.5106 27.6258 2.4
    endloop
  endfacet
  facet normal 0.628112 0.419463 0.655382
    outer loop
      vertex 45.0144 27.6 0.799999
      vertex 43.8102 26.9033 2.4
      vertex 45.1306 27.426 0.799999
    endloop
  endfacet
  facet normal 0.619203 0.433442 0.654764
    outer loop
      vertex 43.8102 26.9033 2.4
      vertex 45.0144 27.6 0.799999
      vertex 43.8095 26.9043 2.4
    endloop
  endfacet
  facet normal -0.334164 -0.677349 0.655388
    outer loop
      vertex 47.2 29.7856 0.799999
      vertex 47.8945 30.9911 2.4
      vertex 47.0123 29.8782 0.799999
    endloop
  endfacet
  facet normal -0.337729 -0.675459 0.655511
    outer loop
      vertex 47.8945 30.9911 2.4
      vertex 47.2 29.7856 0.799999
      vertex 47.8957 30.9905 2.4
    endloop
  endfacet
  facet normal 0.715197 0.242849 0.655376
    outer loop
      vertex 43.5106 27.6258 2.4
      vertex 44.9218 27.7877 0.799999
      vertex 44.8545 27.9859 0.799999
    endloop
  endfacet
  facet normal 0.716175 0.238725 0.655822
    outer loop
      vertex 44.9218 27.7877 0.799999
      vertex 43.5106 27.6258 2.4
      vertex 43.511 27.6246 2.4
    endloop
  endfacet
  facet normal 0.628091 0.419502 0.655378
    outer loop
      vertex 44.0268 26.579 2.4
      vertex 45.1306 27.426 0.799999
      vertex 43.8102 26.9033 2.4
    endloop
  endfacet
  facet normal 0.147382 -0.740784 0.655376
    outer loop
      vertex 46.1912 29.9863 0.799999
      vertex 46.0096 31.3657 2.4
      vertex 45.6271 31.2896 2.4
    endloop
  endfacet
  facet normal 0.0493934 -0.753685 0.655377
    outer loop
      vertex 46.1912 29.9863 0.799999
      vertex 46.3987 31.3912 2.4
      vertex 46.0096 31.3657 2.4
    endloop
  endfacet
  facet normal 0.498081 0.567797 0.65538
    outer loop
      vertex 44.579 26.0268 2.4
      vertex 45.426 27.1306 0.799999
      vertex 44.2858 26.284 2.4
    endloop
  endfacet
  facet normal 0.747743 -0.115037 0.653947
    outer loop
      vertex 43.5104 29.1729 2.4
      vertex 44.8545 28.8141 0.799999
      vertex 43.5106 29.1742 2.4
    endloop
  endfacet
  facet normal 0.74083 -0.147228 0.655359
    outer loop
      vertex 44.8545 28.8141 0.799999
      vertex 43.5104 29.1729 2.4
      vertex 44.8137 28.6088 0.799999
    endloop
  endfacet
  facet normal 0.716175 -0.238725 0.655822
    outer loop
      vertex 43.5106 29.1742 2.4
      vertex 44.9218 29.0123 0.799999
      vertex 43.511 29.1754 2.4
    endloop
  endfacet
  facet normal 0.715197 -0.242849 0.655376
    outer loop
      vertex 44.9218 29.0123 0.799999
      vertex 43.5106 29.1742 2.4
      vertex 44.8545 28.8141 0.799999
    endloop
  endfacet
  facet normal 0.677413 0.334059 0.655375
    outer loop
      vertex 43.8089 26.9055 2.4
      vertex 44.9218 27.7877 0.799999
      vertex 43.6364 27.2553 2.4
    endloop
  endfacet
  facet normal 0.715194 0.242852 0.655378
    outer loop
      vertex 43.6364 27.2553 2.4
      vertex 44.9218 27.7877 0.799999
      vertex 43.511 27.6246 2.4
    endloop
  endfacet
  facet normal 0.334059 -0.677413 0.655375
    outer loop
      vertex 45.7877 29.8782 0.799999
      vertex 45.2553 31.1636 2.4
      vertex 44.9055 30.9911 2.4
    endloop
  endfacet
  facet normal 0.753339 0.0579491 0.655075
    outer loop
      vertex 43.4088 28.3987 2.4
      vertex 44.8 28.4 0.799999
      vertex 43.4087 28.4 2.4
    endloop
  endfacet
  facet normal 0.753687 0.0494517 0.655371
    outer loop
      vertex 44.8 28.4 0.799999
      vertex 43.4088 28.3987 2.4
      vertex 44.8137 28.1912 0.799999
    endloop
  endfacet
  facet normal 0.242852 -0.715194 0.655378
    outer loop
      vertex 45.7877 29.8782 0.799999
      vertex 45.6246 31.289 2.4
      vertex 45.2553 31.1636 2.4
    endloop
  endfacet
  facet normal -0.147382 0.740784 0.655376
    outer loop
      vertex 46.7904 25.4343 2.4
      vertex 47.1729 25.5104 2.4
      vertex 46.6088 26.8137 0.799999
    endloop
  endfacet
  facet normal -0.0494517 0.753687 0.655371
    outer loop
      vertex 46.4 26.8 0.799999
      vertex 46.4013 25.4088 2.4
      vertex 46.6088 26.8137 0.799999
    endloop
  endfacet
  facet normal -0.0579491 0.753339 0.655075
    outer loop
      vertex 46.4013 25.4088 2.4
      vertex 46.4 26.8 0.799999
      vertex 46.4 25.4087 2.4
    endloop
  endfacet
  facet normal -0.0493934 0.753685 0.655377
    outer loop
      vertex 46.7904 25.4343 2.4
      vertex 46.6088 26.8137 0.799999
      vertex 46.4013 25.4088 2.4
    endloop
  endfacet
  facet normal -0.433442 -0.619203 0.654764
    outer loop
      vertex 47.2 29.7856 0.799999
      vertex 47.8967 30.9898 2.4
      vertex 47.8957 30.9905 2.4
    endloop
  endfacet
  facet normal -0.419463 -0.628112 0.655382
    outer loop
      vertex 47.8967 30.9898 2.4
      vertex 47.2 29.7856 0.799999
      vertex 47.374 29.6694 0.799999
    endloop
  endfacet
  facet normal 0.498081 -0.567797 0.65538
    outer loop
      vertex 45.426 29.6694 0.799999
      vertex 44.579 30.7732 2.4
      vertex 44.2858 30.516 2.4
    endloop
  endfacet
  facet normal 0.238725 -0.716175 0.655822
    outer loop
      vertex 45.7877 29.8782 0.799999
      vertex 45.6258 31.2894 2.4
      vertex 45.6246 31.289 2.4
    endloop
  endfacet
  facet normal 0.242849 -0.715197 0.655376
    outer loop
      vertex 45.6258 31.2894 2.4
      vertex 45.7877 29.8782 0.799999
      vertex 45.9859 29.9455 0.799999
    endloop
  endfacet
  facet normal 0.334059 0.677413 0.655375
    outer loop
      vertex 45.2553 25.6364 2.4
      vertex 45.7877 26.9218 0.799999
      vertex 44.9055 25.8089 2.4
    endloop
  endfacet
  facet normal 0.0579491 0.753339 0.655075
    outer loop
      vertex 46.4 26.8 0.799999
      vertex 46.3987 25.4088 2.4
      vertex 46.4 25.4087 2.4
    endloop
  endfacet
  facet normal 0.0494517 0.753687 0.655371
    outer loop
      vertex 46.3987 25.4088 2.4
      vertex 46.4 26.8 0.799999
      vertex 46.1912 26.8137 0.799999
    endloop
  endfacet
  facet normal 0.0493934 0.753685 0.655377
    outer loop
      vertex 46.3987 25.4088 2.4
      vertex 46.1912 26.8137 0.799999
      vertex 46.0096 25.4343 2.4
    endloop
  endfacet
  facet normal -0.238725 0.716175 0.655822
    outer loop
      vertex 47.0123 26.9218 0.799999
      vertex 47.1742 25.5106 2.4
      vertex 47.1754 25.511 2.4
    endloop
  endfacet
  facet normal -0.242849 0.715197 0.655376
    outer loop
      vertex 47.1742 25.5106 2.4
      vertex 47.0123 26.9218 0.799999
      vertex 46.8141 26.8545 0.799999
    endloop
  endfacet
  facet normal -0.115037 0.747743 0.653947
    outer loop
      vertex 46.8141 26.8545 0.799999
      vertex 47.1729 25.5104 2.4
      vertex 47.1742 25.5106 2.4
    endloop
  endfacet
  facet normal -0.147228 0.74083 0.655359
    outer loop
      vertex 47.1729 25.5104 2.4
      vertex 46.8141 26.8545 0.799999
      vertex 46.6088 26.8137 0.799999
    endloop
  endfacet
  facet normal 0.147228 0.74083 0.655359
    outer loop
      vertex 45.9859 26.8545 0.799999
      vertex 45.6271 25.5104 2.4
      vertex 46.1912 26.8137 0.799999
    endloop
  endfacet
  facet normal 0.115037 0.747743 0.653947
    outer loop
      vertex 45.6271 25.5104 2.4
      vertex 45.9859 26.8545 0.799999
      vertex 45.6258 25.5106 2.4
    endloop
  endfacet
  facet normal 1 -0 0
    outer loop
      vertex 51.8 -33.8 2.4
      vertex 51.8 33.8 0
      vertex 51.8 33.8 2.4
    endloop
  endfacet
  facet normal 1 0 0
    outer loop
      vertex 51.8 33.8 0
      vertex 51.8 -33.8 2.4
      vertex 51.8 -33.8 0
    endloop
  endfacet
  facet normal -0 0 1
    outer loop
      vertex -43.511 27.6246 2.4
      vertex 43.6364 27.2553 2.4
      vertex -43.5106 27.6258 2.4
    endloop
  endfacet
  facet normal 0 0 1
    outer loop
      vertex 43.8095 -26.9043 2.4
      vertex -43.4088 -28.3987 2.4
      vertex -43.4087 -28.4 2.4
    endloop
  endfacet
  facet normal 0 0 1
    outer loop
      vertex -43.6364 27.2553 2.4
      vertex 43.6364 27.2553 2.4
      vertex -43.511 27.6246 2.4
    endloop
  endfacet
  facet normal 0 0 1
    outer loop
      vertex 43.8095 -26.9043 2.4
      vertex -43.4343 -28.0096 2.4
      vertex -43.4088 -28.3987 2.4
    endloop
  endfacet
  facet normal 0 0 1
    outer loop
      vertex 43.6364 27.2553 2.4
      vertex -43.6364 27.2553 2.4
      vertex 43.8089 26.9055 2.4
    endloop
  endfacet
  facet normal 0 0 1
    outer loop
      vertex 43.8095 -26.9043 2.4
      vertex -43.5104 -27.6271 2.4
      vertex -43.4343 -28.0096 2.4
    endloop
  endfacet
  facet normal 0 0 1
    outer loop
      vertex 43.8089 26.9055 2.4
      vertex -43.6364 27.2553 2.4
      vertex 43.8095 26.9043 2.4
    endloop
  endfacet
  facet normal 0 0 1
    outer loop
      vertex 43.8095 -26.9043 2.4
      vertex -43.5106 -27.6258 2.4
      vertex -43.5104 -27.6271 2.4
    endloop
  endfacet
  facet normal -0 0 1
    outer loop
      vertex -43.8089 26.9055 2.4
      vertex 43.8095 26.9043 2.4
      vertex -43.6364 27.2553 2.4
    endloop
  endfacet
  facet normal 0 0 1
    outer loop
      vertex 43.8095 -26.9043 2.4
      vertex -43.511 -27.6246 2.4
      vertex -43.5106 -27.6258 2.4
    endloop
  endfacet
  facet normal 0 0 1
    outer loop
      vertex -43.8095 26.9043 2.4
      vertex 43.8095 26.9043 2.4
      vertex -43.8089 26.9055 2.4
    endloop
  endfacet
  facet normal 0 0 1
    outer loop
      vertex 43.8095 -26.9043 2.4
      vertex -43.6364 -27.2553 2.4
      vertex -43.511 -27.6246 2.4
    endloop
  endfacet
  facet normal 0 0 1
    outer loop
      vertex 43.8095 26.9043 2.4
      vertex -43.8095 26.9043 2.4
      vertex 43.8095 -26.9043 2.4
    endloop
  endfacet
  facet normal 0 0 1
    outer loop
      vertex 43.8095 -26.9043 2.4
      vertex -43.8089 -26.9055 2.4
      vertex -43.6364 -27.2553 2.4
    endloop
  endfacet
  facet normal 0 0 1
    outer loop
      vertex -43.8095 -26.9043 2.4
      vertex 43.8095 -26.9043 2.4
      vertex -43.8095 26.9043 2.4
    endloop
  endfacet
  facet normal 0 0 1
    outer loop
      vertex 43.8095 -26.9043 2.4
      vertex -43.8095 -26.9043 2.4
      vertex -43.8089 -26.9055 2.4
    endloop
  endfacet
  facet normal -0 0 1
    outer loop
      vertex -43.8102 26.9033 2.4
      vertex -43.8095 -26.9043 2.4
      vertex -43.8095 26.9043 2.4
    endloop
  endfacet
  facet normal 0 0 1
    outer loop
      vertex -43.8102 26.9033 2.4
      vertex -43.8102 -26.9033 2.4
      vertex -43.8095 -26.9043 2.4
    endloop
  endfacet
  facet normal -0 0 1
    outer loop
      vertex -44.0268 26.579 2.4
      vertex -43.8102 -26.9033 2.4
      vertex -43.8102 26.9033 2.4
    endloop
  endfacet
  facet normal 0 0 1
    outer loop
      vertex -44.0268 26.579 2.4
      vertex -44.0268 -26.579 2.4
      vertex -43.8102 -26.9033 2.4
    endloop
  endfacet
  facet normal -0 0 1
    outer loop
      vertex -44.284 26.2858 2.4
      vertex -44.0268 -26.579 2.4
      vertex -44.0268 26.579 2.4
    endloop
  endfacet
  facet normal 0 0 1
    outer loop
      vertex -44.284 26.2858 2.4
      vertex -44.284 -26.2858 2.4
      vertex -44.0268 -26.579 2.4
    endloop
  endfacet
  facet normal -0 0 1
    outer loop
      vertex -44.2848 26.2848 2.4
      vertex -44.284 -26.2858 2.4
      vertex -44.284 26.2858 2.4
    endloop
  endfacet
  facet normal 0 0 1
    outer loop
      vertex -44.2848 26.2848 2.4
      vertex -44.2848 -26.2848 2.4
      vertex -44.284 -26.2858 2.4
    endloop
  endfacet
  facet normal -0 0 1
    outer loop
      vertex -44.2858 26.284 2.4
      vertex -44.2848 -26.2848 2.4
      vertex -44.2848 26.2848 2.4
    endloop
  endfacet
  facet normal 0 0 1
    outer loop
      vertex -44.2858 26.284 2.4
      vertex -44.2858 -26.284 2.4
      vertex -44.2848 -26.2848 2.4
    endloop
  endfacet
  facet normal -0 0 1
    outer loop
      vertex -44.579 26.0268 2.4
      vertex -44.2858 -26.284 2.4
      vertex -44.2858 26.284 2.4
    endloop
  endfacet
  facet normal 0 0 1
    outer loop
      vertex -44.579 26.0268 2.4
      vertex -44.579 -26.0268 2.4
      vertex -44.2858 -26.284 2.4
    endloop
  endfacet
  facet normal -0 0 1
    outer loop
      vertex -44.9033 25.8102 2.4
      vertex -44.579 -26.0268 2.4
      vertex -44.579 26.0268 2.4
    endloop
  endfacet
  facet normal 0 0 1
    outer loop
      vertex -44.9033 25.8102 2.4
      vertex -44.9033 -25.8102 2.4
      vertex -44.579 -26.0268 2.4
    endloop
  endfacet
  facet normal -0 0 1
    outer loop
      vertex -44.9043 25.8095 2.4
      vertex -44.9033 -25.8102 2.4
      vertex -44.9033 25.8102 2.4
    endloop
  endfacet
  facet normal 0 0 1
    outer loop
      vertex -44.9043 25.8095 2.4
      vertex -44.9043 -25.8095 2.4
      vertex -44.9033 -25.8102 2.4
    endloop
  endfacet
  facet normal -0 0 1
    outer loop
      vertex -44.9055 25.8089 2.4
      vertex -44.9043 -25.8095 2.4
      vertex -44.9043 25.8095 2.4
    endloop
  endfacet
  facet normal 0 0 1
    outer loop
      vertex -44.9055 25.8089 2.4
      vertex -44.9055 -25.8089 2.4
      vertex -44.9043 -25.8095 2.4
    endloop
  endfacet
  facet normal -0 0 1
    outer loop
      vertex -45.2553 25.6364 2.4
      vertex -44.9055 -25.8089 2.4
      vertex -44.9055 25.8089 2.4
    endloop
  endfacet
  facet normal 0 0 1
    outer loop
      vertex -45.2553 25.6364 2.4
      vertex -45.2553 -25.6364 2.4
      vertex -44.9055 -25.8089 2.4
    endloop
  endfacet
  facet normal -0 0 1
    outer loop
      vertex -45.6246 25.511 2.4
      vertex -45.2553 -25.6364 2.4
      vertex -45.2553 25.6364 2.4
    endloop
  endfacet
  facet normal 0 0 1
    outer loop
      vertex -45.6246 25.511 2.4
      vertex -45.6246 -25.511 2.4
      vertex -45.2553 -25.6364 2.4
    endloop
  endfacet
  facet normal -0 0 1
    outer loop
      vertex -45.6258 25.5106 2.4
      vertex -45.6246 -25.511 2.4
      vertex -45.6246 25.511 2.4
    endloop
  endfacet
  facet normal 0 0 1
    outer loop
      vertex -45.6258 25.5106 2.4
      vertex -45.6258 -25.5106 2.4
      vertex -45.6246 -25.511 2.4
    endloop
  endfacet
  facet normal -0 0 1
    outer loop
      vertex -45.6271 25.5104 2.4
      vertex -45.6258 -25.5106 2.4
      vertex -45.6258 25.5106 2.4
    endloop
  endfacet
  facet normal 0 0 1
    outer loop
      vertex -45.6271 25.5104 2.4
      vertex -45.6271 -25.5104 2.4
      vertex -45.6258 -25.5106 2.4
    endloop
  endfacet
  facet normal -0 0 1
    outer loop
      vertex -46.0096 25.4343 2.4
      vertex -45.6271 -25.5104 2.4
      vertex -45.6271 25.5104 2.4
    endloop
  endfacet
  facet normal 0 0 1
    outer loop
      vertex -46.0096 25.4343 2.4
      vertex -46.0096 -25.4343 2.4
      vertex -45.6271 -25.5104 2.4
    endloop
  endfacet
  facet normal -0 0 1
    outer loop
      vertex -46.3987 25.4088 2.4
      vertex -46.0096 -25.4343 2.4
      vertex -46.0096 25.4343 2.4
    endloop
  endfacet
  facet normal 0 0 1
    outer loop
      vertex -46.3987 25.4088 2.4
      vertex -46.3987 -25.4088 2.4
      vertex -46.0096 -25.4343 2.4
    endloop
  endfacet
  facet normal -0 0 1
    outer loop
      vertex -46.4 25.4087 2.4
      vertex -46.3987 -25.4088 2.4
      vertex -46.3987 25.4088 2.4
    endloop
  endfacet
  facet normal 0 0 1
    outer loop
      vertex -46.4 25.4087 2.4
      vertex -46.4 -25.4087 2.4
      vertex -46.3987 -25.4088 2.4
    endloop
  endfacet
  facet normal 0 0 1
    outer loop
      vertex -46.4013 25.4088 2.4
      vertex -46.4 -25.4087 2.4
      vertex -46.4 25.4087 2.4
    endloop
  endfacet
  facet normal 0 0 1
    outer loop
      vertex -46.4013 25.4088 2.4
      vertex -46.4013 -25.4088 2.4
      vertex -46.4 -25.4087 2.4
    endloop
  endfacet
  facet normal 0 0 1
    outer loop
      vertex -46.7904 25.4343 2.4
      vertex -46.4013 -25.4088 2.4
      vertex -46.4013 25.4088 2.4
    endloop
  endfacet
  facet normal 0 0 1
    outer loop
      vertex -46.7904 25.4343 2.4
      vertex -46.7904 -25.4343 2.4
      vertex -46.4013 -25.4088 2.4
    endloop
  endfacet
  facet normal 0 0 1
    outer loop
      vertex -47.1729 25.5104 2.4
      vertex -46.7904 -25.4343 2.4
      vertex -46.7904 25.4343 2.4
    endloop
  endfacet
  facet normal 0 0 1
    outer loop
      vertex -47.1729 25.5104 2.4
      vertex -47.1729 -25.5104 2.4
      vertex -46.7904 -25.4343 2.4
    endloop
  endfacet
  facet normal 0 0 1
    outer loop
      vertex -47.1742 25.5106 2.4
      vertex -47.1729 -25.5104 2.4
      vertex -47.1729 25.5104 2.4
    endloop
  endfacet
  facet normal 0 0 1
    outer loop
      vertex -47.1742 25.5106 2.4
      vertex -47.1742 -25.5106 2.4
      vertex -47.1729 -25.5104 2.4
    endloop
  endfacet
  facet normal 0 0 1
    outer loop
      vertex -47.1754 25.511 2.4
      vertex -47.1742 -25.5106 2.4
      vertex -47.1742 25.5106 2.4
    endloop
  endfacet
  facet normal 0 0 1
    outer loop
      vertex -47.1754 25.511 2.4
      vertex -47.1754 -25.511 2.4
      vertex -47.1742 -25.5106 2.4
    endloop
  endfacet
  facet normal 0 0 1
    outer loop
      vertex -47.5447 25.6364 2.4
      vertex -47.1754 -25.511 2.4
      vertex -47.1754 25.511 2.4
    endloop
  endfacet
  facet normal 0 0 1
    outer loop
      vertex -47.5447 25.6364 2.4
      vertex -47.5447 -25.6364 2.4
      vertex -47.1754 -25.511 2.4
    endloop
  endfacet
  facet normal 0 0 1
    outer loop
      vertex -47.8945 25.8089 2.4
      vertex -47.5447 -25.6364 2.4
      vertex -47.5447 25.6364 2.4
    endloop
  endfacet
  facet normal 0 0 1
    outer loop
      vertex -47.8945 25.8089 2.4
      vertex -47.8945 -25.8089 2.4
      vertex -47.5447 -25.6364 2.4
    endloop
  endfacet
  facet normal 0 0 1
    outer loop
      vertex -47.8957 25.8095 2.4
      vertex -47.8945 -25.8089 2.4
      vertex -47.8945 25.8089 2.4
    endloop
  endfacet
  facet normal 0 0 1
    outer loop
      vertex -47.8957 25.8095 2.4
      vertex -47.8957 -25.8095 2.4
      vertex -47.8945 -25.8089 2.4
    endloop
  endfacet
  facet normal 0 0 1
    outer loop
      vertex -47.8967 25.8102 2.4
      vertex -47.8957 -25.8095 2.4
      vertex -47.8957 25.8095 2.4
    endloop
  endfacet
  facet normal 0 0 1
    outer loop
      vertex -47.8967 25.8102 2.4
      vertex -47.8967 -25.8102 2.4
      vertex -47.8957 -25.8095 2.4
    endloop
  endfacet
  facet normal 0 0 1
    outer loop
      vertex -48.221 26.0268 2.4
      vertex -47.8967 -25.8102 2.4
      vertex -47.8967 25.8102 2.4
    endloop
  endfacet
  facet normal 0 0 1
    outer loop
      vertex -48.221 26.0268 2.4
      vertex -48.221 -26.0268 2.4
      vertex -47.8967 -25.8102 2.4
    endloop
  endfacet
  facet normal 0 0 1
    outer loop
      vertex -48.5142 26.284 2.4
      vertex -48.221 -26.0268 2.4
      vertex -48.221 26.0268 2.4
    endloop
  endfacet
  facet normal 0 0 1
    outer loop
      vertex -48.5142 26.284 2.4
      vertex -48.5142 -26.284 2.4
      vertex -48.221 -26.0268 2.4
    endloop
  endfacet
  facet normal 0 0 1
    outer loop
      vertex -48.5152 26.2848 2.4
      vertex -48.5142 -26.284 2.4
      vertex -48.5142 26.284 2.4
    endloop
  endfacet
  facet normal 0 0 1
    outer loop
      vertex -48.5152 26.2848 2.4
      vertex -48.5152 -26.2848 2.4
      vertex -48.5142 -26.284 2.4
    endloop
  endfacet
  facet normal 0 0 1
    outer loop
      vertex -48.516 26.2858 2.4
      vertex -48.5152 -26.2848 2.4
      vertex -48.5152 26.2848 2.4
    endloop
  endfacet
  facet normal 0 0 1
    outer loop
      vertex -48.516 26.2858 2.4
      vertex -48.516 -26.2858 2.4
      vertex -48.5152 -26.2848 2.4
    endloop
  endfacet
  facet normal 0 0 1
    outer loop
      vertex -48.7732 26.579 2.4
      vertex -48.516 -26.2858 2.4
      vertex -48.516 26.2858 2.4
    endloop
  endfacet
  facet normal 0 0 1
    outer loop
      vertex -48.7732 26.579 2.4
      vertex -48.7732 -26.579 2.4
      vertex -48.516 -26.2858 2.4
    endloop
  endfacet
  facet normal 0 0 1
    outer loop
      vertex -48.9898 26.9033 2.4
      vertex -48.7732 -26.579 2.4
      vertex -48.7732 26.579 2.4
    endloop
  endfacet
  facet normal 0 0 1
    outer loop
      vertex -48.9898 26.9033 2.4
      vertex -48.9898 -26.9033 2.4
      vertex -48.7732 -26.579 2.4
    endloop
  endfacet
  facet normal 0 0 1
    outer loop
      vertex -48.9905 26.9043 2.4
      vertex -48.9898 -26.9033 2.4
      vertex -48.9898 26.9033 2.4
    endloop
  endfacet
  facet normal 0 0 1
    outer loop
      vertex -48.9905 26.9043 2.4
      vertex -48.9905 -26.9043 2.4
      vertex -48.9898 -26.9033 2.4
    endloop
  endfacet
  facet normal 0 0 1
    outer loop
      vertex -48.9911 26.9055 2.4
      vertex -48.9905 -26.9043 2.4
      vertex -48.9905 26.9043 2.4
    endloop
  endfacet
  facet normal 0 0 1
    outer loop
      vertex -48.9911 26.9055 2.4
      vertex -48.9911 -26.9055 2.4
      vertex -48.9905 -26.9043 2.4
    endloop
  endfacet
  facet normal 0 0 1
    outer loop
      vertex -49.1636 27.2553 2.4
      vertex -48.9911 -26.9055 2.4
      vertex -48.9911 26.9055 2.4
    endloop
  endfacet
  facet normal 0 0 1
    outer loop
      vertex -49.1636 27.2553 2.4
      vertex -49.1636 -27.2553 2.4
      vertex -48.9911 -26.9055 2.4
    endloop
  endfacet
  facet normal 0 0 1
    outer loop
      vertex -51.8 33.8 2.4
      vertex -49.1636 27.2553 2.4
      vertex -49.289 27.6246 2.4
    endloop
  endfacet
  facet normal 0 0 1
    outer loop
      vertex -49.1636 27.2553 2.4
      vertex -51.8 33.8 2.4
      vertex -49.1636 -27.2553 2.4
    endloop
  endfacet
  facet normal 0 0 1
    outer loop
      vertex -51.8 33.8 2.4
      vertex -49.289 27.6246 2.4
      vertex -49.2894 27.6258 2.4
    endloop
  endfacet
  facet normal 0 0 1
    outer loop
      vertex -51.8 -33.8 2.4
      vertex -49.1636 -27.2553 2.4
      vertex -51.8 33.8 2.4
    endloop
  endfacet
  facet normal 0 0 1
    outer loop
      vertex -51.8 33.8 2.4
      vertex -49.2894 27.6258 2.4
      vertex -49.2896 27.6271 2.4
    endloop
  endfacet
  facet normal 0 0 1
    outer loop
      vertex -49.1636 -27.2553 2.4
      vertex -51.8 -33.8 2.4
      vertex -49.289 -27.6246 2.4
    endloop
  endfacet
  facet normal 0 0 1
    outer loop
      vertex -51.8 33.8 2.4
      vertex -49.2896 27.6271 2.4
      vertex -49.3657 28.0096 2.4
    endloop
  endfacet
  facet normal 0 0 1
    outer loop
      vertex -49.289 -27.6246 2.4
      vertex -51.8 -33.8 2.4
      vertex -49.2894 -27.6258 2.4
    endloop
  endfacet
  facet normal 0 0 1
    outer loop
      vertex -51.8 33.8 2.4
      vertex -49.3657 28.0096 2.4
      vertex -49.3912 28.3987 2.4
    endloop
  endfacet
  facet normal 0 0 1
    outer loop
      vertex -49.2894 -27.6258 2.4
      vertex -51.8 -33.8 2.4
      vertex -49.2896 -27.6271 2.4
    endloop
  endfacet
  facet normal 0 0 1
    outer loop
      vertex -51.8 33.8 2.4
      vertex -49.3912 28.3987 2.4
      vertex -49.3913 28.4 2.4
    endloop
  endfacet
  facet normal 0 0 1
    outer loop
      vertex -49.2896 -27.6271 2.4
      vertex -51.8 -33.8 2.4
      vertex -49.3657 -28.0096 2.4
    endloop
  endfacet
  facet normal 0 0 1
    outer loop
      vertex 49.2896 27.6271 2.4
      vertex 51.8 33.8 2.4
      vertex 49.3657 28.0096 2.4
    endloop
  endfacet
  facet normal 0 0 1
    outer loop
      vertex 51.8 -33.8 2.4
      vertex 49.3912 -28.3987 2.4
      vertex 49.3913 -28.4 2.4
    endloop
  endfacet
  facet normal 0 0 1
    outer loop
      vertex 49.2894 27.6258 2.4
      vertex 51.8 33.8 2.4
      vertex 49.2896 27.6271 2.4
    endloop
  endfacet
  facet normal 0 0 1
    outer loop
      vertex 51.8 -33.8 2.4
      vertex 49.3657 -28.0096 2.4
      vertex 49.3912 -28.3987 2.4
    endloop
  endfacet
  facet normal 0 0 1
    outer loop
      vertex 49.289 27.6246 2.4
      vertex 51.8 33.8 2.4
      vertex 49.2894 27.6258 2.4
    endloop
  endfacet
  facet normal 0 0 1
    outer loop
      vertex 51.8 -33.8 2.4
      vertex 49.2896 -27.6271 2.4
      vertex 49.3657 -28.0096 2.4
    endloop
  endfacet
  facet normal 0 0 1
    outer loop
      vertex 49.1636 27.2553 2.4
      vertex 51.8 33.8 2.4
      vertex 49.289 27.6246 2.4
    endloop
  endfacet
  facet normal 0 0 1
    outer loop
      vertex 51.8 -33.8 2.4
      vertex 49.2894 -27.6258 2.4
      vertex 49.2896 -27.6271 2.4
    endloop
  endfacet
  facet normal 0 0 1
    outer loop
      vertex 51.8 33.8 2.4
      vertex 49.1636 27.2553 2.4
      vertex 51.8 -33.8 2.4
    endloop
  endfacet
  facet normal 0 0 1
    outer loop
      vertex 51.8 -33.8 2.4
      vertex 49.289 -27.6246 2.4
      vertex 49.2894 -27.6258 2.4
    endloop
  endfacet
  facet normal -0 0 1
    outer loop
      vertex 49.1636 -27.2553 2.4
      vertex 51.8 -33.8 2.4
      vertex 49.1636 27.2553 2.4
    endloop
  endfacet
  facet normal 0 0 1
    outer loop
      vertex 51.8 -33.8 2.4
      vertex 49.1636 -27.2553 2.4
      vertex 49.289 -27.6246 2.4
    endloop
  endfacet
  facet normal -0 0 1
    outer loop
      vertex 48.9911 26.9055 2.4
      vertex 49.1636 -27.2553 2.4
      vertex 49.1636 27.2553 2.4
    endloop
  endfacet
  facet normal 0 0 1
    outer loop
      vertex 48.9911 26.9055 2.4
      vertex 48.9911 -26.9055 2.4
      vertex 49.1636 -27.2553 2.4
    endloop
  endfacet
  facet normal -0 0 1
    outer loop
      vertex 48.9905 26.9043 2.4
      vertex 48.9911 -26.9055 2.4
      vertex 48.9911 26.9055 2.4
    endloop
  endfacet
  facet normal 0 0 1
    outer loop
      vertex 48.9905 26.9043 2.4
      vertex 48.9905 -26.9043 2.4
      vertex 48.9911 -26.9055 2.4
    endloop
  endfacet
  facet normal -0 0 1
    outer loop
      vertex 48.9898 26.9033 2.4
      vertex 48.9905 -26.9043 2.4
      vertex 48.9905 26.9043 2.4
    endloop
  endfacet
  facet normal 0 0 1
    outer loop
      vertex 48.9898 26.9033 2.4
      vertex 48.9898 -26.9033 2.4
      vertex 48.9905 -26.9043 2.4
    endloop
  endfacet
  facet normal -0 0 1
    outer loop
      vertex 48.7732 26.579 2.4
      vertex 48.9898 -26.9033 2.4
      vertex 48.9898 26.9033 2.4
    endloop
  endfacet
  facet normal 0 0 1
    outer loop
      vertex 48.7732 26.579 2.4
      vertex 48.7732 -26.579 2.4
      vertex 48.9898 -26.9033 2.4
    endloop
  endfacet
  facet normal -0 0 1
    outer loop
      vertex 48.516 26.2858 2.4
      vertex 48.7732 -26.579 2.4
      vertex 48.7732 26.579 2.4
    endloop
  endfacet
  facet normal 0 0 1
    outer loop
      vertex 48.516 26.2858 2.4
      vertex 48.516 -26.2858 2.4
      vertex 48.7732 -26.579 2.4
    endloop
  endfacet
  facet normal -0 0 1
    outer loop
      vertex 48.5152 26.2848 2.4
      vertex 48.516 -26.2858 2.4
      vertex 48.516 26.2858 2.4
    endloop
  endfacet
  facet normal 0 0 1
    outer loop
      vertex 48.5152 26.2848 2.4
      vertex 48.5152 -26.2848 2.4
      vertex 48.516 -26.2858 2.4
    endloop
  endfacet
  facet normal -0 0 1
    outer loop
      vertex 48.5142 26.284 2.4
      vertex 48.5152 -26.2848 2.4
      vertex 48.5152 26.2848 2.4
    endloop
  endfacet
  facet normal 0 0 1
    outer loop
      vertex 48.5142 26.284 2.4
      vertex 48.5142 -26.284 2.4
      vertex 48.5152 -26.2848 2.4
    endloop
  endfacet
  facet normal -0 0 1
    outer loop
      vertex 48.221 26.0268 2.4
      vertex 48.5142 -26.284 2.4
      vertex 48.5142 26.284 2.4
    endloop
  endfacet
  facet normal 0 0 1
    outer loop
      vertex 48.221 26.0268 2.4
      vertex 48.221 -26.0268 2.4
      vertex 48.5142 -26.284 2.4
    endloop
  endfacet
  facet normal -0 0 1
    outer loop
      vertex 47.8967 25.8102 2.4
      vertex 48.221 -26.0268 2.4
      vertex 48.221 26.0268 2.4
    endloop
  endfacet
  facet normal 0 0 1
    outer loop
      vertex 47.8967 25.8102 2.4
      vertex 47.8967 -25.8102 2.4
      vertex 48.221 -26.0268 2.4
    endloop
  endfacet
  facet normal -0 0 1
    outer loop
      vertex 47.8957 25.8095 2.4
      vertex 47.8967 -25.8102 2.4
      vertex 47.8967 25.8102 2.4
    endloop
  endfacet
  facet normal 0 0 1
    outer loop
      vertex 47.8957 25.8095 2.4
      vertex 47.8957 -25.8095 2.4
      vertex 47.8967 -25.8102 2.4
    endloop
  endfacet
  facet normal -0 0 1
    outer loop
      vertex 47.8945 25.8089 2.4
      vertex 47.8957 -25.8095 2.4
      vertex 47.8957 25.8095 2.4
    endloop
  endfacet
  facet normal 0 0 1
    outer loop
      vertex 47.8945 25.8089 2.4
      vertex 47.8945 -25.8089 2.4
      vertex 47.8957 -25.8095 2.4
    endloop
  endfacet
  facet normal -0 0 1
    outer loop
      vertex 47.5447 25.6364 2.4
      vertex 47.8945 -25.8089 2.4
      vertex 47.8945 25.8089 2.4
    endloop
  endfacet
  facet normal 0 0 1
    outer loop
      vertex 47.5447 25.6364 2.4
      vertex 47.5447 -25.6364 2.4
      vertex 47.8945 -25.8089 2.4
    endloop
  endfacet
  facet normal -0 0 1
    outer loop
      vertex 47.1754 25.511 2.4
      vertex 47.5447 -25.6364 2.4
      vertex 47.5447 25.6364 2.4
    endloop
  endfacet
  facet normal 0 0 1
    outer loop
      vertex 47.1754 25.511 2.4
      vertex 47.1754 -25.511 2.4
      vertex 47.5447 -25.6364 2.4
    endloop
  endfacet
  facet normal -0 0 1
    outer loop
      vertex 47.1742 25.5106 2.4
      vertex 47.1754 -25.511 2.4
      vertex 47.1754 25.511 2.4
    endloop
  endfacet
  facet normal 0 0 1
    outer loop
      vertex 47.1742 25.5106 2.4
      vertex 47.1742 -25.5106 2.4
      vertex 47.1754 -25.511 2.4
    endloop
  endfacet
  facet normal -0 0 1
    outer loop
      vertex 47.1729 25.5104 2.4
      vertex 47.1742 -25.5106 2.4
      vertex 47.1742 25.5106 2.4
    endloop
  endfacet
  facet normal 0 0 1
    outer loop
      vertex 47.1729 25.5104 2.4
      vertex 47.1729 -25.5104 2.4
      vertex 47.1742 -25.5106 2.4
    endloop
  endfacet
  facet normal -0 0 1
    outer loop
      vertex 46.7904 25.4343 2.4
      vertex 47.1729 -25.5104 2.4
      vertex 47.1729 25.5104 2.4
    endloop
  endfacet
  facet normal 0 0 1
    outer loop
      vertex 46.7904 25.4343 2.4
      vertex 46.7904 -25.4343 2.4
      vertex 47.1729 -25.5104 2.4
    endloop
  endfacet
  facet normal -0 0 1
    outer loop
      vertex 46.4013 25.4088 2.4
      vertex 46.7904 -25.4343 2.4
      vertex 46.7904 25.4343 2.4
    endloop
  endfacet
  facet normal 0 0 1
    outer loop
      vertex 46.4013 25.4088 2.4
      vertex 46.4013 -25.4088 2.4
      vertex 46.7904 -25.4343 2.4
    endloop
  endfacet
  facet normal -0 0 1
    outer loop
      vertex 46.4 25.4087 2.4
      vertex 46.4013 -25.4088 2.4
      vertex 46.4013 25.4088 2.4
    endloop
  endfacet
  facet normal 0 0 1
    outer loop
      vertex 46.4 25.4087 2.4
      vertex 46.4 -25.4087 2.4
      vertex 46.4013 -25.4088 2.4
    endloop
  endfacet
  facet normal 0 0 1
    outer loop
      vertex 46.3987 25.4088 2.4
      vertex 46.4 -25.4087 2.4
      vertex 46.4 25.4087 2.4
    endloop
  endfacet
  facet normal 0 0 1
    outer loop
      vertex 46.3987 25.4088 2.4
      vertex 46.3987 -25.4088 2.4
      vertex 46.4 -25.4087 2.4
    endloop
  endfacet
  facet normal 0 0 1
    outer loop
      vertex 46.0096 25.4343 2.4
      vertex 46.3987 -25.4088 2.4
      vertex 46.3987 25.4088 2.4
    endloop
  endfacet
  facet normal 0 0 1
    outer loop
      vertex 46.0096 25.4343 2.4
      vertex 46.0096 -25.4343 2.4
      vertex 46.3987 -25.4088 2.4
    endloop
  endfacet
  facet normal 0 0 1
    outer loop
      vertex 45.6271 25.5104 2.4
      vertex 46.0096 -25.4343 2.4
      vertex 46.0096 25.4343 2.4
    endloop
  endfacet
  facet normal 0 0 1
    outer loop
      vertex 45.6271 25.5104 2.4
      vertex 45.6271 -25.5104 2.4
      vertex 46.0096 -25.4343 2.4
    endloop
  endfacet
  facet normal 0 0 1
    outer loop
      vertex 45.6258 25.5106 2.4
      vertex 45.6271 -25.5104 2.4
      vertex 45.6271 25.5104 2.4
    endloop
  endfacet
  facet normal 0 0 1
    outer loop
      vertex 45.6258 25.5106 2.4
      vertex 45.6258 -25.5106 2.4
      vertex 45.6271 -25.5104 2.4
    endloop
  endfacet
  facet normal 0 0 1
    outer loop
      vertex 45.6246 25.511 2.4
      vertex 45.6258 -25.5106 2.4
      vertex 45.6258 25.5106 2.4
    endloop
  endfacet
  facet normal 0 0 1
    outer loop
      vertex 45.6246 25.511 2.4
      vertex 45.6246 -25.511 2.4
      vertex 45.6258 -25.5106 2.4
    endloop
  endfacet
  facet normal 0 0 1
    outer loop
      vertex 45.2553 25.6364 2.4
      vertex 45.6246 -25.511 2.4
      vertex 45.6246 25.511 2.4
    endloop
  endfacet
  facet normal 0 0 1
    outer loop
      vertex 45.2553 25.6364 2.4
      vertex 45.2553 -25.6364 2.4
      vertex 45.6246 -25.511 2.4
    endloop
  endfacet
  facet normal 0 0 1
    outer loop
      vertex 44.9055 25.8089 2.4
      vertex 45.2553 -25.6364 2.4
      vertex 45.2553 25.6364 2.4
    endloop
  endfacet
  facet normal 0 0 1
    outer loop
      vertex 44.9055 25.8089 2.4
      vertex 44.9055 -25.8089 2.4
      vertex 45.2553 -25.6364 2.4
    endloop
  endfacet
  facet normal 0 0 1
    outer loop
      vertex 44.9043 25.8095 2.4
      vertex 44.9055 -25.8089 2.4
      vertex 44.9055 25.8089 2.4
    endloop
  endfacet
  facet normal 0 0 1
    outer loop
      vertex 44.9043 25.8095 2.4
      vertex 44.9043 -25.8095 2.4
      vertex 44.9055 -25.8089 2.4
    endloop
  endfacet
  facet normal 0 0 1
    outer loop
      vertex 44.9033 25.8102 2.4
      vertex 44.9043 -25.8095 2.4
      vertex 44.9043 25.8095 2.4
    endloop
  endfacet
  facet normal 0 0 1
    outer loop
      vertex 44.9033 25.8102 2.4
      vertex 44.9033 -25.8102 2.4
      vertex 44.9043 -25.8095 2.4
    endloop
  endfacet
  facet normal 0 0 1
    outer loop
      vertex 44.579 26.0268 2.4
      vertex 44.9033 -25.8102 2.4
      vertex 44.9033 25.8102 2.4
    endloop
  endfacet
  facet normal 0 0 1
    outer loop
      vertex 44.579 26.0268 2.4
      vertex 44.579 -26.0268 2.4
      vertex 44.9033 -25.8102 2.4
    endloop
  endfacet
  facet normal 0 0 1
    outer loop
      vertex 44.2858 26.284 2.4
      vertex 44.579 -26.0268 2.4
      vertex 44.579 26.0268 2.4
    endloop
  endfacet
  facet normal 0 0 1
    outer loop
      vertex 44.2858 26.284 2.4
      vertex 44.2858 -26.284 2.4
      vertex 44.579 -26.0268 2.4
    endloop
  endfacet
  facet normal 0 0 1
    outer loop
      vertex 44.2848 26.2848 2.4
      vertex 44.2858 -26.284 2.4
      vertex 44.2858 26.284 2.4
    endloop
  endfacet
  facet normal 0 0 1
    outer loop
      vertex 44.2848 26.2848 2.4
      vertex 44.2848 -26.2848 2.4
      vertex 44.2858 -26.284 2.4
    endloop
  endfacet
  facet normal 0 0 1
    outer loop
      vertex 44.284 26.2858 2.4
      vertex 44.2848 -26.2848 2.4
      vertex 44.2848 26.2848 2.4
    endloop
  endfacet
  facet normal 0 0 1
    outer loop
      vertex 44.284 26.2858 2.4
      vertex 44.284 -26.2858 2.4
      vertex 44.2848 -26.2848 2.4
    endloop
  endfacet
  facet normal 0 0 1
    outer loop
      vertex 44.0268 26.579 2.4
      vertex 44.284 -26.2858 2.4
      vertex 44.284 26.2858 2.4
    endloop
  endfacet
  facet normal 0 0 1
    outer loop
      vertex 44.0268 26.579 2.4
      vertex 44.0268 -26.579 2.4
      vertex 44.284 -26.2858 2.4
    endloop
  endfacet
  facet normal 0 0 1
    outer loop
      vertex 43.8102 26.9033 2.4
      vertex 44.0268 -26.579 2.4
      vertex 44.0268 26.579 2.4
    endloop
  endfacet
  facet normal 0 0 1
    outer loop
      vertex 43.8102 26.9033 2.4
      vertex 43.8102 -26.9033 2.4
      vertex 44.0268 -26.579 2.4
    endloop
  endfacet
  facet normal 0 0 1
    outer loop
      vertex 43.8095 26.9043 2.4
      vertex 43.8102 -26.9033 2.4
      vertex 43.8102 26.9033 2.4
    endloop
  endfacet
  facet normal 0 0 1
    outer loop
      vertex 43.8095 26.9043 2.4
      vertex 43.8095 -26.9043 2.4
      vertex 43.8102 -26.9033 2.4
    endloop
  endfacet
  facet normal 0 0 1
    outer loop
      vertex -43.5106 27.6258 2.4
      vertex 43.5106 27.6258 2.4
      vertex -43.5104 27.6271 2.4
    endloop
  endfacet
  facet normal 0 0 1
    outer loop
      vertex 43.5106 27.6258 2.4
      vertex -43.5106 27.6258 2.4
      vertex 43.511 27.6246 2.4
    endloop
  endfacet
  facet normal -0 0 1
    outer loop
      vertex -43.5104 27.6271 2.4
      vertex 43.5106 27.6258 2.4
      vertex -43.4343 28.0096 2.4
    endloop
  endfacet
  facet normal 0 0 1
    outer loop
      vertex 43.511 27.6246 2.4
      vertex -43.5106 27.6258 2.4
      vertex 43.6364 27.2553 2.4
    endloop
  endfacet
  facet normal 0 0 1
    outer loop
      vertex 43.5104 27.6271 2.4
      vertex -43.4343 28.0096 2.4
      vertex 43.5106 27.6258 2.4
    endloop
  endfacet
  facet normal 0 0 1
    outer loop
      vertex 43.8095 -26.9043 2.4
      vertex -43.4087 -28.4 2.4
      vertex 43.8089 -26.9055 2.4
    endloop
  endfacet
  facet normal 0 0 1
    outer loop
      vertex 43.4343 28.0096 2.4
      vertex -43.4343 28.0096 2.4
      vertex 43.5104 27.6271 2.4
    endloop
  endfacet
  facet normal 0 0 1
    outer loop
      vertex 43.8089 -26.9055 2.4
      vertex -43.4087 -28.4 2.4
      vertex 43.6364 -27.2553 2.4
    endloop
  endfacet
  facet normal 0 0 1
    outer loop
      vertex -43.4343 28.0096 2.4
      vertex 43.4343 28.0096 2.4
      vertex -43.4088 28.3987 2.4
    endloop
  endfacet
  facet normal 0 0 1
    outer loop
      vertex 43.6364 -27.2553 2.4
      vertex -43.4087 -28.4 2.4
      vertex 43.511 -27.6246 2.4
    endloop
  endfacet
  facet normal -0 0 1
    outer loop
      vertex -43.4088 28.3987 2.4
      vertex 43.4343 28.0096 2.4
      vertex -43.4087 28.4 2.4
    endloop
  endfacet
  facet normal 0 0 1
    outer loop
      vertex 43.511 -27.6246 2.4
      vertex -43.4087 -28.4 2.4
      vertex 43.5106 -27.6258 2.4
    endloop
  endfacet
  facet normal 0 0 1
    outer loop
      vertex -43.4087 28.4 2.4
      vertex 43.4343 28.0096 2.4
      vertex 43.4088 28.3987 2.4
    endloop
  endfacet
  facet normal 0 0 1
    outer loop
      vertex 43.5106 -27.6258 2.4
      vertex -43.4087 -28.4 2.4
      vertex 43.5104 -27.6271 2.4
    endloop
  endfacet
  facet normal -0 0 1
    outer loop
      vertex -43.4087 28.4 2.4
      vertex 43.4088 28.3987 2.4
      vertex 43.4087 28.4 2.4
    endloop
  endfacet
  facet normal 0 0 1
    outer loop
      vertex 43.5104 -27.6271 2.4
      vertex -43.4087 -28.4 2.4
      vertex 43.4343 -28.0096 2.4
    endloop
  endfacet
  facet normal 0 0 1
    outer loop
      vertex 49.3912 28.3987 2.4
      vertex 51.8 33.8 2.4
      vertex 49.3913 28.4 2.4
    endloop
  endfacet
  facet normal 0 0 1
    outer loop
      vertex 51.8 33.8 2.4
      vertex 49.3912 28.4013 2.4
      vertex 49.3913 28.4 2.4
    endloop
  endfacet
  facet normal 0 0 1
    outer loop
      vertex 51.8 33.8 2.4
      vertex 49.3657 28.7904 2.4
      vertex 49.3912 28.4013 2.4
    endloop
  endfacet
  facet normal 0 0 1
    outer loop
      vertex 51.8 33.8 2.4
      vertex 49.2896 29.1729 2.4
      vertex 49.3657 28.7904 2.4
    endloop
  endfacet
  facet normal 0 0 1
    outer loop
      vertex 51.8 33.8 2.4
      vertex 49.2894 29.1742 2.4
      vertex 49.2896 29.1729 2.4
    endloop
  endfacet
  facet normal 0 0 1
    outer loop
      vertex 51.8 33.8 2.4
      vertex 49.289 29.1754 2.4
      vertex 49.2894 29.1742 2.4
    endloop
  endfacet
  facet normal 0 0 1
    outer loop
      vertex 51.8 33.8 2.4
      vertex 49.1636 29.5447 2.4
      vertex 49.289 29.1754 2.4
    endloop
  endfacet
  facet normal 0 0 1
    outer loop
      vertex 51.8 33.8 2.4
      vertex 48.9911 29.8945 2.4
      vertex 49.1636 29.5447 2.4
    endloop
  endfacet
  facet normal 0 0 1
    outer loop
      vertex 51.8 33.8 2.4
      vertex 48.9905 29.8957 2.4
      vertex 48.9911 29.8945 2.4
    endloop
  endfacet
  facet normal 0 0 1
    outer loop
      vertex 51.8 33.8 2.4
      vertex 48.9898 29.8967 2.4
      vertex 48.9905 29.8957 2.4
    endloop
  endfacet
  facet normal 0 0 1
    outer loop
      vertex 51.8 33.8 2.4
      vertex 48.7732 30.221 2.4
      vertex 48.9898 29.8967 2.4
    endloop
  endfacet
  facet normal 0 0 1
    outer loop
      vertex 51.8 33.8 2.4
      vertex 48.516 30.5142 2.4
      vertex 48.7732 30.221 2.4
    endloop
  endfacet
  facet normal 0 0 1
    outer loop
      vertex 51.8 33.8 2.4
      vertex 48.5152 30.5152 2.4
      vertex 48.516 30.5142 2.4
    endloop
  endfacet
  facet normal 0 0 1
    outer loop
      vertex 51.8 33.8 2.4
      vertex 48.5142 30.516 2.4
      vertex 48.5152 30.5152 2.4
    endloop
  endfacet
  facet normal 0 0 1
    outer loop
      vertex 51.8 33.8 2.4
      vertex 48.221 30.7732 2.4
      vertex 48.5142 30.516 2.4
    endloop
  endfacet
  facet normal 0 0 1
    outer loop
      vertex 51.8 33.8 2.4
      vertex 47.8967 30.9898 2.4
      vertex 48.221 30.7732 2.4
    endloop
  endfacet
  facet normal 0 0 1
    outer loop
      vertex 51.8 33.8 2.4
      vertex 47.8957 30.9905 2.4
      vertex 47.8967 30.9898 2.4
    endloop
  endfacet
  facet normal 0 0 1
    outer loop
      vertex 51.8 33.8 2.4
      vertex 47.8945 30.9911 2.4
      vertex 47.8957 30.9905 2.4
    endloop
  endfacet
  facet normal 0 0 1
    outer loop
      vertex 51.8 33.8 2.4
      vertex 47.5447 31.1636 2.4
      vertex 47.8945 30.9911 2.4
    endloop
  endfacet
  facet normal 0 0 1
    outer loop
      vertex 51.8 33.8 2.4
      vertex 47.1754 31.289 2.4
      vertex 47.5447 31.1636 2.4
    endloop
  endfacet
  facet normal 0 0 1
    outer loop
      vertex 51.8 33.8 2.4
      vertex 47.1742 31.2894 2.4
      vertex 47.1754 31.289 2.4
    endloop
  endfacet
  facet normal 0 0 1
    outer loop
      vertex 51.8 33.8 2.4
      vertex 47.1729 31.2896 2.4
      vertex 47.1742 31.2894 2.4
    endloop
  endfacet
  facet normal 0 0 1
    outer loop
      vertex 51.8 33.8 2.4
      vertex 46.7904 31.3657 2.4
      vertex 47.1729 31.2896 2.4
    endloop
  endfacet
  facet normal 0 0 1
    outer loop
      vertex 51.8 33.8 2.4
      vertex 46.4013 31.3912 2.4
      vertex 46.7904 31.3657 2.4
    endloop
  endfacet
  facet normal 0 0 1
    outer loop
      vertex 51.8 33.8 2.4
      vertex 46.4 31.3913 2.4
      vertex 46.4013 31.3912 2.4
    endloop
  endfacet
  facet normal 0 0 1
    outer loop
      vertex 51.8 33.8 2.4
      vertex 46.3987 31.3912 2.4
      vertex 46.4 31.3913 2.4
    endloop
  endfacet
  facet normal 0 0 1
    outer loop
      vertex 51.8 33.8 2.4
      vertex 46.0096 31.3657 2.4
      vertex 46.3987 31.3912 2.4
    endloop
  endfacet
  facet normal 0 0 1
    outer loop
      vertex 51.8 33.8 2.4
      vertex 45.6271 31.2896 2.4
      vertex 46.0096 31.3657 2.4
    endloop
  endfacet
  facet normal 0 0 1
    outer loop
      vertex 51.8 33.8 2.4
      vertex 45.6258 31.2894 2.4
      vertex 45.6271 31.2896 2.4
    endloop
  endfacet
  facet normal 0 0 1
    outer loop
      vertex 51.8 33.8 2.4
      vertex 45.6246 31.289 2.4
      vertex 45.6258 31.2894 2.4
    endloop
  endfacet
  facet normal 0 0 1
    outer loop
      vertex 51.8 33.8 2.4
      vertex 45.2553 31.1636 2.4
      vertex 45.6246 31.289 2.4
    endloop
  endfacet
  facet normal 0 0 -1
    outer loop
      vertex 45.2553 31.1636 2.4
      vertex 44.9043 30.9905 2.4
      vertex 44.9055 30.9911 2.4
    endloop
  endfacet
  facet normal 0 0 1
    outer loop
      vertex 44.9043 30.9905 2.4
      vertex 44.579 30.7732 2.4
      vertex 44.9033 30.9898 2.4
    endloop
  endfacet
  facet normal 0 0 1
    outer loop
      vertex 44.579 30.7732 2.4
      vertex 44.2848 30.5152 2.4
      vertex 44.2858 30.516 2.4
    endloop
  endfacet
  facet normal 0 0 1
    outer loop
      vertex 44.2848 30.5152 2.4
      vertex 44.0268 30.221 2.4
      vertex 44.284 30.5142 2.4
    endloop
  endfacet
  facet normal 0 0 1
    outer loop
      vertex 43.4343 -28.0096 2.4
      vertex -43.4087 -28.4 2.4
      vertex 43.4088 -28.3987 2.4
    endloop
  endfacet
  facet normal 0 0 1
    outer loop
      vertex 43.4088 28.4013 2.4
      vertex -43.4087 28.4 2.4
      vertex 43.4087 28.4 2.4
    endloop
  endfacet
  facet normal 0 0 1
    outer loop
      vertex 43.4343 28.7904 2.4
      vertex -43.4087 28.4 2.4
      vertex 43.4088 28.4013 2.4
    endloop
  endfacet
  facet normal 0 0 1
    outer loop
      vertex -43.4343 28.7904 2.4
      vertex 43.4343 28.7904 2.4
      vertex 43.5104 29.1729 2.4
    endloop
  endfacet
  facet normal 0 0 1
    outer loop
      vertex -43.4343 28.7904 2.4
      vertex 43.5104 29.1729 2.4
      vertex 43.5106 29.1742 2.4
    endloop
  endfacet
  facet normal 0 0 1
    outer loop
      vertex -43.5106 29.1742 2.4
      vertex 43.5106 29.1742 2.4
      vertex 43.511 29.1754 2.4
    endloop
  endfacet
  facet normal 0 0 1
    outer loop
      vertex -43.5106 29.1742 2.4
      vertex 43.511 29.1754 2.4
      vertex 43.6364 29.5447 2.4
    endloop
  endfacet
  facet normal 0 0 1
    outer loop
      vertex -43.6364 29.5447 2.4
      vertex 43.6364 29.5447 2.4
      vertex 43.8089 29.8945 2.4
    endloop
  endfacet
  facet normal 0 0 1
    outer loop
      vertex -43.6364 29.5447 2.4
      vertex 43.8089 29.8945 2.4
      vertex 43.8095 29.8957 2.4
    endloop
  endfacet
  facet normal 0 0 1
    outer loop
      vertex -43.8095 29.8957 2.4
      vertex 43.8095 29.8957 2.4
      vertex 43.8102 29.8967 2.4
    endloop
  endfacet
  facet normal 0 0 1
    outer loop
      vertex -43.8095 29.8957 2.4
      vertex 43.8102 29.8967 2.4
      vertex 44.0268 30.221 2.4
    endloop
  endfacet
  facet normal 0 0 1
    outer loop
      vertex -44.0268 30.221 2.4
      vertex 44.0268 30.221 2.4
      vertex 44.2848 30.5152 2.4
    endloop
  endfacet
  facet normal 0 0 1
    outer loop
      vertex -44.2848 30.5152 2.4
      vertex 44.2848 30.5152 2.4
      vertex 44.579 30.7732 2.4
    endloop
  endfacet
  facet normal 0 0 1
    outer loop
      vertex -44.579 30.7732 2.4
      vertex 44.579 30.7732 2.4
      vertex 44.9043 30.9905 2.4
    endloop
  endfacet
  facet normal 0 0 1
    outer loop
      vertex -44.9043 30.9905 2.4
      vertex 44.9043 30.9905 2.4
      vertex 45.2553 31.1636 2.4
    endloop
  endfacet
  facet normal 0 0 1
    outer loop
      vertex -45.2553 31.1636 2.4
      vertex 45.2553 31.1636 2.4
      vertex 51.8 33.8 2.4
    endloop
  endfacet
  facet normal 0 0 1
    outer loop
      vertex 43.4343 28.7904 2.4
      vertex -43.4088 28.4013 2.4
      vertex -43.4087 28.4 2.4
    endloop
  endfacet
  facet normal 0 0 1
    outer loop
      vertex 43.4343 28.7904 2.4
      vertex -43.4343 28.7904 2.4
      vertex -43.4088 28.4013 2.4
    endloop
  endfacet
  facet normal 0 0 1
    outer loop
      vertex 43.5106 29.1742 2.4
      vertex -43.5104 29.1729 2.4
      vertex -43.4343 28.7904 2.4
    endloop
  endfacet
  facet normal 0 0 1
    outer loop
      vertex 43.5106 29.1742 2.4
      vertex -43.5106 29.1742 2.4
      vertex -43.5104 29.1729 2.4
    endloop
  endfacet
  facet normal 0 0 1
    outer loop
      vertex 43.6364 29.5447 2.4
      vertex -43.511 29.1754 2.4
      vertex -43.5106 29.1742 2.4
    endloop
  endfacet
  facet normal 0 0 1
    outer loop
      vertex 43.6364 29.5447 2.4
      vertex -43.6364 29.5447 2.4
      vertex -43.511 29.1754 2.4
    endloop
  endfacet
  facet normal 0 0 1
    outer loop
      vertex 43.8095 29.8957 2.4
      vertex -43.8089 29.8945 2.4
      vertex -43.6364 29.5447 2.4
    endloop
  endfacet
  facet normal 0 0 1
    outer loop
      vertex 43.8095 29.8957 2.4
      vertex -43.8095 29.8957 2.4
      vertex -43.8089 29.8945 2.4
    endloop
  endfacet
  facet normal 0 0 1
    outer loop
      vertex 44.0268 30.221 2.4
      vertex -43.8102 29.8967 2.4
      vertex -43.8095 29.8957 2.4
    endloop
  endfacet
  facet normal 0 0 1
    outer loop
      vertex 44.0268 30.221 2.4
      vertex -44.0268 30.221 2.4
      vertex -43.8102 29.8967 2.4
    endloop
  endfacet
  facet normal 0 0 1
    outer loop
      vertex 44.2848 30.5152 2.4
      vertex -44.284 30.5142 2.4
      vertex -44.0268 30.221 2.4
    endloop
  endfacet
  facet normal 0 0 1
    outer loop
      vertex 44.2848 30.5152 2.4
      vertex -44.2848 30.5152 2.4
      vertex -44.284 30.5142 2.4
    endloop
  endfacet
  facet normal 0 0 1
    outer loop
      vertex 44.579 30.7732 2.4
      vertex -44.2858 30.516 2.4
      vertex -44.2848 30.5152 2.4
    endloop
  endfacet
  facet normal 0 0 1
    outer loop
      vertex 44.579 30.7732 2.4
      vertex -44.579 30.7732 2.4
      vertex -44.2858 30.516 2.4
    endloop
  endfacet
  facet normal 0 0 1
    outer loop
      vertex 44.9043 30.9905 2.4
      vertex -44.9033 30.9898 2.4
      vertex -44.579 30.7732 2.4
    endloop
  endfacet
  facet normal 0 0 1
    outer loop
      vertex 44.9043 30.9905 2.4
      vertex -44.9043 30.9905 2.4
      vertex -44.9033 30.9898 2.4
    endloop
  endfacet
  facet normal 0 0 1
    outer loop
      vertex 45.2553 31.1636 2.4
      vertex -44.9055 30.9911 2.4
      vertex -44.9043 30.9905 2.4
    endloop
  endfacet
  facet normal 0 0 1
    outer loop
      vertex 45.2553 31.1636 2.4
      vertex -45.2553 31.1636 2.4
      vertex -44.9055 30.9911 2.4
    endloop
  endfacet
  facet normal -0 0 1
    outer loop
      vertex -51.8 33.8 2.4
      vertex -45.2553 31.1636 2.4
      vertex 51.8 33.8 2.4
    endloop
  endfacet
  facet normal 0 0 1
    outer loop
      vertex -45.2553 31.1636 2.4
      vertex -51.8 33.8 2.4
      vertex -45.6246 31.289 2.4
    endloop
  endfacet
  facet normal 0 0 1
    outer loop
      vertex -45.6246 31.289 2.4
      vertex -51.8 33.8 2.4
      vertex -45.6258 31.2894 2.4
    endloop
  endfacet
  facet normal 0 0 1
    outer loop
      vertex -45.6258 31.2894 2.4
      vertex -51.8 33.8 2.4
      vertex -45.6271 31.2896 2.4
    endloop
  endfacet
  facet normal 0 0 1
    outer loop
      vertex -45.6271 31.2896 2.4
      vertex -51.8 33.8 2.4
      vertex -46.0096 31.3657 2.4
    endloop
  endfacet
  facet normal 0 0 1
    outer loop
      vertex -46.0096 31.3657 2.4
      vertex -51.8 33.8 2.4
      vertex -46.3987 31.3912 2.4
    endloop
  endfacet
  facet normal 0 0 1
    outer loop
      vertex -51.8 33.8 2.4
      vertex -46.4013 31.3912 2.4
      vertex -46.4 31.3913 2.4
    endloop
  endfacet
  facet normal 0 0 1
    outer loop
      vertex -51.8 33.8 2.4
      vertex -47.8945 30.9911 2.4
      vertex -47.5447 31.1636 2.4
    endloop
  endfacet
  facet normal 0 0 1
    outer loop
      vertex -51.8 33.8 2.4
      vertex -47.8967 30.9898 2.4
      vertex -47.8957 30.9905 2.4
    endloop
  endfacet
  facet normal 0 0 1
    outer loop
      vertex -51.8 33.8 2.4
      vertex -48.5142 30.516 2.4
      vertex -48.221 30.7732 2.4
    endloop
  endfacet
  facet normal 0 0 1
    outer loop
      vertex -49.3657 -28.0096 2.4
      vertex -51.8 -33.8 2.4
      vertex -49.3912 -28.3987 2.4
    endloop
  endfacet
  facet normal 0 0 1
    outer loop
      vertex -49.3912 28.4013 2.4
      vertex -51.8 33.8 2.4
      vertex -49.3913 28.4 2.4
    endloop
  endfacet
  facet normal 0 0 1
    outer loop
      vertex -49.3657 28.7904 2.4
      vertex -51.8 33.8 2.4
      vertex -49.3912 28.4013 2.4
    endloop
  endfacet
  facet normal 0 0 1
    outer loop
      vertex -49.2896 29.1729 2.4
      vertex -51.8 33.8 2.4
      vertex -49.3657 28.7904 2.4
    endloop
  endfacet
  facet normal 0 0 1
    outer loop
      vertex -49.2894 29.1742 2.4
      vertex -51.8 33.8 2.4
      vertex -49.2896 29.1729 2.4
    endloop
  endfacet
  facet normal 0 0 1
    outer loop
      vertex -49.289 29.1754 2.4
      vertex -51.8 33.8 2.4
      vertex -49.2894 29.1742 2.4
    endloop
  endfacet
  facet normal 0 0 1
    outer loop
      vertex -49.1636 29.5447 2.4
      vertex -51.8 33.8 2.4
      vertex -49.289 29.1754 2.4
    endloop
  endfacet
  facet normal 0 0 1
    outer loop
      vertex -48.9911 29.8945 2.4
      vertex -51.8 33.8 2.4
      vertex -49.1636 29.5447 2.4
    endloop
  endfacet
  facet normal 0 0 1
    outer loop
      vertex -48.9905 29.8957 2.4
      vertex -51.8 33.8 2.4
      vertex -48.9911 29.8945 2.4
    endloop
  endfacet
  facet normal 0 0 1
    outer loop
      vertex -48.9898 29.8967 2.4
      vertex -51.8 33.8 2.4
      vertex -48.9905 29.8957 2.4
    endloop
  endfacet
  facet normal 0 0 1
    outer loop
      vertex -48.7732 30.221 2.4
      vertex -51.8 33.8 2.4
      vertex -48.9898 29.8967 2.4
    endloop
  endfacet
  facet normal 0 0 1
    outer loop
      vertex -48.516 30.5142 2.4
      vertex -51.8 33.8 2.4
      vertex -48.7732 30.221 2.4
    endloop
  endfacet
  facet normal 0 0 1
    outer loop
      vertex -48.5152 30.5152 2.4
      vertex -51.8 33.8 2.4
      vertex -48.516 30.5142 2.4
    endloop
  endfacet
  facet normal 0 0 1
    outer loop
      vertex -48.5142 30.516 2.4
      vertex -51.8 33.8 2.4
      vertex -48.5152 30.5152 2.4
    endloop
  endfacet
  facet normal 0 0 1
    outer loop
      vertex -47.8967 30.9898 2.4
      vertex -51.8 33.8 2.4
      vertex -48.221 30.7732 2.4
    endloop
  endfacet
  facet normal 0 0 1
    outer loop
      vertex -47.8945 30.9911 2.4
      vertex -51.8 33.8 2.4
      vertex -47.8957 30.9905 2.4
    endloop
  endfacet
  facet normal 0 0 1
    outer loop
      vertex -47.1754 31.289 2.4
      vertex -51.8 33.8 2.4
      vertex -47.5447 31.1636 2.4
    endloop
  endfacet
  facet normal 0 0 1
    outer loop
      vertex -47.1742 31.2894 2.4
      vertex -51.8 33.8 2.4
      vertex -47.1754 31.289 2.4
    endloop
  endfacet
  facet normal 0 0 1
    outer loop
      vertex -47.1729 31.2896 2.4
      vertex -51.8 33.8 2.4
      vertex -47.1742 31.2894 2.4
    endloop
  endfacet
  facet normal 0 0 1
    outer loop
      vertex -46.7904 31.3657 2.4
      vertex -51.8 33.8 2.4
      vertex -47.1729 31.2896 2.4
    endloop
  endfacet
  facet normal 0 0 1
    outer loop
      vertex -46.4013 31.3912 2.4
      vertex -51.8 33.8 2.4
      vertex -46.7904 31.3657 2.4
    endloop
  endfacet
  facet normal 0 0 1
    outer loop
      vertex -46.3987 31.3912 2.4
      vertex -51.8 33.8 2.4
      vertex -46.4 31.3913 2.4
    endloop
  endfacet
  facet normal 0 0 1
    outer loop
      vertex 49.3657 28.0096 2.4
      vertex 51.8 33.8 2.4
      vertex 49.3912 28.3987 2.4
    endloop
  endfacet
  facet normal -0 0 1
    outer loop
      vertex 49.3912 -28.4013 2.4
      vertex 51.8 -33.8 2.4
      vertex 49.3913 -28.4 2.4
    endloop
  endfacet
  facet normal -0 0 1
    outer loop
      vertex 49.3657 -28.7904 2.4
      vertex 51.8 -33.8 2.4
      vertex 49.3912 -28.4013 2.4
    endloop
  endfacet
  facet normal -0 0 1
    outer loop
      vertex 49.2896 -29.1729 2.4
      vertex 51.8 -33.8 2.4
      vertex 49.3657 -28.7904 2.4
    endloop
  endfacet
  facet normal -0 0 1
    outer loop
      vertex 49.2894 -29.1742 2.4
      vertex 51.8 -33.8 2.4
      vertex 49.2896 -29.1729 2.4
    endloop
  endfacet
  facet normal -0 0 1
    outer loop
      vertex 49.289 -29.1754 2.4
      vertex 51.8 -33.8 2.4
      vertex 49.2894 -29.1742 2.4
    endloop
  endfacet
  facet normal -0 0 1
    outer loop
      vertex 49.1636 -29.5447 2.4
      vertex 51.8 -33.8 2.4
      vertex 49.289 -29.1754 2.4
    endloop
  endfacet
  facet normal -0 0 1
    outer loop
      vertex 48.9911 -29.8945 2.4
      vertex 51.8 -33.8 2.4
      vertex 49.1636 -29.5447 2.4
    endloop
  endfacet
  facet normal -0 0 1
    outer loop
      vertex 48.9905 -29.8957 2.4
      vertex 51.8 -33.8 2.4
      vertex 48.9911 -29.8945 2.4
    endloop
  endfacet
  facet normal -0 0 1
    outer loop
      vertex 48.9898 -29.8967 2.4
      vertex 51.8 -33.8 2.4
      vertex 48.9905 -29.8957 2.4
    endloop
  endfacet
  facet normal -0 0 1
    outer loop
      vertex 48.7732 -30.221 2.4
      vertex 51.8 -33.8 2.4
      vertex 48.9898 -29.8967 2.4
    endloop
  endfacet
  facet normal -0 0 1
    outer loop
      vertex 48.516 -30.5142 2.4
      vertex 51.8 -33.8 2.4
      vertex 48.7732 -30.221 2.4
    endloop
  endfacet
  facet normal -0 0 1
    outer loop
      vertex 48.5152 -30.5152 2.4
      vertex 51.8 -33.8 2.4
      vertex 48.516 -30.5142 2.4
    endloop
  endfacet
  facet normal -0 0 1
    outer loop
      vertex 48.5142 -30.516 2.4
      vertex 51.8 -33.8 2.4
      vertex 48.5152 -30.5152 2.4
    endloop
  endfacet
  facet normal -0 0 1
    outer loop
      vertex 48.221 -30.7732 2.4
      vertex 51.8 -33.8 2.4
      vertex 48.5142 -30.516 2.4
    endloop
  endfacet
  facet normal -0 0 1
    outer loop
      vertex 47.8967 -30.9898 2.4
      vertex 51.8 -33.8 2.4
      vertex 48.221 -30.7732 2.4
    endloop
  endfacet
  facet normal -0 0 1
    outer loop
      vertex 47.8957 -30.9905 2.4
      vertex 51.8 -33.8 2.4
      vertex 47.8967 -30.9898 2.4
    endloop
  endfacet
  facet normal -0 0 1
    outer loop
      vertex 47.8945 -30.9911 2.4
      vertex 51.8 -33.8 2.4
      vertex 47.8957 -30.9905 2.4
    endloop
  endfacet
  facet normal -0 0 1
    outer loop
      vertex 47.5447 -31.1636 2.4
      vertex 51.8 -33.8 2.4
      vertex 47.8945 -30.9911 2.4
    endloop
  endfacet
  facet normal -0 0 1
    outer loop
      vertex 47.1754 -31.289 2.4
      vertex 51.8 -33.8 2.4
      vertex 47.5447 -31.1636 2.4
    endloop
  endfacet
  facet normal -0 0 1
    outer loop
      vertex 47.1742 -31.2894 2.4
      vertex 51.8 -33.8 2.4
      vertex 47.1754 -31.289 2.4
    endloop
  endfacet
  facet normal -0 0 1
    outer loop
      vertex 47.1729 -31.2896 2.4
      vertex 51.8 -33.8 2.4
      vertex 47.1742 -31.2894 2.4
    endloop
  endfacet
  facet normal -0 0 1
    outer loop
      vertex 46.7904 -31.3657 2.4
      vertex 51.8 -33.8 2.4
      vertex 47.1729 -31.2896 2.4
    endloop
  endfacet
  facet normal -0 0 1
    outer loop
      vertex 46.4013 -31.3912 2.4
      vertex 51.8 -33.8 2.4
      vertex 46.7904 -31.3657 2.4
    endloop
  endfacet
  facet normal -0 0 1
    outer loop
      vertex 46.4 -31.3913 2.4
      vertex 51.8 -33.8 2.4
      vertex 46.4013 -31.3912 2.4
    endloop
  endfacet
  facet normal 0 0 1
    outer loop
      vertex 46.3987 -31.3912 2.4
      vertex 51.8 -33.8 2.4
      vertex 46.4 -31.3913 2.4
    endloop
  endfacet
  facet normal 0 0 1
    outer loop
      vertex 46.0096 -31.3657 2.4
      vertex 51.8 -33.8 2.4
      vertex 46.3987 -31.3912 2.4
    endloop
  endfacet
  facet normal 0 0 1
    outer loop
      vertex 45.6271 -31.2896 2.4
      vertex 51.8 -33.8 2.4
      vertex 46.0096 -31.3657 2.4
    endloop
  endfacet
  facet normal 0 0 1
    outer loop
      vertex 45.6258 -31.2894 2.4
      vertex 51.8 -33.8 2.4
      vertex 45.6271 -31.2896 2.4
    endloop
  endfacet
  facet normal 0 0 1
    outer loop
      vertex 45.6246 -31.289 2.4
      vertex 51.8 -33.8 2.4
      vertex 45.6258 -31.2894 2.4
    endloop
  endfacet
  facet normal 0 0 1
    outer loop
      vertex 45.2553 -31.1636 2.4
      vertex 51.8 -33.8 2.4
      vertex 45.6246 -31.289 2.4
    endloop
  endfacet
  facet normal 0 0 -1
    outer loop
      vertex 44.9043 -30.9905 2.4
      vertex 45.2553 -31.1636 2.4
      vertex 44.9055 -30.9911 2.4
    endloop
  endfacet
  facet normal 0 0 1
    outer loop
      vertex 44.579 -30.7732 2.4
      vertex 44.9043 -30.9905 2.4
      vertex 44.9033 -30.9898 2.4
    endloop
  endfacet
  facet normal 0 0 1
    outer loop
      vertex 44.2848 -30.5152 2.4
      vertex 44.579 -30.7732 2.4
      vertex 44.2858 -30.516 2.4
    endloop
  endfacet
  facet normal 0 0 1
    outer loop
      vertex 44.0268 -30.221 2.4
      vertex 44.2848 -30.5152 2.4
      vertex 44.284 -30.5142 2.4
    endloop
  endfacet
  facet normal 0 0 1
    outer loop
      vertex 43.4088 -28.3987 2.4
      vertex -43.4087 -28.4 2.4
      vertex 43.4087 -28.4 2.4
    endloop
  endfacet
  facet normal 0 0 1
    outer loop
      vertex 43.4087 -28.4 2.4
      vertex -43.4087 -28.4 2.4
      vertex 43.4088 -28.4013 2.4
    endloop
  endfacet
  facet normal 0 0 1
    outer loop
      vertex 43.4088 -28.4013 2.4
      vertex -43.4087 -28.4 2.4
      vertex 43.4343 -28.7904 2.4
    endloop
  endfacet
  facet normal -0 0 1
    outer loop
      vertex -43.4088 -28.4013 2.4
      vertex 43.4343 -28.7904 2.4
      vertex -43.4087 -28.4 2.4
    endloop
  endfacet
  facet normal 0 0 1
    outer loop
      vertex -43.4343 -28.7904 2.4
      vertex 43.4343 -28.7904 2.4
      vertex -43.4088 -28.4013 2.4
    endloop
  endfacet
  facet normal 0 0 1
    outer loop
      vertex 43.4343 -28.7904 2.4
      vertex -43.4343 -28.7904 2.4
      vertex 43.5104 -29.1729 2.4
    endloop
  endfacet
  facet normal 0 0 1
    outer loop
      vertex 43.5104 -29.1729 2.4
      vertex -43.4343 -28.7904 2.4
      vertex 43.5106 -29.1742 2.4
    endloop
  endfacet
  facet normal -0 0 1
    outer loop
      vertex -43.5104 -29.1729 2.4
      vertex 43.5106 -29.1742 2.4
      vertex -43.4343 -28.7904 2.4
    endloop
  endfacet
  facet normal 0 0 1
    outer loop
      vertex -43.5106 -29.1742 2.4
      vertex 43.5106 -29.1742 2.4
      vertex -43.5104 -29.1729 2.4
    endloop
  endfacet
  facet normal 0 0 1
    outer loop
      vertex 43.5106 -29.1742 2.4
      vertex -43.5106 -29.1742 2.4
      vertex 43.511 -29.1754 2.4
    endloop
  endfacet
  facet normal 0 0 1
    outer loop
      vertex 43.511 -29.1754 2.4
      vertex -43.5106 -29.1742 2.4
      vertex 43.6364 -29.5447 2.4
    endloop
  endfacet
  facet normal -0 0 1
    outer loop
      vertex -43.511 -29.1754 2.4
      vertex 43.6364 -29.5447 2.4
      vertex -43.5106 -29.1742 2.4
    endloop
  endfacet
  facet normal 0 0 1
    outer loop
      vertex -43.6364 -29.5447 2.4
      vertex 43.6364 -29.5447 2.4
      vertex -43.511 -29.1754 2.4
    endloop
  endfacet
  facet normal 0 0 1
    outer loop
      vertex 43.6364 -29.5447 2.4
      vertex -43.6364 -29.5447 2.4
      vertex 43.8089 -29.8945 2.4
    endloop
  endfacet
  facet normal 0 0 1
    outer loop
      vertex 43.8089 -29.8945 2.4
      vertex -43.6364 -29.5447 2.4
      vertex 43.8095 -29.8957 2.4
    endloop
  endfacet
  facet normal -0 0 1
    outer loop
      vertex -43.8089 -29.8945 2.4
      vertex 43.8095 -29.8957 2.4
      vertex -43.6364 -29.5447 2.4
    endloop
  endfacet
  facet normal 0 0 1
    outer loop
      vertex -43.8095 -29.8957 2.4
      vertex 43.8095 -29.8957 2.4
      vertex -43.8089 -29.8945 2.4
    endloop
  endfacet
  facet normal 0 0 1
    outer loop
      vertex 43.8095 -29.8957 2.4
      vertex -43.8095 -29.8957 2.4
      vertex 43.8102 -29.8967 2.4
    endloop
  endfacet
  facet normal 0 0 1
    outer loop
      vertex 43.8102 -29.8967 2.4
      vertex -43.8095 -29.8957 2.4
      vertex 44.0268 -30.221 2.4
    endloop
  endfacet
  facet normal -0 0 1
    outer loop
      vertex -43.8102 -29.8967 2.4
      vertex 44.0268 -30.221 2.4
      vertex -43.8095 -29.8957 2.4
    endloop
  endfacet
  facet normal 0 0 1
    outer loop
      vertex -44.0268 -30.221 2.4
      vertex 44.0268 -30.221 2.4
      vertex -43.8102 -29.8967 2.4
    endloop
  endfacet
  facet normal 0 0 1
    outer loop
      vertex 44.0268 -30.221 2.4
      vertex -44.0268 -30.221 2.4
      vertex 44.2848 -30.5152 2.4
    endloop
  endfacet
  facet normal -0 0 1
    outer loop
      vertex -44.284 -30.5142 2.4
      vertex 44.2848 -30.5152 2.4
      vertex -44.0268 -30.221 2.4
    endloop
  endfacet
  facet normal 0 0 1
    outer loop
      vertex -44.2848 -30.5152 2.4
      vertex 44.2848 -30.5152 2.4
      vertex -44.284 -30.5142 2.4
    endloop
  endfacet
  facet normal 0 0 1
    outer loop
      vertex 44.2848 -30.5152 2.4
      vertex -44.2848 -30.5152 2.4
      vertex 44.579 -30.7732 2.4
    endloop
  endfacet
  facet normal -0 0 1
    outer loop
      vertex -44.2858 -30.516 2.4
      vertex 44.579 -30.7732 2.4
      vertex -44.2848 -30.5152 2.4
    endloop
  endfacet
  facet normal 0 0 1
    outer loop
      vertex -44.579 -30.7732 2.4
      vertex 44.579 -30.7732 2.4
      vertex -44.2858 -30.516 2.4
    endloop
  endfacet
  facet normal 0 0 1
    outer loop
      vertex 44.579 -30.7732 2.4
      vertex -44.579 -30.7732 2.4
      vertex 44.9043 -30.9905 2.4
    endloop
  endfacet
  facet normal -0 0 1
    outer loop
      vertex -44.9033 -30.9898 2.4
      vertex 44.9043 -30.9905 2.4
      vertex -44.579 -30.7732 2.4
    endloop
  endfacet
  facet normal 0 0 1
    outer loop
      vertex -44.9043 -30.9905 2.4
      vertex 44.9043 -30.9905 2.4
      vertex -44.9033 -30.9898 2.4
    endloop
  endfacet
  facet normal 0 0 1
    outer loop
      vertex 44.9043 -30.9905 2.4
      vertex -44.9043 -30.9905 2.4
      vertex 45.2553 -31.1636 2.4
    endloop
  endfacet
  facet normal -0 0 1
    outer loop
      vertex -44.9055 -30.9911 2.4
      vertex 45.2553 -31.1636 2.4
      vertex -44.9043 -30.9905 2.4
    endloop
  endfacet
  facet normal 0 0 1
    outer loop
      vertex -45.2553 -31.1636 2.4
      vertex 45.2553 -31.1636 2.4
      vertex -44.9055 -30.9911 2.4
    endloop
  endfacet
  facet normal 0 0 1
    outer loop
      vertex 45.2553 -31.1636 2.4
      vertex -45.2553 -31.1636 2.4
      vertex 51.8 -33.8 2.4
    endloop
  endfacet
  facet normal 0 0 1
    outer loop
      vertex -51.8 -33.8 2.4
      vertex -45.2553 -31.1636 2.4
      vertex -45.6246 -31.289 2.4
    endloop
  endfacet
  facet normal 0 0 1
    outer loop
      vertex -51.8 -33.8 2.4
      vertex -45.6246 -31.289 2.4
      vertex -45.6258 -31.2894 2.4
    endloop
  endfacet
  facet normal 0 0 1
    outer loop
      vertex -51.8 -33.8 2.4
      vertex -45.6258 -31.2894 2.4
      vertex -45.6271 -31.2896 2.4
    endloop
  endfacet
  facet normal 0 0 1
    outer loop
      vertex -51.8 -33.8 2.4
      vertex -45.6271 -31.2896 2.4
      vertex -46.0096 -31.3657 2.4
    endloop
  endfacet
  facet normal 0 0 1
    outer loop
      vertex -51.8 -33.8 2.4
      vertex -46.0096 -31.3657 2.4
      vertex -46.3987 -31.3912 2.4
    endloop
  endfacet
  facet normal 0 0 1
    outer loop
      vertex -51.8 -33.8 2.4
      vertex -46.3987 -31.3912 2.4
      vertex -46.4 -31.3913 2.4
    endloop
  endfacet
  facet normal 0 0 1
    outer loop
      vertex -51.8 -33.8 2.4
      vertex -46.4013 -31.3912 2.4
      vertex -46.7904 -31.3657 2.4
    endloop
  endfacet
  facet normal 0 0 1
    outer loop
      vertex -51.8 -33.8 2.4
      vertex -47.8945 -30.9911 2.4
      vertex -47.8957 -30.9905 2.4
    endloop
  endfacet
  facet normal 0 0 1
    outer loop
      vertex -51.8 -33.8 2.4
      vertex -47.8967 -30.9898 2.4
      vertex -48.221 -30.7732 2.4
    endloop
  endfacet
  facet normal 0 0 1
    outer loop
      vertex -51.8 -33.8 2.4
      vertex -48.5142 -30.516 2.4
      vertex -48.5152 -30.5152 2.4
    endloop
  endfacet
  facet normal 0 0 1
    outer loop
      vertex -45.2553 -31.1636 2.4
      vertex -51.8 -33.8 2.4
      vertex 51.8 -33.8 2.4
    endloop
  endfacet
  facet normal 0 0 1
    outer loop
      vertex -46.4013 -31.3912 2.4
      vertex -51.8 -33.8 2.4
      vertex -46.4 -31.3913 2.4
    endloop
  endfacet
  facet normal 0 0 1
    outer loop
      vertex -47.1729 -31.2896 2.4
      vertex -51.8 -33.8 2.4
      vertex -46.7904 -31.3657 2.4
    endloop
  endfacet
  facet normal 0 0 1
    outer loop
      vertex -47.1742 -31.2894 2.4
      vertex -51.8 -33.8 2.4
      vertex -47.1729 -31.2896 2.4
    endloop
  endfacet
  facet normal 0 0 1
    outer loop
      vertex -47.1754 -31.289 2.4
      vertex -51.8 -33.8 2.4
      vertex -47.1742 -31.2894 2.4
    endloop
  endfacet
  facet normal 0 0 1
    outer loop
      vertex -47.5447 -31.1636 2.4
      vertex -51.8 -33.8 2.4
      vertex -47.1754 -31.289 2.4
    endloop
  endfacet
  facet normal 0 0 1
    outer loop
      vertex -47.8945 -30.9911 2.4
      vertex -51.8 -33.8 2.4
      vertex -47.5447 -31.1636 2.4
    endloop
  endfacet
  facet normal 0 0 1
    outer loop
      vertex -47.8967 -30.9898 2.4
      vertex -51.8 -33.8 2.4
      vertex -47.8957 -30.9905 2.4
    endloop
  endfacet
  facet normal 0 0 1
    outer loop
      vertex -48.5142 -30.516 2.4
      vertex -51.8 -33.8 2.4
      vertex -48.221 -30.7732 2.4
    endloop
  endfacet
  facet normal 0 0 1
    outer loop
      vertex -48.516 -30.5142 2.4
      vertex -51.8 -33.8 2.4
      vertex -48.5152 -30.5152 2.4
    endloop
  endfacet
  facet normal 0 0 1
    outer loop
      vertex -48.7732 -30.221 2.4
      vertex -51.8 -33.8 2.4
      vertex -48.516 -30.5142 2.4
    endloop
  endfacet
  facet normal 0 0 1
    outer loop
      vertex -48.9898 -29.8967 2.4
      vertex -51.8 -33.8 2.4
      vertex -48.7732 -30.221 2.4
    endloop
  endfacet
  facet normal 0 0 1
    outer loop
      vertex -48.9905 -29.8957 2.4
      vertex -51.8 -33.8 2.4
      vertex -48.9898 -29.8967 2.4
    endloop
  endfacet
  facet normal 0 0 1
    outer loop
      vertex -48.9911 -29.8945 2.4
      vertex -51.8 -33.8 2.4
      vertex -48.9905 -29.8957 2.4
    endloop
  endfacet
  facet normal 0 0 1
    outer loop
      vertex -49.1636 -29.5447 2.4
      vertex -51.8 -33.8 2.4
      vertex -48.9911 -29.8945 2.4
    endloop
  endfacet
  facet normal 0 0 1
    outer loop
      vertex -49.289 -29.1754 2.4
      vertex -51.8 -33.8 2.4
      vertex -49.1636 -29.5447 2.4
    endloop
  endfacet
  facet normal 0 0 1
    outer loop
      vertex -49.2894 -29.1742 2.4
      vertex -51.8 -33.8 2.4
      vertex -49.289 -29.1754 2.4
    endloop
  endfacet
  facet normal 0 0 1
    outer loop
      vertex -49.2896 -29.1729 2.4
      vertex -51.8 -33.8 2.4
      vertex -49.2894 -29.1742 2.4
    endloop
  endfacet
  facet normal 0 0 1
    outer loop
      vertex -49.3657 -28.7904 2.4
      vertex -51.8 -33.8 2.4
      vertex -49.2896 -29.1729 2.4
    endloop
  endfacet
  facet normal 0 0 1
    outer loop
      vertex -49.3912 -28.4013 2.4
      vertex -51.8 -33.8 2.4
      vertex -49.3657 -28.7904 2.4
    endloop
  endfacet
  facet normal 0 0 1
    outer loop
      vertex -49.3913 -28.4 2.4
      vertex -51.8 -33.8 2.4
      vertex -49.3912 -28.4013 2.4
    endloop
  endfacet
  facet normal 0 0 1
    outer loop
      vertex -49.3912 -28.3987 2.4
      vertex -51.8 -33.8 2.4
      vertex -49.3913 -28.4 2.4
    endloop
  endfacet
  facet normal 0 0 -1
    outer loop
      vertex -45.0144 -27.6 0
      vertex -43.4 -25.4 0
      vertex -44.9218 -27.7877 0
    endloop
  endfacet
  facet normal 0 0 -1
    outer loop
      vertex -43.4 17.4 0
      vertex -44.8137 28.1912 0
      vertex -44.8 28.4 0
    endloop
  endfacet
  facet normal 0 0 -1
    outer loop
      vertex -45.1306 -27.426 0
      vertex -43.4 -25.4 0
      vertex -45.0144 -27.6 0
    endloop
  endfacet
  facet normal 0 0 -1
    outer loop
      vertex -43.4 17.4 0
      vertex -44.8545 27.9859 0
      vertex -44.8137 28.1912 0
    endloop
  endfacet
  facet normal 0 0 -1
    outer loop
      vertex -45.2686 -27.2686 0
      vertex -43.4 -25.4 0
      vertex -45.1306 -27.426 0
    endloop
  endfacet
  facet normal 0 0 -1
    outer loop
      vertex -43.4 17.4 0
      vertex -44.9218 27.7877 0
      vertex -44.8545 27.9859 0
    endloop
  endfacet
  facet normal 0 0 -1
    outer loop
      vertex -45.426 -27.1306 0
      vertex -43.4 -25.4 0
      vertex -45.2686 -27.2686 0
    endloop
  endfacet
  facet normal 0 0 -1
    outer loop
      vertex -43.4 17.4 0
      vertex -45.0144 27.6 0
      vertex -44.9218 27.7877 0
    endloop
  endfacet
  facet normal 0 0 -1
    outer loop
      vertex -45.6 -27.0144 0
      vertex -43.4 -25.4 0
      vertex -45.426 -27.1306 0
    endloop
  endfacet
  facet normal 0 0 -1
    outer loop
      vertex -43.4 17.4 0
      vertex -45.1306 27.426 0
      vertex -45.0144 27.6 0
    endloop
  endfacet
  facet normal 0 0 -1
    outer loop
      vertex -45.7877 -26.9218 0
      vertex -43.4 -25.4 0
      vertex -45.6 -27.0144 0
    endloop
  endfacet
  facet normal 0 0 -1
    outer loop
      vertex -43.4 17.4 0
      vertex -45.2686 27.2686 0
      vertex -45.1306 27.426 0
    endloop
  endfacet
  facet normal 0 0 -1
    outer loop
      vertex -45.9859 -26.8545 0
      vertex -43.4 -25.4 0
      vertex -45.7877 -26.9218 0
    endloop
  endfacet
  facet normal 0 0 -1
    outer loop
      vertex -43.4 17.4 0
      vertex -45.426 27.1306 0
      vertex -45.2686 27.2686 0
    endloop
  endfacet
  facet normal 0 0 -1
    outer loop
      vertex -46.1912 -26.8137 0
      vertex -43.4 -25.4 0
      vertex -45.9859 -26.8545 0
    endloop
  endfacet
  facet normal 0 0 -1
    outer loop
      vertex -43.4 17.4 0
      vertex -45.6 27.0144 0
      vertex -45.426 27.1306 0
    endloop
  endfacet
  facet normal 0 0 -1
    outer loop
      vertex -46.4 -26.8 0
      vertex -43.4 -25.4 0
      vertex -46.1912 -26.8137 0
    endloop
  endfacet
  facet normal 0 0 -1
    outer loop
      vertex -43.4 17.4 0
      vertex -45.7877 26.9218 0
      vertex -45.6 27.0144 0
    endloop
  endfacet
  facet normal 0 0 -1
    outer loop
      vertex -46.6088 -26.8137 0
      vertex -43.4 -25.4 0
      vertex -46.4 -26.8 0
    endloop
  endfacet
  facet normal 0 0 -1
    outer loop
      vertex -43.4 17.4 0
      vertex -45.9859 26.8545 0
      vertex -45.7877 26.9218 0
    endloop
  endfacet
  facet normal -0 0 -1
    outer loop
      vertex -43.4 -25.4 0
      vertex -46.6088 -26.8137 0
      vertex -43.4 -17.4 0
    endloop
  endfacet
  facet normal 0 0 -1
    outer loop
      vertex -43.4 17.4 0
      vertex -46.1912 26.8137 0
      vertex -45.9859 26.8545 0
    endloop
  endfacet
  facet normal 0 0 -1
    outer loop
      vertex -46.8141 -26.8545 0
      vertex -43.4 -17.4 0
      vertex -46.6088 -26.8137 0
    endloop
  endfacet
  facet normal 0 0 -1
    outer loop
      vertex -43.4 17.4 0
      vertex -46.4 26.8 0
      vertex -46.1912 26.8137 0
    endloop
  endfacet
  facet normal 0 0 -1
    outer loop
      vertex -47.0123 -26.9218 0
      vertex -43.4 -17.4 0
      vertex -46.8141 -26.8545 0
    endloop
  endfacet
  facet normal 0 0 -1
    outer loop
      vertex -43.4 17.4 0
      vertex -46.6088 26.8137 0
      vertex -46.4 26.8 0
    endloop
  endfacet
  facet normal 0 0 -1
    outer loop
      vertex -47.2 -27.0144 0
      vertex -43.4 -17.4 0
      vertex -47.0123 -26.9218 0
    endloop
  endfacet
  facet normal 0 0 -1
    outer loop
      vertex -43.4 17.4 0
      vertex -46.8141 26.8545 0
      vertex -46.6088 26.8137 0
    endloop
  endfacet
  facet normal 0 0 -1
    outer loop
      vertex -47.374 -27.1306 0
      vertex -43.4 -17.4 0
      vertex -47.2 -27.0144 0
    endloop
  endfacet
  facet normal 0 0 -1
    outer loop
      vertex -43.4 17.4 0
      vertex -47.0123 26.9218 0
      vertex -46.8141 26.8545 0
    endloop
  endfacet
  facet normal 0 0 -1
    outer loop
      vertex -47.5314 -27.2686 0
      vertex -43.4 -17.4 0
      vertex -47.374 -27.1306 0
    endloop
  endfacet
  facet normal 0 0 -1
    outer loop
      vertex -43.4 17.4 0
      vertex -47.2 27.0144 0
      vertex -47.0123 26.9218 0
    endloop
  endfacet
  facet normal 0 0 -1
    outer loop
      vertex -47.6694 -27.426 0
      vertex -43.4 -17.4 0
      vertex -47.5314 -27.2686 0
    endloop
  endfacet
  facet normal 0 0 -1
    outer loop
      vertex -43.4 17.4 0
      vertex -47.374 27.1306 0
      vertex -47.2 27.0144 0
    endloop
  endfacet
  facet normal 0 0 -1
    outer loop
      vertex -47.7856 -27.6 0
      vertex -43.4 -17.4 0
      vertex -47.6694 -27.426 0
    endloop
  endfacet
  facet normal 0 0 -1
    outer loop
      vertex -43.4 17.4 0
      vertex -47.5314 27.2686 0
      vertex -47.374 27.1306 0
    endloop
  endfacet
  facet normal -0 0 -1
    outer loop
      vertex -43.4 -17.4 0
      vertex -47.7856 -27.6 0
      vertex -43.4 17.4 0
    endloop
  endfacet
  facet normal 0 0 -1
    outer loop
      vertex -43.4 17.4 0
      vertex -47.6694 27.426 0
      vertex -47.5314 27.2686 0
    endloop
  endfacet
  facet normal 0 0 -1
    outer loop
      vertex -47.7856 27.6 0
      vertex -43.4 17.4 0
      vertex -47.7856 -27.6 0
    endloop
  endfacet
  facet normal 0 0 -1
    outer loop
      vertex -43.4 17.4 0
      vertex -47.7856 27.6 0
      vertex -47.6694 27.426 0
    endloop
  endfacet
  facet normal 0 0 -1
    outer loop
      vertex -51.8 -33.8 0
      vertex -47.7856 -27.6 0
      vertex -47.8782 -27.7877 0
    endloop
  endfacet
  facet normal -0 0 -1
    outer loop
      vertex -47.7856 -27.6 0
      vertex -51.8 -33.8 0
      vertex -47.7856 27.6 0
    endloop
  endfacet
  facet normal 0 0 -1
    outer loop
      vertex -51.8 -33.8 0
      vertex -47.8782 -27.7877 0
      vertex -47.9455 -27.9859 0
    endloop
  endfacet
  facet normal 0 0 -1
    outer loop
      vertex -51.8 33.8 0
      vertex -47.7856 27.6 0
      vertex -51.8 -33.8 0
    endloop
  endfacet
  facet normal 0 0 -1
    outer loop
      vertex -51.8 -33.8 0
      vertex -47.9455 -27.9859 0
      vertex -47.9863 -28.1912 0
    endloop
  endfacet
  facet normal 0 0 -1
    outer loop
      vertex -47.7856 27.6 0
      vertex -51.8 33.8 0
      vertex -47.8782 27.7877 0
    endloop
  endfacet
  facet normal 0 0 -1
    outer loop
      vertex -51.8 -33.8 0
      vertex -47.9863 -28.1912 0
      vertex -48 -28.4 0
    endloop
  endfacet
  facet normal 0 0 -1
    outer loop
      vertex -47.8782 27.7877 0
      vertex -51.8 33.8 0
      vertex -47.9455 27.9859 0
    endloop
  endfacet
  facet normal 0 0 -1
    outer loop
      vertex -43.4 -17.4 0
      vertex -35.4 17.4 0
      vertex -35.4 -17.4 0
    endloop
  endfacet
  facet normal -0 0 -1
    outer loop
      vertex -35.4 17.4 0
      vertex -43.4 -17.4 0
      vertex -43.4 17.4 0
    endloop
  endfacet
  facet normal 0 0 -1
    outer loop
      vertex 35.4 -17.4 0
      vertex 43.4 17.4 0
      vertex 43.4 -17.4 0
    endloop
  endfacet
  facet normal -0 0 -1
    outer loop
      vertex 43.4 17.4 0
      vertex 35.4 -17.4 0
      vertex 35.4 17.4 0
    endloop
  endfacet
  facet normal 0 0 -1
    outer loop
      vertex 47.8782 -27.7877 0
      vertex 51.8 -33.8 0
      vertex 47.9455 -27.9859 0
    endloop
  endfacet
  facet normal 0 0 -1
    outer loop
      vertex 51.8 33.8 0
      vertex 47.9863 28.1912 0
      vertex 48 28.4 0
    endloop
  endfacet
  facet normal 0 0 -1
    outer loop
      vertex 47.7856 -27.6 0
      vertex 51.8 -33.8 0
      vertex 47.8782 -27.7877 0
    endloop
  endfacet
  facet normal 0 0 -1
    outer loop
      vertex 51.8 33.8 0
      vertex 47.9455 27.9859 0
      vertex 47.9863 28.1912 0
    endloop
  endfacet
  facet normal 0 0 -1
    outer loop
      vertex 51.8 -33.8 0
      vertex 47.7856 -27.6 0
      vertex 51.8 33.8 0
    endloop
  endfacet
  facet normal 0 0 -1
    outer loop
      vertex 51.8 33.8 0
      vertex 47.8782 27.7877 0
      vertex 47.9455 27.9859 0
    endloop
  endfacet
  facet normal 0 0 -1
    outer loop
      vertex 47.7856 27.6 0
      vertex 51.8 33.8 0
      vertex 47.7856 -27.6 0
    endloop
  endfacet
  facet normal 0 0 -1
    outer loop
      vertex 51.8 33.8 0
      vertex 47.7856 27.6 0
      vertex 47.8782 27.7877 0
    endloop
  endfacet
  facet normal 0 0 -1
    outer loop
      vertex 43.4 -17.4 0
      vertex 47.7856 -27.6 0
      vertex 47.6694 -27.426 0
    endloop
  endfacet
  facet normal 0 0 -1
    outer loop
      vertex 47.7856 -27.6 0
      vertex 43.4 -17.4 0
      vertex 47.7856 27.6 0
    endloop
  endfacet
  facet normal 0 0 -1
    outer loop
      vertex 43.4 -17.4 0
      vertex 47.6694 -27.426 0
      vertex 47.5314 -27.2686 0
    endloop
  endfacet
  facet normal 0 0 -1
    outer loop
      vertex 43.4 17.4 0
      vertex 47.7856 27.6 0
      vertex 43.4 -17.4 0
    endloop
  endfacet
  facet normal 0 0 -1
    outer loop
      vertex 43.4 -17.4 0
      vertex 47.5314 -27.2686 0
      vertex 47.374 -27.1306 0
    endloop
  endfacet
  facet normal 0 0 -1
    outer loop
      vertex 47.7856 27.6 0
      vertex 43.4 17.4 0
      vertex 47.6694 27.426 0
    endloop
  endfacet
  facet normal 0 0 -1
    outer loop
      vertex 43.4 -17.4 0
      vertex 47.374 -27.1306 0
      vertex 47.2 -27.0144 0
    endloop
  endfacet
  facet normal 0 0 -1
    outer loop
      vertex 47.6694 27.426 0
      vertex 43.4 17.4 0
      vertex 47.5314 27.2686 0
    endloop
  endfacet
  facet normal 0 0 -1
    outer loop
      vertex 43.4 -17.4 0
      vertex 47.2 -27.0144 0
      vertex 47.0123 -26.9218 0
    endloop
  endfacet
  facet normal 0 0 -1
    outer loop
      vertex 47.5314 27.2686 0
      vertex 43.4 17.4 0
      vertex 47.374 27.1306 0
    endloop
  endfacet
  facet normal 0 0 -1
    outer loop
      vertex 43.4 -17.4 0
      vertex 47.0123 -26.9218 0
      vertex 46.8141 -26.8545 0
    endloop
  endfacet
  facet normal 0 0 -1
    outer loop
      vertex 47.374 27.1306 0
      vertex 43.4 17.4 0
      vertex 47.2 27.0144 0
    endloop
  endfacet
  facet normal 0 0 -1
    outer loop
      vertex 43.4 -17.4 0
      vertex 46.8141 -26.8545 0
      vertex 46.6088 -26.8137 0
    endloop
  endfacet
  facet normal 0 0 -1
    outer loop
      vertex 47.2 27.0144 0
      vertex 43.4 17.4 0
      vertex 47.0123 26.9218 0
    endloop
  endfacet
  facet normal 0 0 -1
    outer loop
      vertex 43.4 -25.4 0
      vertex 46.6088 -26.8137 0
      vertex 46.4 -26.8 0
    endloop
  endfacet
  facet normal 0 0 -1
    outer loop
      vertex 47.0123 26.9218 0
      vertex 43.4 17.4 0
      vertex 46.8141 26.8545 0
    endloop
  endfacet
  facet normal 0 0 -1
    outer loop
      vertex 43.4 -25.4 0
      vertex 46.4 -26.8 0
      vertex 46.1912 -26.8137 0
    endloop
  endfacet
  facet normal 0 0 -1
    outer loop
      vertex 46.8141 26.8545 0
      vertex 43.4 17.4 0
      vertex 46.6088 26.8137 0
    endloop
  endfacet
  facet normal 0 0 -1
    outer loop
      vertex 43.4 -25.4 0
      vertex 46.1912 -26.8137 0
      vertex 45.9859 -26.8545 0
    endloop
  endfacet
  facet normal 0 0 -1
    outer loop
      vertex 43.4 25.4 0
      vertex 46.6088 26.8137 0
      vertex 43.4 17.4 0
    endloop
  endfacet
  facet normal 0 0 -1
    outer loop
      vertex 43.4 -25.4 0
      vertex 45.9859 -26.8545 0
      vertex 45.7877 -26.9218 0
    endloop
  endfacet
  facet normal 0 0 -1
    outer loop
      vertex 46.6088 26.8137 0
      vertex 43.4 25.4 0
      vertex 46.4 26.8 0
    endloop
  endfacet
  facet normal 0 0 -1
    outer loop
      vertex 43.4 -25.4 0
      vertex 45.7877 -26.9218 0
      vertex 45.6 -27.0144 0
    endloop
  endfacet
  facet normal -0 0 -1
    outer loop
      vertex 46.4 26.8 0
      vertex 43.4 25.4 0
      vertex 46.1912 26.8137 0
    endloop
  endfacet
  facet normal 0 0 -1
    outer loop
      vertex 43.4 -25.4 0
      vertex 45.6 -27.0144 0
      vertex 45.426 -27.1306 0
    endloop
  endfacet
  facet normal -0 0 -1
    outer loop
      vertex 46.1912 26.8137 0
      vertex 43.4 25.4 0
      vertex 45.9859 26.8545 0
    endloop
  endfacet
  facet normal 0 0 -1
    outer loop
      vertex 43.4 -25.4 0
      vertex 45.426 -27.1306 0
      vertex 45.2686 -27.2686 0
    endloop
  endfacet
  facet normal -0 0 -1
    outer loop
      vertex 45.9859 26.8545 0
      vertex 43.4 25.4 0
      vertex 45.7877 26.9218 0
    endloop
  endfacet
  facet normal 0 0 -1
    outer loop
      vertex 43.4 -25.4 0
      vertex 45.2686 -27.2686 0
      vertex 45.1306 -27.426 0
    endloop
  endfacet
  facet normal -0 0 -1
    outer loop
      vertex 45.7877 26.9218 0
      vertex 43.4 25.4 0
      vertex 45.6 27.0144 0
    endloop
  endfacet
  facet normal 0 0 -1
    outer loop
      vertex 43.4 -25.4 0
      vertex 45.1306 -27.426 0
      vertex 45.0144 -27.6 0
    endloop
  endfacet
  facet normal -0 0 -1
    outer loop
      vertex 45.6 27.0144 0
      vertex 43.4 25.4 0
      vertex 45.426 27.1306 0
    endloop
  endfacet
  facet normal 0 0 -1
    outer loop
      vertex 43.4 -25.4 0
      vertex 45.0144 -27.6 0
      vertex 44.9218 -27.7877 0
    endloop
  endfacet
  facet normal -0 0 -1
    outer loop
      vertex 45.426 27.1306 0
      vertex 43.4 25.4 0
      vertex 45.2686 27.2686 0
    endloop
  endfacet
  facet normal 0 0 -1
    outer loop
      vertex 43.4 -25.4 0
      vertex 44.9218 -27.7877 0
      vertex 44.8545 -27.9859 0
    endloop
  endfacet
  facet normal -0 0 -1
    outer loop
      vertex 45.2686 27.2686 0
      vertex 43.4 25.4 0
      vertex 45.1306 27.426 0
    endloop
  endfacet
  facet normal 0 0 -1
    outer loop
      vertex 43.4 -25.4 0
      vertex 44.8545 -27.9859 0
      vertex 44.8137 -28.1912 0
    endloop
  endfacet
  facet normal -0 0 -1
    outer loop
      vertex 45.1306 27.426 0
      vertex 43.4 25.4 0
      vertex 45.0144 27.6 0
    endloop
  endfacet
  facet normal 0 0 -1
    outer loop
      vertex 43.4 -25.4 0
      vertex 44.8137 -28.1912 0
      vertex 44.8 -28.4 0
    endloop
  endfacet
  facet normal -0 0 -1
    outer loop
      vertex 45.0144 27.6 0
      vertex 43.4 25.4 0
      vertex 44.9218 27.7877 0
    endloop
  endfacet
  facet normal 0 0 -1
    outer loop
      vertex 47.9863 -28.1912 0
      vertex 51.8 -33.8 0
      vertex 48 -28.4 0
    endloop
  endfacet
  facet normal 0 0 -1
    outer loop
      vertex 51.8 -33.8 0
      vertex 47.9863 -28.6088 0
      vertex 48 -28.4 0
    endloop
  endfacet
  facet normal 0 0 -1
    outer loop
      vertex 51.8 -33.8 0
      vertex 47.9455 -28.8141 0
      vertex 47.9863 -28.6088 0
    endloop
  endfacet
  facet normal 0 0 -1
    outer loop
      vertex 51.8 -33.8 0
      vertex 47.8782 -29.0123 0
      vertex 47.9455 -28.8141 0
    endloop
  endfacet
  facet normal 0 0 -1
    outer loop
      vertex 51.8 -33.8 0
      vertex 47.7856 -29.2 0
      vertex 47.8782 -29.0123 0
    endloop
  endfacet
  facet normal 0 0 -1
    outer loop
      vertex 51.8 -33.8 0
      vertex 47.6694 -29.374 0
      vertex 47.7856 -29.2 0
    endloop
  endfacet
  facet normal 0 0 -1
    outer loop
      vertex 51.8 -33.8 0
      vertex 47.5314 -29.5314 0
      vertex 47.6694 -29.374 0
    endloop
  endfacet
  facet normal 0 0 -1
    outer loop
      vertex 51.8 -33.8 0
      vertex 47.374 -29.6694 0
      vertex 47.5314 -29.5314 0
    endloop
  endfacet
  facet normal 0 0 -1
    outer loop
      vertex 51.8 -33.8 0
      vertex 47.2 -29.7856 0
      vertex 47.374 -29.6694 0
    endloop
  endfacet
  facet normal 0 0 -1
    outer loop
      vertex 51.8 -33.8 0
      vertex 47.0123 -29.8782 0
      vertex 47.2 -29.7856 0
    endloop
  endfacet
  facet normal 0 0 -1
    outer loop
      vertex 51.8 -33.8 0
      vertex 46.8141 -29.9455 0
      vertex 47.0123 -29.8782 0
    endloop
  endfacet
  facet normal 0 0 -1
    outer loop
      vertex 51.8 -33.8 0
      vertex 46.6088 -29.9863 0
      vertex 46.8141 -29.9455 0
    endloop
  endfacet
  facet normal 0 0 -1
    outer loop
      vertex 51.8 -33.8 0
      vertex 46.4 -30 0
      vertex 46.6088 -29.9863 0
    endloop
  endfacet
  facet normal 0 0 -1
    outer loop
      vertex 51.8 -33.8 0
      vertex 46.1912 -29.9863 0
      vertex 46.4 -30 0
    endloop
  endfacet
  facet normal 0 0 -1
    outer loop
      vertex 51.8 -33.8 0
      vertex 45.9859 -29.9455 0
      vertex 46.1912 -29.9863 0
    endloop
  endfacet
  facet normal 0 0 -1
    outer loop
      vertex 51.8 -33.8 0
      vertex 45.7877 -29.8782 0
      vertex 45.9859 -29.9455 0
    endloop
  endfacet
  facet normal 0 0 -1
    outer loop
      vertex 51.8 -33.8 0
      vertex 45.6 -29.7856 0
      vertex 45.7877 -29.8782 0
    endloop
  endfacet
  facet normal 0 0 -1
    outer loop
      vertex 46.6088 -26.8137 0
      vertex 43.4 -25.4 0
      vertex 43.4 -17.4 0
    endloop
  endfacet
  facet normal 0 0 -1
    outer loop
      vertex 44.8137 -28.6088 0
      vertex 43.4 -25.4 0
      vertex 44.8 -28.4 0
    endloop
  endfacet
  facet normal 0 0 -1
    outer loop
      vertex 35.4 -25.4 0
      vertex 44.8137 -28.6088 0
      vertex 44.8545 -28.8141 0
    endloop
  endfacet
  facet normal 0 0 -1
    outer loop
      vertex 35.4 -25.4 0
      vertex 44.8545 -28.8141 0
      vertex 44.9218 -29.0123 0
    endloop
  endfacet
  facet normal 0 0 -1
    outer loop
      vertex 44.8137 -28.6088 0
      vertex 35.4 -25.4 0
      vertex 43.4 -25.4 0
    endloop
  endfacet
  facet normal 0 0 -1
    outer loop
      vertex 45.0144 -29.2 0
      vertex 35.4 -25.4 0
      vertex 44.9218 -29.0123 0
    endloop
  endfacet
  facet normal 0 0 -1
    outer loop
      vertex 45.1306 -29.374 0
      vertex 35.4 -25.4 0
      vertex 45.0144 -29.2 0
    endloop
  endfacet
  facet normal 0 0 -1
    outer loop
      vertex 45.2686 -29.5314 0
      vertex 35.4 -25.4 0
      vertex 45.1306 -29.374 0
    endloop
  endfacet
  facet normal 0 0 -1
    outer loop
      vertex 45.426 -29.6694 0
      vertex 35.4 -25.4 0
      vertex 45.2686 -29.5314 0
    endloop
  endfacet
  facet normal 0 0 -1
    outer loop
      vertex 45.6 -29.7856 0
      vertex 35.4 -25.4 0
      vertex 45.426 -29.6694 0
    endloop
  endfacet
  facet normal 0 0 -1
    outer loop
      vertex 51.8 -33.8 0
      vertex 35.4 -25.4 0
      vertex 45.6 -29.7856 0
    endloop
  endfacet
  facet normal 0 0 -1
    outer loop
      vertex 29 -22 0
      vertex 35.4 -17.4 0
      vertex 35.4 -25.4 0
    endloop
  endfacet
  facet normal -0 0 -1
    outer loop
      vertex 35.4 -17.4 0
      vertex 29 -22 0
      vertex 35.4 17.4 0
    endloop
  endfacet
  facet normal 0 0 -1
    outer loop
      vertex 29 22 0
      vertex 35.4 17.4 0
      vertex 29 -22 0
    endloop
  endfacet
  facet normal 0 0 -1
    outer loop
      vertex 35.4 -25.4 0
      vertex -29 -22 0
      vertex 29 -22 0
    endloop
  endfacet
  facet normal 0 0 -1
    outer loop
      vertex -35.4 -25.4 0
      vertex 35.4 -25.4 0
      vertex 51.8 -33.8 0
    endloop
  endfacet
  facet normal 0 0 -1
    outer loop
      vertex -35.4 -17.4 0
      vertex -29 -22 0
      vertex -35.4 -25.4 0
    endloop
  endfacet
  facet normal 0 0 -1
    outer loop
      vertex 35.4 -25.4 0
      vertex -35.4 -25.4 0
      vertex -29 -22 0
    endloop
  endfacet
  facet normal 0 0 -1
    outer loop
      vertex -51.8 -33.8 0
      vertex -35.4 -25.4 0
      vertex 51.8 -33.8 0
    endloop
  endfacet
  facet normal 0 0 -1
    outer loop
      vertex -44.8137 -28.1912 0
      vertex -43.4 -25.4 0
      vertex -44.8 -28.4 0
    endloop
  endfacet
  facet normal 0 0 -1
    outer loop
      vertex -44.8545 -27.9859 0
      vertex -43.4 -25.4 0
      vertex -44.8137 -28.1912 0
    endloop
  endfacet
  facet normal 0 0 -1
    outer loop
      vertex -44.9218 -27.7877 0
      vertex -43.4 -25.4 0
      vertex -44.8545 -27.9859 0
    endloop
  endfacet
  facet normal 0 -0 -1
    outer loop
      vertex -44.8545 -28.8141 0
      vertex -35.4 -25.4 0
      vertex -44.9218 -29.0123 0
    endloop
  endfacet
  facet normal 0 0 -1
    outer loop
      vertex -43.4 -25.4 0
      vertex -44.8137 -28.6088 0
      vertex -44.8 -28.4 0
    endloop
  endfacet
  facet normal -0 0 -1
    outer loop
      vertex -35.4 -25.4 0
      vertex -44.8137 -28.6088 0
      vertex -43.4 -25.4 0
    endloop
  endfacet
  facet normal 0 -0 -1
    outer loop
      vertex -44.8137 -28.6088 0
      vertex -35.4 -25.4 0
      vertex -44.8545 -28.8141 0
    endloop
  endfacet
  facet normal 0 0 -1
    outer loop
      vertex -35.4 -25.4 0
      vertex -45.0144 -29.2 0
      vertex -44.9218 -29.0123 0
    endloop
  endfacet
  facet normal 0 0 -1
    outer loop
      vertex -35.4 -25.4 0
      vertex -45.1306 -29.374 0
      vertex -45.0144 -29.2 0
    endloop
  endfacet
  facet normal 0 0 -1
    outer loop
      vertex -35.4 -25.4 0
      vertex -45.2686 -29.5314 0
      vertex -45.1306 -29.374 0
    endloop
  endfacet
  facet normal 0 0 -1
    outer loop
      vertex -35.4 -25.4 0
      vertex -45.426 -29.6694 0
      vertex -45.2686 -29.5314 0
    endloop
  endfacet
  facet normal 0 0 -1
    outer loop
      vertex -35.4 -25.4 0
      vertex -45.6 -29.7856 0
      vertex -45.426 -29.6694 0
    endloop
  endfacet
  facet normal 0 0 -1
    outer loop
      vertex -35.4 -25.4 0
      vertex -51.8 -33.8 0
      vertex -45.6 -29.7856 0
    endloop
  endfacet
  facet normal 0 0 -1
    outer loop
      vertex -45.6 -29.7856 0
      vertex -51.8 -33.8 0
      vertex -45.7877 -29.8782 0
    endloop
  endfacet
  facet normal 0 0 -1
    outer loop
      vertex -45.7877 -29.8782 0
      vertex -51.8 -33.8 0
      vertex -45.9859 -29.9455 0
    endloop
  endfacet
  facet normal 0 0 -1
    outer loop
      vertex -45.9859 -29.9455 0
      vertex -51.8 -33.8 0
      vertex -46.1912 -29.9863 0
    endloop
  endfacet
  facet normal 0 0 -1
    outer loop
      vertex -47.9455 27.9859 0
      vertex -51.8 33.8 0
      vertex -47.9863 28.1912 0
    endloop
  endfacet
  facet normal -0 0 -1
    outer loop
      vertex -47.9863 -28.6088 0
      vertex -51.8 -33.8 0
      vertex -48 -28.4 0
    endloop
  endfacet
  facet normal -0 0 -1
    outer loop
      vertex -47.9455 -28.8141 0
      vertex -51.8 -33.8 0
      vertex -47.9863 -28.6088 0
    endloop
  endfacet
  facet normal -0 0 -1
    outer loop
      vertex -47.8782 -29.0123 0
      vertex -51.8 -33.8 0
      vertex -47.9455 -28.8141 0
    endloop
  endfacet
  facet normal -0 0 -1
    outer loop
      vertex -47.7856 -29.2 0
      vertex -51.8 -33.8 0
      vertex -47.8782 -29.0123 0
    endloop
  endfacet
  facet normal -0 0 -1
    outer loop
      vertex -47.6694 -29.374 0
      vertex -51.8 -33.8 0
      vertex -47.7856 -29.2 0
    endloop
  endfacet
  facet normal -0 0 -1
    outer loop
      vertex -47.5314 -29.5314 0
      vertex -51.8 -33.8 0
      vertex -47.6694 -29.374 0
    endloop
  endfacet
  facet normal -0 0 -1
    outer loop
      vertex -47.374 -29.6694 0
      vertex -51.8 -33.8 0
      vertex -47.5314 -29.5314 0
    endloop
  endfacet
  facet normal -0 0 -1
    outer loop
      vertex -47.2 -29.7856 0
      vertex -51.8 -33.8 0
      vertex -47.374 -29.6694 0
    endloop
  endfacet
  facet normal -0 0 -1
    outer loop
      vertex -47.0123 -29.8782 0
      vertex -51.8 -33.8 0
      vertex -47.2 -29.7856 0
    endloop
  endfacet
  facet normal -0 0 -1
    outer loop
      vertex -46.8141 -29.9455 0
      vertex -51.8 -33.8 0
      vertex -47.0123 -29.8782 0
    endloop
  endfacet
  facet normal -0 0 -1
    outer loop
      vertex -46.6088 -29.9863 0
      vertex -51.8 -33.8 0
      vertex -46.8141 -29.9455 0
    endloop
  endfacet
  facet normal -0 0 -1
    outer loop
      vertex -46.4 -30 0
      vertex -51.8 -33.8 0
      vertex -46.6088 -29.9863 0
    endloop
  endfacet
  facet normal 0 0 -1
    outer loop
      vertex -46.1912 -29.9863 0
      vertex -51.8 -33.8 0
      vertex -46.4 -30 0
    endloop
  endfacet
  facet normal 0 0 -1
    outer loop
      vertex 47.9455 -27.9859 0
      vertex 51.8 -33.8 0
      vertex 47.9863 -28.1912 0
    endloop
  endfacet
  facet normal 0 0 -1
    outer loop
      vertex 47.9863 28.6088 0
      vertex 51.8 33.8 0
      vertex 48 28.4 0
    endloop
  endfacet
  facet normal 0 0 -1
    outer loop
      vertex 47.9455 28.8141 0
      vertex 51.8 33.8 0
      vertex 47.9863 28.6088 0
    endloop
  endfacet
  facet normal 0 0 -1
    outer loop
      vertex 47.8782 29.0123 0
      vertex 51.8 33.8 0
      vertex 47.9455 28.8141 0
    endloop
  endfacet
  facet normal 0 0 -1
    outer loop
      vertex 47.7856 29.2 0
      vertex 51.8 33.8 0
      vertex 47.8782 29.0123 0
    endloop
  endfacet
  facet normal 0 0 -1
    outer loop
      vertex 47.6694 29.374 0
      vertex 51.8 33.8 0
      vertex 47.7856 29.2 0
    endloop
  endfacet
  facet normal 0 0 -1
    outer loop
      vertex 47.5314 29.5314 0
      vertex 51.8 33.8 0
      vertex 47.6694 29.374 0
    endloop
  endfacet
  facet normal 0 0 -1
    outer loop
      vertex 47.374 29.6694 0
      vertex 51.8 33.8 0
      vertex 47.5314 29.5314 0
    endloop
  endfacet
  facet normal 0 0 -1
    outer loop
      vertex 47.2 29.7856 0
      vertex 51.8 33.8 0
      vertex 47.374 29.6694 0
    endloop
  endfacet
  facet normal 0 0 -1
    outer loop
      vertex 47.0123 29.8782 0
      vertex 51.8 33.8 0
      vertex 47.2 29.7856 0
    endloop
  endfacet
  facet normal 0 0 -1
    outer loop
      vertex 46.8141 29.9455 0
      vertex 51.8 33.8 0
      vertex 47.0123 29.8782 0
    endloop
  endfacet
  facet normal 0 0 -1
    outer loop
      vertex 46.6088 29.9863 0
      vertex 51.8 33.8 0
      vertex 46.8141 29.9455 0
    endloop
  endfacet
  facet normal 0 0 -1
    outer loop
      vertex 46.4 30 0
      vertex 51.8 33.8 0
      vertex 46.6088 29.9863 0
    endloop
  endfacet
  facet normal 0 0 -1
    outer loop
      vertex 46.1912 29.9863 0
      vertex 51.8 33.8 0
      vertex 46.4 30 0
    endloop
  endfacet
  facet normal 0 0 -1
    outer loop
      vertex 45.9859 29.9455 0
      vertex 51.8 33.8 0
      vertex 46.1912 29.9863 0
    endloop
  endfacet
  facet normal 0 0 -1
    outer loop
      vertex 45.7877 29.8782 0
      vertex 51.8 33.8 0
      vertex 45.9859 29.9455 0
    endloop
  endfacet
  facet normal 0 0 -1
    outer loop
      vertex 45.6 29.7856 0
      vertex 51.8 33.8 0
      vertex 45.7877 29.8782 0
    endloop
  endfacet
  facet normal -0 0 -1
    outer loop
      vertex 44.9218 27.7877 0
      vertex 43.4 25.4 0
      vertex 44.8545 27.9859 0
    endloop
  endfacet
  facet normal -0 0 -1
    outer loop
      vertex 44.8545 27.9859 0
      vertex 43.4 25.4 0
      vertex 44.8137 28.1912 0
    endloop
  endfacet
  facet normal -0 0 -1
    outer loop
      vertex 44.8137 28.1912 0
      vertex 43.4 25.4 0
      vertex 44.8 28.4 0
    endloop
  endfacet
  facet normal -0 0 -1
    outer loop
      vertex 44.8 28.4 0
      vertex 43.4 25.4 0
      vertex 44.8137 28.6088 0
    endloop
  endfacet
  facet normal 0 0 -1
    outer loop
      vertex 35.4 25.4 0
      vertex 44.8137 28.6088 0
      vertex 43.4 25.4 0
    endloop
  endfacet
  facet normal -0 0 -1
    outer loop
      vertex 44.8137 28.6088 0
      vertex 35.4 25.4 0
      vertex 44.8545 28.8141 0
    endloop
  endfacet
  facet normal -0 0 -1
    outer loop
      vertex 44.8545 28.8141 0
      vertex 35.4 25.4 0
      vertex 44.9218 29.0123 0
    endloop
  endfacet
  facet normal 0 0 -1
    outer loop
      vertex 35.4 25.4 0
      vertex 45.0144 29.2 0
      vertex 44.9218 29.0123 0
    endloop
  endfacet
  facet normal 0 0 -1
    outer loop
      vertex 35.4 25.4 0
      vertex 45.1306 29.374 0
      vertex 45.0144 29.2 0
    endloop
  endfacet
  facet normal 0 0 -1
    outer loop
      vertex 35.4 25.4 0
      vertex 45.2686 29.5314 0
      vertex 45.1306 29.374 0
    endloop
  endfacet
  facet normal 0 0 -1
    outer loop
      vertex 35.4 25.4 0
      vertex 45.426 29.6694 0
      vertex 45.2686 29.5314 0
    endloop
  endfacet
  facet normal 0 0 -1
    outer loop
      vertex 35.4 25.4 0
      vertex 45.6 29.7856 0
      vertex 45.426 29.6694 0
    endloop
  endfacet
  facet normal 0 0 -1
    outer loop
      vertex 35.4 25.4 0
      vertex 51.8 33.8 0
      vertex 45.6 29.7856 0
    endloop
  endfacet
  facet normal 0 0 -1
    outer loop
      vertex 35.4 17.4 0
      vertex 29 22 0
      vertex 35.4 25.4 0
    endloop
  endfacet
  facet normal 0 0 -1
    outer loop
      vertex -29 22 0
      vertex 35.4 25.4 0
      vertex 29 22 0
    endloop
  endfacet
  facet normal 0 0 -1
    outer loop
      vertex -35.4 25.4 0
      vertex 35.4 25.4 0
      vertex -29 22 0
    endloop
  endfacet
  facet normal 0 0 -1
    outer loop
      vertex -29 -22 0
      vertex -35.4 -17.4 0
      vertex -29 22 0
    endloop
  endfacet
  facet normal 0 0 -1
    outer loop
      vertex -35.4 17.4 0
      vertex -29 22 0
      vertex -35.4 -17.4 0
    endloop
  endfacet
  facet normal 0 0 -1
    outer loop
      vertex -35.4 25.4 0
      vertex -29 22 0
      vertex -35.4 17.4 0
    endloop
  endfacet
  facet normal 0 0 -1
    outer loop
      vertex 35.4 25.4 0
      vertex -35.4 25.4 0
      vertex 51.8 33.8 0
    endloop
  endfacet
  facet normal 0 0 -1
    outer loop
      vertex -44.8137 28.6088 0
      vertex -35.4 25.4 0
      vertex -43.4 25.4 0
    endloop
  endfacet
  facet normal 0 0 -1
    outer loop
      vertex -43.4 17.4 0
      vertex -44.8 28.4 0
      vertex -43.4 25.4 0
    endloop
  endfacet
  facet normal 0 0 -1
    outer loop
      vertex -44.8137 28.6088 0
      vertex -43.4 25.4 0
      vertex -44.8 28.4 0
    endloop
  endfacet
  facet normal 0 0 -1
    outer loop
      vertex -35.4 25.4 0
      vertex -44.8137 28.6088 0
      vertex -44.8545 28.8141 0
    endloop
  endfacet
  facet normal 0 0 -1
    outer loop
      vertex -35.4 25.4 0
      vertex -44.8545 28.8141 0
      vertex -44.9218 29.0123 0
    endloop
  endfacet
  facet normal 0 0 -1
    outer loop
      vertex -45.0144 29.2 0
      vertex -35.4 25.4 0
      vertex -44.9218 29.0123 0
    endloop
  endfacet
  facet normal 0 0 -1
    outer loop
      vertex -45.1306 29.374 0
      vertex -35.4 25.4 0
      vertex -45.0144 29.2 0
    endloop
  endfacet
  facet normal 0 0 -1
    outer loop
      vertex -45.2686 29.5314 0
      vertex -35.4 25.4 0
      vertex -45.1306 29.374 0
    endloop
  endfacet
  facet normal 0 0 -1
    outer loop
      vertex -45.426 29.6694 0
      vertex -35.4 25.4 0
      vertex -45.2686 29.5314 0
    endloop
  endfacet
  facet normal 0 0 -1
    outer loop
      vertex -45.6 29.7856 0
      vertex -35.4 25.4 0
      vertex -45.426 29.6694 0
    endloop
  endfacet
  facet normal 0 0 -1
    outer loop
      vertex -51.8 33.8 0
      vertex -35.4 25.4 0
      vertex -45.6 29.7856 0
    endloop
  endfacet
  facet normal 0 0 -1
    outer loop
      vertex -51.8 33.8 0
      vertex -45.6 29.7856 0
      vertex -45.7877 29.8782 0
    endloop
  endfacet
  facet normal 0 0 -1
    outer loop
      vertex -51.8 33.8 0
      vertex -45.7877 29.8782 0
      vertex -45.9859 29.9455 0
    endloop
  endfacet
  facet normal 0 0 -1
    outer loop
      vertex -51.8 33.8 0
      vertex -45.9859 29.9455 0
      vertex -46.1912 29.9863 0
    endloop
  endfacet
  facet normal 0 0 -1
    outer loop
      vertex -51.8 33.8 0
      vertex -46.1912 29.9863 0
      vertex -46.4 30 0
    endloop
  endfacet
  facet normal 0 0 -1
    outer loop
      vertex -35.4 25.4 0
      vertex -51.8 33.8 0
      vertex 51.8 33.8 0
    endloop
  endfacet
  facet normal 0 0 -1
    outer loop
      vertex -46.6088 29.9863 0
      vertex -51.8 33.8 0
      vertex -46.4 30 0
    endloop
  endfacet
  facet normal 0 0 -1
    outer loop
      vertex -46.8141 29.9455 0
      vertex -51.8 33.8 0
      vertex -46.6088 29.9863 0
    endloop
  endfacet
  facet normal 0 0 -1
    outer loop
      vertex -47.0123 29.8782 0
      vertex -51.8 33.8 0
      vertex -46.8141 29.9455 0
    endloop
  endfacet
  facet normal 0 0 -1
    outer loop
      vertex -47.2 29.7856 0
      vertex -51.8 33.8 0
      vertex -47.0123 29.8782 0
    endloop
  endfacet
  facet normal 0 0 -1
    outer loop
      vertex -47.374 29.6694 0
      vertex -51.8 33.8 0
      vertex -47.2 29.7856 0
    endloop
  endfacet
  facet normal 0 0 -1
    outer loop
      vertex -47.5314 29.5314 0
      vertex -51.8 33.8 0
      vertex -47.374 29.6694 0
    endloop
  endfacet
  facet normal 0 0 -1
    outer loop
      vertex -47.6694 29.374 0
      vertex -51.8 33.8 0
      vertex -47.5314 29.5314 0
    endloop
  endfacet
  facet normal 0 0 -1
    outer loop
      vertex -47.7856 29.2 0
      vertex -51.8 33.8 0
      vertex -47.6694 29.374 0
    endloop
  endfacet
  facet normal 0 0 -1
    outer loop
      vertex -47.8782 29.0123 0
      vertex -51.8 33.8 0
      vertex -47.7856 29.2 0
    endloop
  endfacet
  facet normal 0 0 -1
    outer loop
      vertex -47.9455 28.8141 0
      vertex -51.8 33.8 0
      vertex -47.8782 29.0123 0
    endloop
  endfacet
  facet normal 0 0 -1
    outer loop
      vertex -47.9863 28.6088 0
      vertex -51.8 33.8 0
      vertex -47.9455 28.8141 0
    endloop
  endfacet
  facet normal 0 0 -1
    outer loop
      vertex -48 28.4 0
      vertex -51.8 33.8 0
      vertex -47.9863 28.6088 0
    endloop
  endfacet
  facet normal 0 0 -1
    outer loop
      vertex -47.9863 28.1912 0
      vertex -51.8 33.8 0
      vertex -48 28.4 0
    endloop
  endfacet
  facet normal -1 0 0
    outer loop
      vertex -51.8 -33.8 0
      vertex -51.8 33.8 2.4
      vertex -51.8 33.8 0
    endloop
  endfacet
  facet normal -1 -0 0
    outer loop
      vertex -51.8 33.8 2.4
      vertex -51.8 -33.8 0
      vertex -51.8 -33.8 2.4
    endloop
  endfacet
  facet normal 0 1 -0
    outer loop
      vertex 51.8 33.8 0
      vertex -51.8 33.8 2.4
      vertex 51.8 33.8 2.4
    endloop
  endfacet
  facet normal 0 1 0
    outer loop
      vertex -51.8 33.8 2.4
      vertex 51.8 33.8 0
      vertex -51.8 33.8 0
    endloop
  endfacet
  facet normal 0 -1 0
    outer loop
      vertex -51.8 -33.8 0
      vertex 51.8 -33.8 2.4
      vertex -51.8 -33.8 2.4
    endloop
  endfacet
  facet normal 0 -1 -0
    outer loop
      vertex 51.8 -33.8 2.4
      vertex -51.8 -33.8 0
      vertex 51.8 -33.8 0
    endloop
  endfacet
  facet normal -1 0 0
    outer loop
      vertex 29 -22 0
      vertex 29 22 1.2
      vertex 29 22 0
    endloop
  endfacet
  facet normal -1 -0 0
    outer loop
      vertex 29 22 1.2
      vertex 29 -22 0
      vertex 29 -22 1.2
    endloop
  endfacet
  facet normal 0 0 -1
    outer loop
      vertex -29 -22 1.2
      vertex 29 22 1.2
      vertex 29 -22 1.2
    endloop
  endfacet
  facet normal -0 0 -1
    outer loop
      vertex 29 22 1.2
      vertex -29 -22 1.2
      vertex -29 22 1.2
    endloop
  endfacet
  facet normal 1 -0 0
    outer loop
      vertex -29 -22 1.2
      vertex -29 22 0
      vertex -29 22 1.2
    endloop
  endfacet
  facet normal 1 0 0
    outer loop
      vertex -29 22 0
      vertex -29 -22 1.2
      vertex -29 -22 0
    endloop
  endfacet
  facet normal 0 -1 0
    outer loop
      vertex -29 22 0
      vertex 29 22 1.2
      vertex -29 22 1.2
    endloop
  endfacet
  facet normal 0 -1 -0
    outer loop
      vertex 29 22 1.2
      vertex -29 22 0
      vertex 29 22 0
    endloop
  endfacet
  facet normal 0 1 -0
    outer loop
      vertex 29 -22 0
      vertex -29 -22 1.2
      vertex 29 -22 1.2
    endloop
  endfacet
  facet normal 0 1 0
    outer loop
      vertex -29 -22 1.2
      vertex 29 -22 0
      vertex -29 -22 0
    endloop
  endfacet
  facet normal 1 -0 0
    outer loop
      vertex -35.4 -25.4 0
      vertex -35.4 -17.4 -4.7
      vertex -35.4 -17.4 0
    endloop
  endfacet
  facet normal 1 0 0
    outer loop
      vertex -35.4 -17.4 -4.7
      vertex -35.4 -25.4 0
      vertex -35.4 -25.4 -4.7
    endloop
  endfacet
  facet normal 0 0 -1
    outer loop
      vertex -43.4 -25.4 -4.7
      vertex -35.4 -17.4 -4.7
      vertex -35.4 -25.4 -4.7
    endloop
  endfacet
  facet normal -0 0 -1
    outer loop
      vertex -35.4 -17.4 -4.7
      vertex -43.4 -25.4 -4.7
      vertex -43.4 -17.4 -4.7
    endloop
  endfacet
  facet normal -1 0 0
    outer loop
      vertex -43.4 -25.4 -4.7
      vertex -43.4 -17.4 0
      vertex -43.4 -17.4 -4.7
    endloop
  endfacet
  facet normal -1 -0 0
    outer loop
      vertex -43.4 -17.4 0
      vertex -43.4 -25.4 -4.7
      vertex -43.4 -25.4 0
    endloop
  endfacet
  facet normal 0 1 -0
    outer loop
      vertex -35.4 -17.4 -4.7
      vertex -43.4 -17.4 0
      vertex -35.4 -17.4 0
    endloop
  endfacet
  facet normal 0 1 0
    outer loop
      vertex -43.4 -17.4 0
      vertex -35.4 -17.4 -4.7
      vertex -43.4 -17.4 -4.7
    endloop
  endfacet
  facet normal 0 -1 0
    outer loop
      vertex -43.4 -25.4 -4.7
      vertex -35.4 -25.4 0
      vertex -43.4 -25.4 0
    endloop
  endfacet
  facet normal 0 -1 -0
    outer loop
      vertex -35.4 -25.4 0
      vertex -43.4 -25.4 -4.7
      vertex -35.4 -25.4 -4.7
    endloop
  endfacet
  facet normal 1 -0 0
    outer loop
      vertex -35.4 17.4 0
      vertex -35.4 25.4 -4.7
      vertex -35.4 25.4 0
    endloop
  endfacet
  facet normal 1 0 0
    outer loop
      vertex -35.4 25.4 -4.7
      vertex -35.4 17.4 0
      vertex -35.4 17.4 -4.7
    endloop
  endfacet
  facet normal 0 0 -1
    outer loop
      vertex -43.4 17.4 -4.7
      vertex -35.4 25.4 -4.7
      vertex -35.4 17.4 -4.7
    endloop
  endfacet
  facet normal -0 0 -1
    outer loop
      vertex -35.4 25.4 -4.7
      vertex -43.4 17.4 -4.7
      vertex -43.4 25.4 -4.7
    endloop
  endfacet
  facet normal -1 0 0
    outer loop
      vertex -43.4 17.4 -4.7
      vertex -43.4 25.4 0
      vertex -43.4 25.4 -4.7
    endloop
  endfacet
  facet normal -1 -0 0
    outer loop
      vertex -43.4 25.4 0
      vertex -43.4 17.4 -4.7
      vertex -43.4 17.4 0
    endloop
  endfacet
  facet normal 0 1 -0
    outer loop
      vertex -35.4 25.4 -4.7
      vertex -43.4 25.4 0
      vertex -35.4 25.4 0
    endloop
  endfacet
  facet normal 0 1 0
    outer loop
      vertex -43.4 25.4 0
      vertex -35.4 25.4 -4.7
      vertex -43.4 25.4 -4.7
    endloop
  endfacet
  facet normal 0 -1 0
    outer loop
      vertex -43.4 17.4 -4.7
      vertex -35.4 17.4 0
      vertex -43.4 17.4 0
    endloop
  endfacet
  facet normal 0 -1 -0
    outer loop
      vertex -35.4 17.4 0
      vertex -43.4 17.4 -4.7
      vertex -35.4 17.4 -4.7
    endloop
  endfacet
  facet normal 1 -0 0
    outer loop
      vertex 43.4 -25.4 0
      vertex 43.4 -17.4 -4.7
      vertex 43.4 -17.4 0
    endloop
  endfacet
  facet normal 1 0 0
    outer loop
      vertex 43.4 -17.4 -4.7
      vertex 43.4 -25.4 0
      vertex 43.4 -25.4 -4.7
    endloop
  endfacet
  facet normal 0 0 -1
    outer loop
      vertex 35.4 -25.4 -4.7
      vertex 43.4 -17.4 -4.7
      vertex 43.4 -25.4 -4.7
    endloop
  endfacet
  facet normal -0 0 -1
    outer loop
      vertex 43.4 -17.4 -4.7
      vertex 35.4 -25.4 -4.7
      vertex 35.4 -17.4 -4.7
    endloop
  endfacet
  facet normal -1 0 0
    outer loop
      vertex 35.4 -25.4 -4.7
      vertex 35.4 -17.4 0
      vertex 35.4 -17.4 -4.7
    endloop
  endfacet
  facet normal -1 -0 0
    outer loop
      vertex 35.4 -17.4 0
      vertex 35.4 -25.4 -4.7
      vertex 35.4 -25.4 0
    endloop
  endfacet
  facet normal 0 1 -0
    outer loop
      vertex 43.4 -17.4 -4.7
      vertex 35.4 -17.4 0
      vertex 43.4 -17.4 0
    endloop
  endfacet
  facet normal 0 1 0
    outer loop
      vertex 35.4 -17.4 0
      vertex 43.4 -17.4 -4.7
      vertex 35.4 -17.4 -4.7
    endloop
  endfacet
  facet normal 0 -1 0
    outer loop
      vertex 35.4 -25.4 -4.7
      vertex 43.4 -25.4 0
      vertex 35.4 -25.4 0
    endloop
  endfacet
  facet normal 0 -1 -0
    outer loop
      vertex 43.4 -25.4 0
      vertex 35.4 -25.4 -4.7
      vertex 43.4 -25.4 -4.7
    endloop
  endfacet
  facet normal 1 -0 0
    outer loop
      vertex 43.4 17.4 0
      vertex 43.4 25.4 -4.7
      vertex 43.4 25.4 0
    endloop
  endfacet
  facet normal 1 0 0
    outer loop
      vertex 43.4 25.4 -4.7
      vertex 43.4 17.4 0
      vertex 43.4 17.4 -4.7
    endloop
  endfacet
  facet normal 0 0 -1
    outer loop
      vertex 35.4 17.4 -4.7
      vertex 43.4 25.4 -4.7
      vertex 43.4 17.4 -4.7
    endloop
  endfacet
  facet normal -0 0 -1
    outer loop
      vertex 43.4 25.4 -4.7
      vertex 35.4 17.4 -4.7
      vertex 35.4 25.4 -4.7
    endloop
  endfacet
  facet normal -1 0 0
    outer loop
      vertex 35.4 17.4 -4.7
      vertex 35.4 25.4 0
      vertex 35.4 25.4 -4.7
    endloop
  endfacet
  facet normal -1 -0 0
    outer loop
      vertex 35.4 25.4 0
      vertex 35.4 17.4 -4.7
      vertex 35.4 17.4 0
    endloop
  endfacet
  facet normal 0 1 -0
    outer loop
      vertex 43.4 25.4 -4.7
      vertex 35.4 25.4 0
      vertex 43.4 25.4 0
    endloop
  endfacet
  facet normal 0 1 0
    outer loop
      vertex 35.4 25.4 0
      vertex 43.4 25.4 -4.7
      vertex 35.4 25.4 -4.7
    endloop
  endfacet
  facet normal 0 -1 0
    outer loop
      vertex 35.4 17.4 -4.7
      vertex 43.4 17.4 0
      vertex 35.4 17.4 0
    endloop
  endfacet
  facet normal 0 -1 -0
    outer loop
      vertex 43.4 17.4 0
      vertex 35.4 17.4 -4.7
      vertex 43.4 17.4 -4.7
    endloop
  endfacet
endsolid OpenSCAD_Model
