solid OpenSCAD_Model
  facet normal 0.242041 0.429121 -0.870214
    outer loop
      vertex 33.8 1.23252 21.27
      vertex 31.4 1.8 20.8823
      vertex 33.8 1.5 21.4019
    endloop
  endfacet
  facet normal 0.242047 -0.968186 0.0634722
    outer loop
      vertex 33.8 -2.98049 24.2976
      vertex 31.4 -3.6 24
      vertex 33.8 -3 24
    endloop
  endfacet
  facet normal 0.242047 0.06344 -0.968188
    outer loop
      vertex 33.8 0 21
      vertex 31.4 0 20.4
      vertex 33.8 0.297599 21.0195
    endloop
  endfacet
  facet normal 0.242044 0.0634616 -0.968188
    outer loop
      vertex 31.4 0.469893 20.4308
      vertex 33.8 0.297599 21.0195
      vertex 31.4 0 20.4
    endloop
  endfacet
  facet normal 0.242066 0.0638713 -0.968155
    outer loop
      vertex 33.8 0.297599 21.0195
      vertex 31.4 0.469893 20.4308
      vertex 33.8 0.391578 21.0257
    endloop
  endfacet
  facet normal 0.242025 0.311981 -0.918744
    outer loop
      vertex 33.8 1.05887 21.1981
      vertex 33.8 0.776457 21.1022
      vertex 31.4 0.931748 20.5227
    endloop
  endfacet
  facet normal 0.242028 -0.729436 -0.639802
    outer loop
      vertex 31.4 -2.85607 21.8085
      vertex 33.8 -2.12132 21.8787
      vertex 33.8 -2.18342 21.9495
    endloop
  endfacet
  facet normal 0.242054 -0.729531 -0.639684
    outer loop
      vertex 33.8 -2.12132 21.8787
      vertex 31.4 -2.85607 21.8085
      vertex 31.4 -2.54558 21.4544
    endloop
  endfacet
  facet normal 0.242005 -0.918705 -0.312112
    outer loop
      vertex 31.4 -3.47733 23.0683
      vertex 33.8 -2.77164 22.852
      vertex 33.8 -2.80191 22.9411
    endloop
  endfacet
  facet normal 0.282096 -0.959386 0
    outer loop
      vertex 31.4 -3.47733 23.0683
      vertex 33.8 -2.77164 22.8519
      vertex 33.8 -2.77164 22.852
    endloop
  endfacet
  facet normal 0.242045 -0.918796 -0.311814
    outer loop
      vertex 33.8 -2.77164 22.8519
      vertex 31.4 -3.47733 23.0683
      vertex 31.4 -3.32597 22.6223
    endloop
  endfacet
  facet normal 0.225046 0.974348 -0
    outer loop
      vertex 33.8 2.77164 25.148
      vertex 31.4 3.32597 25.3777
      vertex 33.8 2.77164 25.1481
    endloop
  endfacet
  facet normal 0.242005 0.918705 0.312112
    outer loop
      vertex 31.4 3.47733 24.9317
      vertex 33.8 2.77164 25.148
      vertex 33.8 2.80191 25.0589
    endloop
  endfacet
  facet normal 0.242058 0.918793 0.311813
    outer loop
      vertex 33.8 2.77164 25.148
      vertex 31.4 3.47733 24.9317
      vertex 31.4 3.32597 25.3777
    endloop
  endfacet
  facet normal 0.242044 -0.0634616 0.968188
    outer loop
      vertex 31.4 -0.469893 27.5692
      vertex 33.8 -0.297599 26.9805
      vertex 31.4 0 27.6
    endloop
  endfacet
  facet normal 0.242066 -0.0638713 0.968155
    outer loop
      vertex 33.8 -0.297599 26.9805
      vertex 31.4 -0.469893 27.5692
      vertex 33.8 -0.391578 26.9743
    endloop
  endfacet
  facet normal 0.242045 -0.951601 -0.189392
    outer loop
      vertex 31.4 -3.5692 23.5301
      vertex 33.8 -2.95596 23.5161
      vertex 33.8 -2.97433 23.6084
    endloop
  endfacet
  facet normal 0.242049 -0.951616 -0.189313
    outer loop
      vertex 33.8 -2.95596 23.5161
      vertex 31.4 -3.5692 23.5301
      vertex 31.4 -3.47733 23.0683
    endloop
  endfacet
  facet normal 0.242047 -0.968186 -0.0634722
    outer loop
      vertex 33.8 -3 24
      vertex 31.4 -3.6 24
      vertex 33.8 -2.98049 23.7024
    endloop
  endfacet
  facet normal 0.242003 0.312139 -0.918697
    outer loop
      vertex 31.4 0.931748 20.5227
      vertex 33.8 1.14805 21.2284
      vertex 33.8 1.05887 21.1981
    endloop
  endfacet
  facet normal 0.242071 0.311756 -0.918809
    outer loop
      vertex 33.8 1.14805 21.2284
      vertex 31.4 0.931748 20.5227
      vertex 31.4 1.37766 20.674
    endloop
  endfacet
  facet normal 0.242045 0.951601 -0.189392
    outer loop
      vertex 33.8 2.95596 23.5161
      vertex 31.4 3.5692 23.5301
      vertex 33.8 2.97433 23.6084
    endloop
  endfacet
  facet normal 0.242049 0.951616 -0.189313
    outer loop
      vertex 31.4 3.5692 23.5301
      vertex 33.8 2.95596 23.5161
      vertex 31.4 3.47733 23.0683
    endloop
  endfacet
  facet normal 0.242041 0.806739 -0.539062
    outer loop
      vertex 33.8 2.38006 22.1737
      vertex 31.4 3.11769 22.2
      vertex 33.8 2.43238 22.252
    endloop
  endfacet
  facet normal 0.242035 0.806721 -0.539092
    outer loop
      vertex 31.4 3.11769 22.2
      vertex 33.8 2.38006 22.1737
      vertex 31.4 2.85607 21.8085
    endloop
  endfacet
  facet normal 0.242047 -0.06344 0.968188
    outer loop
      vertex 33.8 0 27
      vertex 31.4 0 27.6
      vertex 33.8 -0.297599 26.9805
    endloop
  endfacet
  facet normal 0.242056 -0.639756 -0.729466
    outer loop
      vertex 31.4 -2.19154 21.1439
      vertex 33.8 -2.12132 21.8787
      vertex 31.4 -2.54558 21.4544
    endloop
  endfacet
  facet normal 0.242059 -0.639745 -0.729475
    outer loop
      vertex 33.8 -2.12132 21.8787
      vertex 31.4 -2.19154 21.1439
      vertex 33.8 -2.05051 21.8166
    endloop
  endfacet
  facet normal 0.242057 0.870181 0.429177
    outer loop
      vertex 33.8 2.72998 25.2325
      vertex 31.4 3.32597 25.3777
      vertex 31.4 3.11769 25.8
    endloop
  endfacet
  facet normal 0.24204 0.870048 0.429457
    outer loop
      vertex 31.4 3.32597 25.3777
      vertex 33.8 2.72998 25.2325
      vertex 33.8 2.77164 25.1481
    endloop
  endfacet
  facet normal 0.242025 -0.311981 -0.918744
    outer loop
      vertex 31.4 -0.931748 20.5227
      vertex 33.8 -0.776457 21.1022
      vertex 33.8 -1.05887 21.1981
    endloop
  endfacet
  facet normal 0.242047 0.968188 0.0634472
    outer loop
      vertex 33.8 2.98049 24.2976
      vertex 31.4 3.5692 24.4699
      vertex 33.8 2.97433 24.3916
    endloop
  endfacet
  facet normal 0.242048 0.968187 0.0634606
    outer loop
      vertex 31.4 3.5692 24.4699
      vertex 33.8 2.98049 24.2976
      vertex 31.4 3.6 24
    endloop
  endfacet
  facet normal 0.24204 0.870048 -0.429457
    outer loop
      vertex 33.8 2.72998 22.7675
      vertex 31.4 3.32597 22.6223
      vertex 33.8 2.77164 22.8519
    endloop
  endfacet
  facet normal 0.242057 0.870181 -0.429177
    outer loop
      vertex 31.4 3.32597 22.6223
      vertex 33.8 2.72998 22.7675
      vertex 31.4 3.11769 22.2
    endloop
  endfacet
  facet normal 0.242031 0.729451 -0.639783
    outer loop
      vertex 33.8 2.38006 22.1737
      vertex 33.8 2.18342 21.9495
      vertex 31.4 2.85607 21.8085
    endloop
  endfacet
  facet normal 0.242037 0.951637 -0.189222
    outer loop
      vertex 33.8 2.89778 23.2235
      vertex 31.4 3.47733 23.0683
      vertex 33.8 2.95596 23.5161
    endloop
  endfacet
  facet normal 0.242047 0.968188 -0.0634472
    outer loop
      vertex 31.4 3.5692 23.5301
      vertex 33.8 2.98049 23.7024
      vertex 33.8 2.97433 23.6084
    endloop
  endfacet
  facet normal 0.242048 0.968187 -0.0634606
    outer loop
      vertex 33.8 2.98049 23.7024
      vertex 31.4 3.5692 23.5301
      vertex 31.4 3.6 24
    endloop
  endfacet
  facet normal 0.242056 0.639756 0.729466
    outer loop
      vertex 31.4 2.19154 26.8561
      vertex 33.8 2.12132 26.1213
      vertex 31.4 2.54558 26.5456
    endloop
  endfacet
  facet normal 0.242059 0.639745 0.729475
    outer loop
      vertex 33.8 2.12132 26.1213
      vertex 31.4 2.19154 26.8561
      vertex 33.8 2.05051 26.1834
    endloop
  endfacet
  facet normal 0.242042 0.639843 -0.729395
    outer loop
      vertex 33.8 1.82628 21.6199
      vertex 31.4 2.19154 21.1439
      vertex 33.8 2.05051 21.8166
    endloop
  endfacet
  facet normal 0.24205 0.429178 0.870183
    outer loop
      vertex 31.4 1.37766 27.326
      vertex 33.8 1.23252 26.73
      vertex 31.4 1.8 27.1177
    endloop
  endfacet
  facet normal 0.242079 0.428669 0.870425
    outer loop
      vertex 33.8 1.23252 26.73
      vertex 31.4 1.37766 27.326
      vertex 33.8 1.14805 26.7716
    endloop
  endfacet
  facet normal 0.242054 -0.729531 0.639684
    outer loop
      vertex 31.4 -2.85607 26.1915
      vertex 33.8 -2.12132 26.1213
      vertex 31.4 -2.54558 26.5456
    endloop
  endfacet
  facet normal 0.242028 -0.729436 0.639802
    outer loop
      vertex 33.8 -2.12132 26.1213
      vertex 31.4 -2.85607 26.1915
      vertex 33.8 -2.18342 26.0505
    endloop
  endfacet
  facet normal 0.242041 -0.429121 0.870214
    outer loop
      vertex 33.8 -1.23252 26.73
      vertex 31.4 -1.8 27.1177
      vertex 33.8 -1.5 26.5981
    endloop
  endfacet
  facet normal 0.242033 0.918768 -0.311906
    outer loop
      vertex 33.8 2.80191 22.9411
      vertex 31.4 3.47733 23.0683
      vertex 33.8 2.89778 23.2235
    endloop
  endfacet
  facet normal 0.242047 -0.968188 0.0634472
    outer loop
      vertex 31.4 -3.5692 24.4699
      vertex 33.8 -2.98049 24.2976
      vertex 33.8 -2.97433 24.3916
    endloop
  endfacet
  facet normal 0.242048 -0.968187 0.0634606
    outer loop
      vertex 33.8 -2.98049 24.2976
      vertex 31.4 -3.5692 24.4699
      vertex 31.4 -3.6 24
    endloop
  endfacet
  facet normal 0.242027 -0.189341 0.951616
    outer loop
      vertex 33.8 -0.483948 26.956
      vertex 31.4 -0.931748 27.4773
      vertex 33.8 -0.776457 26.8978
    endloop
  endfacet
  facet normal 0.242025 -0.311981 0.918744
    outer loop
      vertex 33.8 -1.05887 26.8019
      vertex 33.8 -0.776457 26.8978
      vertex 31.4 -0.931748 27.4773
    endloop
  endfacet
  facet normal 0.242045 -0.806758 0.539032
    outer loop
      vertex 31.4 -3.11769 25.8
      vertex 33.8 -2.59808 25.5
      vertex 33.8 -2.43238 25.748
    endloop
  endfacet
  facet normal 0.242035 -0.806721 0.539092
    outer loop
      vertex 31.4 -3.11769 25.8
      vertex 33.8 -2.38006 25.8263
      vertex 31.4 -2.85607 26.1915
    endloop
  endfacet
  facet normal 0.242041 -0.806739 0.539062
    outer loop
      vertex 33.8 -2.38006 25.8263
      vertex 31.4 -3.11769 25.8
      vertex 33.8 -2.43238 25.748
    endloop
  endfacet
  facet normal 0.242047 0.06344 0.968188
    outer loop
      vertex 33.8 0.297599 26.9805
      vertex 31.4 0 27.6
      vertex 33.8 0 27
    endloop
  endfacet
  facet normal 0.242064 0.538917 -0.806829
    outer loop
      vertex 31.4 1.8 20.8823
      vertex 33.8 1.82628 21.6199
      vertex 33.8 1.74798 21.5676
    endloop
  endfacet
  facet normal 0.242043 0.539024 -0.806764
    outer loop
      vertex 33.8 1.82628 21.6199
      vertex 31.4 1.8 20.8823
      vertex 31.4 2.19154 21.1439
    endloop
  endfacet
  facet normal 0.242033 -0.918768 0.311906
    outer loop
      vertex 33.8 -2.80191 25.0589
      vertex 31.4 -3.47733 24.9317
      vertex 33.8 -2.89778 24.7765
    endloop
  endfacet
  facet normal 0.242066 -0.0638713 -0.968155
    outer loop
      vertex 31.4 -0.469893 20.4308
      vertex 33.8 -0.297599 21.0195
      vertex 33.8 -0.391578 21.0257
    endloop
  endfacet
  facet normal 0.242044 -0.0634616 -0.968188
    outer loop
      vertex 33.8 -0.297599 21.0195
      vertex 31.4 -0.469893 20.4308
      vertex 31.4 0 20.4
    endloop
  endfacet
  facet normal 0.242047 -0.06344 -0.968188
    outer loop
      vertex 33.8 -0.297599 21.0195
      vertex 31.4 0 20.4
      vertex 33.8 0 21
    endloop
  endfacet
  facet normal 0.242005 0.918705 -0.312112
    outer loop
      vertex 33.8 2.77164 22.852
      vertex 31.4 3.47733 23.0683
      vertex 33.8 2.80191 22.9411
    endloop
  endfacet
  facet normal 0.282096 0.959386 -0
    outer loop
      vertex 33.8 2.77164 22.8519
      vertex 31.4 3.47733 23.0683
      vertex 33.8 2.77164 22.852
    endloop
  endfacet
  facet normal 0.242045 0.918796 -0.311814
    outer loop
      vertex 31.4 3.47733 23.0683
      vertex 33.8 2.77164 22.8519
      vertex 31.4 3.32597 22.6223
    endloop
  endfacet
  facet normal 0.242027 0.189341 -0.951616
    outer loop
      vertex 33.8 0.483948 21.044
      vertex 31.4 0.931748 20.5227
      vertex 33.8 0.776457 21.1022
    endloop
  endfacet
  facet normal 0.242042 0.639843 0.729395
    outer loop
      vertex 31.4 2.19154 26.8561
      vertex 33.8 1.82628 26.3801
      vertex 33.8 2.05051 26.1834
    endloop
  endfacet
  facet normal 0.242079 0.428669 -0.870425
    outer loop
      vertex 31.4 1.37766 20.674
      vertex 33.8 1.23252 21.27
      vertex 33.8 1.14805 21.2284
    endloop
  endfacet
  facet normal 0.24205 0.429178 -0.870183
    outer loop
      vertex 33.8 1.23252 21.27
      vertex 31.4 1.37766 20.674
      vertex 31.4 1.8 20.8823
    endloop
  endfacet
  facet normal 0.24207 0.188559 -0.95176
    outer loop
      vertex 33.8 0.391578 21.0257
      vertex 31.4 0.469893 20.4308
      vertex 33.8 0.483948 21.044
    endloop
  endfacet
  facet normal 0.242028 0.189352 -0.951613
    outer loop
      vertex 33.8 0.483948 21.044
      vertex 31.4 0.469893 20.4308
      vertex 31.4 0.931748 20.5227
    endloop
  endfacet
  facet normal 0.242042 -0.539062 0.806739
    outer loop
      vertex 33.8 -1.5 26.5981
      vertex 31.4 -1.8 27.1177
      vertex 33.8 -1.74798 26.4324
    endloop
  endfacet
  facet normal 0.242066 0.0638713 0.968155
    outer loop
      vertex 31.4 0.469893 27.5692
      vertex 33.8 0.297599 26.9805
      vertex 33.8 0.391578 26.9743
    endloop
  endfacet
  facet normal 0.242044 0.0634616 0.968188
    outer loop
      vertex 33.8 0.297599 26.9805
      vertex 31.4 0.469893 27.5692
      vertex 31.4 0 27.6
    endloop
  endfacet
  facet normal 0.242071 0.311756 0.918809
    outer loop
      vertex 31.4 0.931748 27.4773
      vertex 33.8 1.14805 26.7716
      vertex 31.4 1.37766 27.326
    endloop
  endfacet
  facet normal 0.242003 0.312139 0.918697
    outer loop
      vertex 33.8 1.14805 26.7716
      vertex 31.4 0.931748 27.4773
      vertex 33.8 1.05887 26.8019
    endloop
  endfacet
  facet normal 0.24207 -0.188559 0.95176
    outer loop
      vertex 33.8 -0.391578 26.9743
      vertex 31.4 -0.469893 27.5692
      vertex 33.8 -0.483948 26.956
    endloop
  endfacet
  facet normal 0.242028 -0.189352 0.951613
    outer loop
      vertex 33.8 -0.483948 26.956
      vertex 31.4 -0.469893 27.5692
      vertex 31.4 -0.931748 27.4773
    endloop
  endfacet
  facet normal 0.242054 0.729531 0.639684
    outer loop
      vertex 33.8 2.12132 26.1213
      vertex 31.4 2.85607 26.1915
      vertex 31.4 2.54558 26.5456
    endloop
  endfacet
  facet normal 0.242028 0.729436 0.639802
    outer loop
      vertex 31.4 2.85607 26.1915
      vertex 33.8 2.12132 26.1213
      vertex 33.8 2.18342 26.0505
    endloop
  endfacet
  facet normal 0.242042 0.539062 0.806739
    outer loop
      vertex 31.4 1.8 27.1177
      vertex 33.8 1.5 26.5981
      vertex 33.8 1.74798 26.4324
    endloop
  endfacet
  facet normal 0.242037 -0.951637 0.189222
    outer loop
      vertex 33.8 -2.89778 24.7765
      vertex 31.4 -3.47733 24.9317
      vertex 33.8 -2.95596 24.4839
    endloop
  endfacet
  facet normal 0.242003 -0.312139 0.918697
    outer loop
      vertex 31.4 -0.931748 27.4773
      vertex 33.8 -1.14805 26.7716
      vertex 33.8 -1.05887 26.8019
    endloop
  endfacet
  facet normal 0.242071 -0.311756 0.918809
    outer loop
      vertex 33.8 -1.14805 26.7716
      vertex 31.4 -0.931748 27.4773
      vertex 31.4 -1.37766 27.326
    endloop
  endfacet
  facet normal 0.242059 -0.639745 0.729475
    outer loop
      vertex 31.4 -2.19154 26.8561
      vertex 33.8 -2.12132 26.1213
      vertex 33.8 -2.05051 26.1834
    endloop
  endfacet
  facet normal 0.242056 -0.639756 0.729466
    outer loop
      vertex 33.8 -2.12132 26.1213
      vertex 31.4 -2.19154 26.8561
      vertex 31.4 -2.54558 26.5456
    endloop
  endfacet
  facet normal 0.242059 0.639745 -0.729475
    outer loop
      vertex 31.4 2.19154 21.1439
      vertex 33.8 2.12132 21.8787
      vertex 33.8 2.05051 21.8166
    endloop
  endfacet
  facet normal 0.242056 0.639756 -0.729466
    outer loop
      vertex 33.8 2.12132 21.8787
      vertex 31.4 2.19154 21.1439
      vertex 31.4 2.54558 21.4544
    endloop
  endfacet
  facet normal 0.242071 -0.311756 -0.918809
    outer loop
      vertex 31.4 -0.931748 20.5227
      vertex 33.8 -1.14805 21.2284
      vertex 31.4 -1.37766 20.674
    endloop
  endfacet
  facet normal 0.242003 -0.312139 -0.918697
    outer loop
      vertex 33.8 -1.14805 21.2284
      vertex 31.4 -0.931748 20.5227
      vertex 33.8 -1.05887 21.1981
    endloop
  endfacet
  facet normal 0.242042 -0.639843 -0.729395
    outer loop
      vertex 31.4 -2.19154 21.1439
      vertex 33.8 -1.82628 21.6199
      vertex 33.8 -2.05051 21.8166
    endloop
  endfacet
  facet normal 0.24205 -0.429178 -0.870183
    outer loop
      vertex 31.4 -1.37766 20.674
      vertex 33.8 -1.23252 21.27
      vertex 31.4 -1.8 20.8823
    endloop
  endfacet
  facet normal 0.242079 -0.428669 -0.870425
    outer loop
      vertex 33.8 -1.23252 21.27
      vertex 31.4 -1.37766 20.674
      vertex 33.8 -1.14805 21.2284
    endloop
  endfacet
  facet normal 0.242049 0.951616 0.189313
    outer loop
      vertex 33.8 2.95596 24.4839
      vertex 31.4 3.5692 24.4699
      vertex 31.4 3.47733 24.9317
    endloop
  endfacet
  facet normal 0.242045 0.951601 0.189392
    outer loop
      vertex 33.8 2.97433 24.3916
      vertex 31.4 3.5692 24.4699
      vertex 33.8 2.95596 24.4839
    endloop
  endfacet
  facet normal 0.24207 -0.188559 -0.95176
    outer loop
      vertex 31.4 -0.469893 20.4308
      vertex 33.8 -0.391578 21.0257
      vertex 33.8 -0.483948 21.044
    endloop
  endfacet
  facet normal 0.242028 -0.189352 -0.951613
    outer loop
      vertex 31.4 -0.469893 20.4308
      vertex 33.8 -0.483948 21.044
      vertex 31.4 -0.931748 20.5227
    endloop
  endfacet
  facet normal 0.242025 0.311981 0.918744
    outer loop
      vertex 31.4 0.931748 27.4773
      vertex 33.8 0.776457 26.8978
      vertex 33.8 1.05887 26.8019
    endloop
  endfacet
  facet normal 0.242044 -0.870226 0.429094
    outer loop
      vertex 33.8 -2.59808 25.5
      vertex 31.4 -3.11769 25.8
      vertex 33.8 -2.72998 25.2325
    endloop
  endfacet
  facet normal 0.242048 -0.968187 -0.0634606
    outer loop
      vertex 31.4 -3.5692 23.5301
      vertex 33.8 -2.98049 23.7024
      vertex 31.4 -3.6 24
    endloop
  endfacet
  facet normal 0.242047 -0.968188 -0.0634472
    outer loop
      vertex 33.8 -2.98049 23.7024
      vertex 31.4 -3.5692 23.5301
      vertex 33.8 -2.97433 23.6084
    endloop
  endfacet
  facet normal 0.242057 -0.870181 0.429177
    outer loop
      vertex 31.4 -3.32597 25.3777
      vertex 33.8 -2.72998 25.2325
      vertex 31.4 -3.11769 25.8
    endloop
  endfacet
  facet normal 0.24204 -0.870048 0.429457
    outer loop
      vertex 33.8 -2.72998 25.2325
      vertex 31.4 -3.32597 25.3777
      vertex 33.8 -2.77164 25.1481
    endloop
  endfacet
  facet normal 0.242027 0.189341 0.951616
    outer loop
      vertex 33.8 0.776457 26.8978
      vertex 31.4 0.931748 27.4773
      vertex 33.8 0.483948 26.956
    endloop
  endfacet
  facet normal 0.242042 0.539062 -0.806739
    outer loop
      vertex 33.8 1.5 21.4019
      vertex 31.4 1.8 20.8823
      vertex 33.8 1.74798 21.5676
    endloop
  endfacet
  facet normal 0.242031 -0.729451 -0.639783
    outer loop
      vertex 33.8 -2.38006 22.1737
      vertex 31.4 -2.85607 21.8085
      vertex 33.8 -2.18342 21.9495
    endloop
  endfacet
  facet normal 0.242064 -0.538917 0.806829
    outer loop
      vertex 31.4 -1.8 27.1177
      vertex 33.8 -1.82628 26.3801
      vertex 33.8 -1.74798 26.4324
    endloop
  endfacet
  facet normal 0.242043 -0.539024 0.806764
    outer loop
      vertex 33.8 -1.82628 26.3801
      vertex 31.4 -1.8 27.1177
      vertex 31.4 -2.19154 26.8561
    endloop
  endfacet
  facet normal 0.242041 0.429121 0.870214
    outer loop
      vertex 33.8 1.5 26.5981
      vertex 31.4 1.8 27.1177
      vertex 33.8 1.23252 26.73
    endloop
  endfacet
  facet normal 0.242047 0.968186 0.0634722
    outer loop
      vertex 33.8 3 24
      vertex 31.4 3.6 24
      vertex 33.8 2.98049 24.2976
    endloop
  endfacet
  facet normal 0.242079 -0.428669 0.870425
    outer loop
      vertex 31.4 -1.37766 27.326
      vertex 33.8 -1.23252 26.73
      vertex 33.8 -1.14805 26.7716
    endloop
  endfacet
  facet normal 0.24205 -0.429178 0.870183
    outer loop
      vertex 33.8 -1.23252 26.73
      vertex 31.4 -1.37766 27.326
      vertex 31.4 -1.8 27.1177
    endloop
  endfacet
  facet normal 0.242043 0.539024 0.806764
    outer loop
      vertex 31.4 1.8 27.1177
      vertex 33.8 1.82628 26.3801
      vertex 31.4 2.19154 26.8561
    endloop
  endfacet
  facet normal 0.242064 0.538917 0.806829
    outer loop
      vertex 33.8 1.82628 26.3801
      vertex 31.4 1.8 27.1177
      vertex 33.8 1.74798 26.4324
    endloop
  endfacet
  facet normal 0.242043 -0.539024 -0.806764
    outer loop
      vertex 31.4 -1.8 20.8823
      vertex 33.8 -1.82628 21.6199
      vertex 31.4 -2.19154 21.1439
    endloop
  endfacet
  facet normal 0.242064 -0.538917 -0.806829
    outer loop
      vertex 33.8 -1.82628 21.6199
      vertex 31.4 -1.8 20.8823
      vertex 33.8 -1.74798 21.5676
    endloop
  endfacet
  facet normal 0.242037 -0.951637 -0.189222
    outer loop
      vertex 33.8 -2.95596 23.5161
      vertex 31.4 -3.47733 23.0683
      vertex 33.8 -2.89778 23.2235
    endloop
  endfacet
  facet normal 0.242033 0.918768 0.311906
    outer loop
      vertex 33.8 2.89778 24.7765
      vertex 31.4 3.47733 24.9317
      vertex 33.8 2.80191 25.0589
    endloop
  endfacet
  facet normal 0.242044 0.870226 -0.429094
    outer loop
      vertex 33.8 2.59808 22.5
      vertex 31.4 3.11769 22.2
      vertex 33.8 2.72998 22.7675
    endloop
  endfacet
  facet normal 0.225046 -0.974348 0
    outer loop
      vertex 31.4 -3.32597 25.3777
      vertex 33.8 -2.77164 25.148
      vertex 33.8 -2.77164 25.1481
    endloop
  endfacet
  facet normal 0.242058 -0.918793 0.311813
    outer loop
      vertex 31.4 -3.47733 24.9317
      vertex 33.8 -2.77164 25.148
      vertex 31.4 -3.32597 25.3777
    endloop
  endfacet
  facet normal 0.242005 -0.918705 0.312112
    outer loop
      vertex 33.8 -2.77164 25.148
      vertex 31.4 -3.47733 24.9317
      vertex 33.8 -2.80191 25.0589
    endloop
  endfacet
  facet normal 0.242042 -0.639843 0.729395
    outer loop
      vertex 33.8 -1.82628 26.3801
      vertex 31.4 -2.19154 26.8561
      vertex 33.8 -2.05051 26.1834
    endloop
  endfacet
  facet normal 0.242031 -0.729451 0.639783
    outer loop
      vertex 31.4 -2.85607 26.1915
      vertex 33.8 -2.38006 25.8263
      vertex 33.8 -2.18342 26.0505
    endloop
  endfacet
  facet normal 0.242045 0.806758 0.539032
    outer loop
      vertex 31.4 3.11769 25.8
      vertex 33.8 2.43238 25.748
      vertex 33.8 2.59808 25.5
    endloop
  endfacet
  facet normal 0.242042 -0.539062 -0.806739
    outer loop
      vertex 31.4 -1.8 20.8823
      vertex 33.8 -1.5 21.4019
      vertex 33.8 -1.74798 21.5676
    endloop
  endfacet
  facet normal 0.242041 -0.429121 -0.870214
    outer loop
      vertex 33.8 -1.5 21.4019
      vertex 31.4 -1.8 20.8823
      vertex 33.8 -1.23252 21.27
    endloop
  endfacet
  facet normal 0.242033 -0.918768 -0.311906
    outer loop
      vertex 33.8 -2.89778 23.2235
      vertex 31.4 -3.47733 23.0683
      vertex 33.8 -2.80191 22.9411
    endloop
  endfacet
  facet normal 0.242028 0.729436 -0.639802
    outer loop
      vertex 33.8 2.12132 21.8787
      vertex 31.4 2.85607 21.8085
      vertex 33.8 2.18342 21.9495
    endloop
  endfacet
  facet normal 0.242054 0.729531 -0.639684
    outer loop
      vertex 31.4 2.85607 21.8085
      vertex 33.8 2.12132 21.8787
      vertex 31.4 2.54558 21.4544
    endloop
  endfacet
  facet normal 0.242045 0.806758 -0.539032
    outer loop
      vertex 33.8 2.59808 22.5
      vertex 33.8 2.43238 22.252
      vertex 31.4 3.11769 22.2
    endloop
  endfacet
  facet normal -1 0 0
    outer loop
      vertex 31.4 3 24
      vertex 31.4 3.6 24
      vertex 31.4 3.5692 23.5301
    endloop
  endfacet
  facet normal -1 0 0
    outer loop
      vertex 31.4 2.97433 23.6084
      vertex 31.4 3.5692 23.5301
      vertex 31.4 3.47733 23.0683
    endloop
  endfacet
  facet normal -1 0 0
    outer loop
      vertex 31.4 3.6 24
      vertex 31.4 3 24
      vertex 31.4 3.5692 24.4699
    endloop
  endfacet
  facet normal -1 0 0
    outer loop
      vertex 31.4 2.89778 23.2235
      vertex 31.4 3.47733 23.0683
      vertex 31.4 3.32597 22.6223
    endloop
  endfacet
  facet normal -1 0 0
    outer loop
      vertex 31.4 2.97433 24.3916
      vertex 31.4 3.5692 24.4699
      vertex 31.4 3 24
    endloop
  endfacet
  facet normal -1 0 0
    outer loop
      vertex 31.4 2.77164 22.852
      vertex 31.4 3.32597 22.6223
      vertex 31.4 3.11769 22.2
    endloop
  endfacet
  facet normal -1 -0 0
    outer loop
      vertex 31.4 3.5692 24.4699
      vertex 31.4 2.97433 24.3916
      vertex 31.4 3.47733 24.9317
    endloop
  endfacet
  facet normal -1 0 0
    outer loop
      vertex 31.4 2.89778 24.7765
      vertex 31.4 3.47733 24.9317
      vertex 31.4 2.97433 24.3916
    endloop
  endfacet
  facet normal -1 0 0
    outer loop
      vertex 31.4 3.5692 23.5301
      vertex 31.4 2.97433 23.6084
      vertex 31.4 3 24
    endloop
  endfacet
  facet normal -1 0 0
    outer loop
      vertex 31.4 3.47733 23.0683
      vertex 31.4 2.89778 23.2235
      vertex 31.4 2.97433 23.6084
    endloop
  endfacet
  facet normal -1 0 0
    outer loop
      vertex 31.4 2.59808 22.5
      vertex 31.4 3.11769 22.2
      vertex 31.4 2.85607 21.8085
    endloop
  endfacet
  facet normal -1 0 0
    outer loop
      vertex 31.4 3.32597 22.6223
      vertex 31.4 2.77164 22.852
      vertex 31.4 2.89778 23.2235
    endloop
  endfacet
  facet normal -1 0 0
    outer loop
      vertex 31.4 3.11769 22.2
      vertex 31.4 2.59808 22.5
      vertex 31.4 2.77164 22.852
    endloop
  endfacet
  facet normal -1 0 0
    outer loop
      vertex 31.4 2.38006 22.1737
      vertex 31.4 2.85607 21.8085
      vertex 31.4 2.54558 21.4544
    endloop
  endfacet
  facet normal -1 0 0
    outer loop
      vertex 31.4 2.85607 21.8085
      vertex 31.4 2.38006 22.1737
      vertex 31.4 2.59808 22.5
    endloop
  endfacet
  facet normal -1 0 0
    outer loop
      vertex 31.4 2.12132 21.8787
      vertex 31.4 2.54558 21.4544
      vertex 31.4 2.19154 21.1439
    endloop
  endfacet
  facet normal -1 0 0
    outer loop
      vertex 31.4 2.54558 21.4544
      vertex 31.4 2.12132 21.8787
      vertex 31.4 2.38006 22.1737
    endloop
  endfacet
  facet normal -1 0 0
    outer loop
      vertex 31.4 2.19154 21.1439
      vertex 31.4 1.82628 21.6199
      vertex 31.4 2.12132 21.8787
    endloop
  endfacet
  facet normal -1 0 0
    outer loop
      vertex 31.4 1.8 20.8823
      vertex 31.4 1.82628 21.6199
      vertex 31.4 2.19154 21.1439
    endloop
  endfacet
  facet normal -1 0 0
    outer loop
      vertex 31.4 1.8 20.8823
      vertex 31.4 1.5 21.4019
      vertex 31.4 1.82628 21.6199
    endloop
  endfacet
  facet normal -1 0 0
    outer loop
      vertex 31.4 1.37766 20.674
      vertex 31.4 1.5 21.4019
      vertex 31.4 1.8 20.8823
    endloop
  endfacet
  facet normal -1 0 0
    outer loop
      vertex 31.4 1.37766 20.674
      vertex 31.4 1.14805 21.2284
      vertex 31.4 1.5 21.4019
    endloop
  endfacet
  facet normal -1 0 0
    outer loop
      vertex 31.4 0.931748 20.5227
      vertex 31.4 1.14805 21.2284
      vertex 31.4 1.37766 20.674
    endloop
  endfacet
  facet normal -1 0 0
    outer loop
      vertex 31.4 0.931748 20.5227
      vertex 31.4 0.776457 21.1022
      vertex 31.4 1.14805 21.2284
    endloop
  endfacet
  facet normal -1 0 0
    outer loop
      vertex 31.4 0.469893 20.4308
      vertex 31.4 0.776457 21.1022
      vertex 31.4 0.931748 20.5227
    endloop
  endfacet
  facet normal -1 0 0
    outer loop
      vertex 31.4 0.469893 20.4308
      vertex 31.4 0.391578 21.0257
      vertex 31.4 0.776457 21.1022
    endloop
  endfacet
  facet normal -1 0 0
    outer loop
      vertex 31.4 0 20.4
      vertex 31.4 0.391578 21.0257
      vertex 31.4 0.469893 20.4308
    endloop
  endfacet
  facet normal -1 0 0
    outer loop
      vertex 31.4 0 20.4
      vertex 31.4 0 21
      vertex 31.4 0.391578 21.0257
    endloop
  endfacet
  facet normal -1 0 0
    outer loop
      vertex 31.4 0 20.4
      vertex 31.4 -0.391578 21.0257
      vertex 31.4 0 21
    endloop
  endfacet
  facet normal -1 0 0
    outer loop
      vertex 31.4 -0.469893 20.4308
      vertex 31.4 -0.391578 21.0257
      vertex 31.4 0 20.4
    endloop
  endfacet
  facet normal -1 0 0
    outer loop
      vertex 31.4 -0.469893 20.4308
      vertex 31.4 -0.776457 21.1022
      vertex 31.4 -0.391578 21.0257
    endloop
  endfacet
  facet normal -1 0 0
    outer loop
      vertex 31.4 -0.931748 20.5227
      vertex 31.4 -0.776457 21.1022
      vertex 31.4 -0.469893 20.4308
    endloop
  endfacet
  facet normal -1 0 0
    outer loop
      vertex 31.4 -0.931748 20.5227
      vertex 31.4 -1.14805 21.2284
      vertex 31.4 -0.776457 21.1022
    endloop
  endfacet
  facet normal -1 0 0
    outer loop
      vertex 31.4 -1.37766 20.674
      vertex 31.4 -1.14805 21.2284
      vertex 31.4 -0.931748 20.5227
    endloop
  endfacet
  facet normal -1 0 0
    outer loop
      vertex 31.4 -1.37766 20.674
      vertex 31.4 -1.5 21.4019
      vertex 31.4 -1.14805 21.2284
    endloop
  endfacet
  facet normal -1 0 0
    outer loop
      vertex 31.4 -1.8 20.8823
      vertex 31.4 -1.5 21.4019
      vertex 31.4 -1.37766 20.674
    endloop
  endfacet
  facet normal -1 0 0
    outer loop
      vertex 31.4 -1.8 20.8823
      vertex 31.4 -1.82628 21.6199
      vertex 31.4 -1.5 21.4019
    endloop
  endfacet
  facet normal -1 0 0
    outer loop
      vertex 31.4 -2.19154 21.1439
      vertex 31.4 -1.82628 21.6199
      vertex 31.4 -1.8 20.8823
    endloop
  endfacet
  facet normal -1 -0 0
    outer loop
      vertex 31.4 -1.82628 21.6199
      vertex 31.4 -2.19154 21.1439
      vertex 31.4 -2.12132 21.8787
    endloop
  endfacet
  facet normal -1 0 0
    outer loop
      vertex 31.4 -2.54558 21.4544
      vertex 31.4 -2.12132 21.8787
      vertex 31.4 -2.19154 21.1439
    endloop
  endfacet
  facet normal -1 -0 0
    outer loop
      vertex 31.4 -2.12132 21.8787
      vertex 31.4 -2.54558 21.4544
      vertex 31.4 -2.38006 22.1737
    endloop
  endfacet
  facet normal -1 0 0
    outer loop
      vertex 31.4 -2.85607 21.8085
      vertex 31.4 -2.38006 22.1737
      vertex 31.4 -2.54558 21.4544
    endloop
  endfacet
  facet normal -1 -0 0
    outer loop
      vertex 31.4 -2.38006 22.1737
      vertex 31.4 -2.85607 21.8085
      vertex 31.4 -2.59808 22.5
    endloop
  endfacet
  facet normal -1 0 0
    outer loop
      vertex 31.4 -3.11769 22.2
      vertex 31.4 -2.59808 22.5
      vertex 31.4 -2.85607 21.8085
    endloop
  endfacet
  facet normal -1 -0 0
    outer loop
      vertex 31.4 -2.59808 22.5
      vertex 31.4 -3.11769 22.2
      vertex 31.4 -2.77164 22.852
    endloop
  endfacet
  facet normal -1 0 0
    outer loop
      vertex 31.4 -3.32597 22.6223
      vertex 31.4 -2.77164 22.852
      vertex 31.4 -3.11769 22.2
    endloop
  endfacet
  facet normal -1 0 0
    outer loop
      vertex 31.4 -3.47733 23.0683
      vertex 31.4 -2.89778 23.2235
      vertex 31.4 -3.32597 22.6223
    endloop
  endfacet
  facet normal -1 -0 0
    outer loop
      vertex 31.4 -2.77164 22.852
      vertex 31.4 -3.32597 22.6223
      vertex 31.4 -2.89778 23.2235
    endloop
  endfacet
  facet normal -1 -0 0
    outer loop
      vertex 31.4 3.47733 24.9317
      vertex 31.4 2.89778 24.7765
      vertex 31.4 3.32597 25.3777
    endloop
  endfacet
  facet normal -1 0 0
    outer loop
      vertex 31.4 2.77164 25.148
      vertex 31.4 3.32597 25.3777
      vertex 31.4 2.89778 24.7765
    endloop
  endfacet
  facet normal -1 -0 0
    outer loop
      vertex 31.4 3.32597 25.3777
      vertex 31.4 2.77164 25.148
      vertex 31.4 3.11769 25.8
    endloop
  endfacet
  facet normal -1 0 0
    outer loop
      vertex 31.4 2.59808 25.5
      vertex 31.4 3.11769 25.8
      vertex 31.4 2.77164 25.148
    endloop
  endfacet
  facet normal -1 -0 0
    outer loop
      vertex 31.4 3.11769 25.8
      vertex 31.4 2.59808 25.5
      vertex 31.4 2.85607 26.1915
    endloop
  endfacet
  facet normal -1 0 0
    outer loop
      vertex 31.4 2.38006 25.8263
      vertex 31.4 2.85607 26.1915
      vertex 31.4 2.59808 25.5
    endloop
  endfacet
  facet normal -1 -0 0
    outer loop
      vertex 31.4 2.85607 26.1915
      vertex 31.4 2.38006 25.8263
      vertex 31.4 2.54558 26.5456
    endloop
  endfacet
  facet normal -1 0 0
    outer loop
      vertex 31.4 2.12132 26.1213
      vertex 31.4 2.54558 26.5456
      vertex 31.4 2.38006 25.8263
    endloop
  endfacet
  facet normal -1 -0 0
    outer loop
      vertex 31.4 2.54558 26.5456
      vertex 31.4 2.12132 26.1213
      vertex 31.4 2.19154 26.8561
    endloop
  endfacet
  facet normal -1 0 0
    outer loop
      vertex 31.4 1.82628 26.3801
      vertex 31.4 2.19154 26.8561
      vertex 31.4 2.12132 26.1213
    endloop
  endfacet
  facet normal -1 0 0
    outer loop
      vertex 31.4 1.82628 26.3801
      vertex 31.4 1.8 27.1177
      vertex 31.4 2.19154 26.8561
    endloop
  endfacet
  facet normal -1 0 0
    outer loop
      vertex 31.4 1.5 26.5981
      vertex 31.4 1.8 27.1177
      vertex 31.4 1.82628 26.3801
    endloop
  endfacet
  facet normal -1 0 0
    outer loop
      vertex 31.4 1.5 26.5981
      vertex 31.4 1.37766 27.326
      vertex 31.4 1.8 27.1177
    endloop
  endfacet
  facet normal -1 0 0
    outer loop
      vertex 31.4 1.14805 26.7716
      vertex 31.4 1.37766 27.326
      vertex 31.4 1.5 26.5981
    endloop
  endfacet
  facet normal -1 0 0
    outer loop
      vertex 31.4 1.14805 26.7716
      vertex 31.4 0.931748 27.4773
      vertex 31.4 1.37766 27.326
    endloop
  endfacet
  facet normal -1 0 0
    outer loop
      vertex 31.4 0.776457 26.8978
      vertex 31.4 0.931748 27.4773
      vertex 31.4 1.14805 26.7716
    endloop
  endfacet
  facet normal -1 0 0
    outer loop
      vertex 31.4 0.776457 26.8978
      vertex 31.4 0.469893 27.5692
      vertex 31.4 0.931748 27.4773
    endloop
  endfacet
  facet normal -1 0 0
    outer loop
      vertex 31.4 0.391578 26.9743
      vertex 31.4 0.469893 27.5692
      vertex 31.4 0.776457 26.8978
    endloop
  endfacet
  facet normal -1 0 0
    outer loop
      vertex 31.4 0 27
      vertex 31.4 0.469893 27.5692
      vertex 31.4 0.391578 26.9743
    endloop
  endfacet
  facet normal -1 0 0
    outer loop
      vertex 31.4 0 27
      vertex 31.4 0 27.6
      vertex 31.4 0.469893 27.5692
    endloop
  endfacet
  facet normal -1 0 0
    outer loop
      vertex 31.4 -0.391578 26.9743
      vertex 31.4 0 27.6
      vertex 31.4 0 27
    endloop
  endfacet
  facet normal -1 0 0
    outer loop
      vertex 31.4 -0.391578 26.9743
      vertex 31.4 -0.469893 27.5692
      vertex 31.4 0 27.6
    endloop
  endfacet
  facet normal -1 0 0
    outer loop
      vertex 31.4 -0.776457 26.8978
      vertex 31.4 -0.469893 27.5692
      vertex 31.4 -0.391578 26.9743
    endloop
  endfacet
  facet normal -1 0 0
    outer loop
      vertex 31.4 -0.776457 26.8978
      vertex 31.4 -0.931748 27.4773
      vertex 31.4 -0.469893 27.5692
    endloop
  endfacet
  facet normal -1 0 0
    outer loop
      vertex 31.4 -1.14805 26.7716
      vertex 31.4 -0.931748 27.4773
      vertex 31.4 -0.776457 26.8978
    endloop
  endfacet
  facet normal -1 0 0
    outer loop
      vertex 31.4 -1.14805 26.7716
      vertex 31.4 -1.37766 27.326
      vertex 31.4 -0.931748 27.4773
    endloop
  endfacet
  facet normal -1 0 0
    outer loop
      vertex 31.4 -1.5 26.5981
      vertex 31.4 -1.37766 27.326
      vertex 31.4 -1.14805 26.7716
    endloop
  endfacet
  facet normal -1 0 0
    outer loop
      vertex 31.4 -1.5 26.5981
      vertex 31.4 -1.8 27.1177
      vertex 31.4 -1.37766 27.326
    endloop
  endfacet
  facet normal -1 0 0
    outer loop
      vertex 31.4 -1.82628 26.3801
      vertex 31.4 -1.8 27.1177
      vertex 31.4 -1.5 26.5981
    endloop
  endfacet
  facet normal -1 0 0
    outer loop
      vertex 31.4 -2.19154 26.8561
      vertex 31.4 -1.82628 26.3801
      vertex 31.4 -2.12132 26.1213
    endloop
  endfacet
  facet normal -1 0 0
    outer loop
      vertex 31.4 -1.82628 26.3801
      vertex 31.4 -2.19154 26.8561
      vertex 31.4 -1.8 27.1177
    endloop
  endfacet
  facet normal -1 0 0
    outer loop
      vertex 31.4 -2.54558 26.5456
      vertex 31.4 -2.12132 26.1213
      vertex 31.4 -2.38006 25.8263
    endloop
  endfacet
  facet normal -1 0 0
    outer loop
      vertex 31.4 -2.12132 26.1213
      vertex 31.4 -2.54558 26.5456
      vertex 31.4 -2.19154 26.8561
    endloop
  endfacet
  facet normal -1 0 0
    outer loop
      vertex 31.4 -2.85607 26.1915
      vertex 31.4 -2.38006 25.8263
      vertex 31.4 -2.59808 25.5
    endloop
  endfacet
  facet normal -1 0 0
    outer loop
      vertex 31.4 -3.11769 25.8
      vertex 31.4 -2.59808 25.5
      vertex 31.4 -2.77164 25.148
    endloop
  endfacet
  facet normal -1 0 0
    outer loop
      vertex 31.4 -2.38006 25.8263
      vertex 31.4 -2.85607 26.1915
      vertex 31.4 -2.54558 26.5456
    endloop
  endfacet
  facet normal -1 0 0
    outer loop
      vertex 31.4 -3.32597 25.3777
      vertex 31.4 -2.77164 25.148
      vertex 31.4 -2.89778 24.7765
    endloop
  endfacet
  facet normal -1 0 0
    outer loop
      vertex 31.4 -3.47733 24.9317
      vertex 31.4 -2.89778 24.7765
      vertex 31.4 -2.97433 24.3916
    endloop
  endfacet
  facet normal -1 0 0
    outer loop
      vertex 31.4 -2.59808 25.5
      vertex 31.4 -3.11769 25.8
      vertex 31.4 -2.85607 26.1915
    endloop
  endfacet
  facet normal -1 0 0
    outer loop
      vertex 31.4 -3.5692 24.4699
      vertex 31.4 -2.97433 24.3916
      vertex 31.4 -3 24
    endloop
  endfacet
  facet normal -1 -0 0
    outer loop
      vertex 31.4 -2.89778 23.2235
      vertex 31.4 -3.47733 23.0683
      vertex 31.4 -2.97433 23.6084
    endloop
  endfacet
  facet normal -1 0 0
    outer loop
      vertex 31.4 -3.5692 23.5301
      vertex 31.4 -2.97433 23.6084
      vertex 31.4 -3.47733 23.0683
    endloop
  endfacet
  facet normal -1 0 0
    outer loop
      vertex 31.4 -2.77164 25.148
      vertex 31.4 -3.32597 25.3777
      vertex 31.4 -3.11769 25.8
    endloop
  endfacet
  facet normal -1 -0 0
    outer loop
      vertex 31.4 -2.97433 23.6084
      vertex 31.4 -3.5692 23.5301
      vertex 31.4 -3 24
    endloop
  endfacet
  facet normal -1 0 0
    outer loop
      vertex 31.4 -2.89778 24.7765
      vertex 31.4 -3.47733 24.9317
      vertex 31.4 -3.32597 25.3777
    endloop
  endfacet
  facet normal -1 0 0
    outer loop
      vertex 31.4 -3.6 24
      vertex 31.4 -3 24
      vertex 31.4 -3.5692 23.5301
    endloop
  endfacet
  facet normal -1 0 0
    outer loop
      vertex 31.4 -2.97433 24.3916
      vertex 31.4 -3.5692 24.4699
      vertex 31.4 -3.47733 24.9317
    endloop
  endfacet
  facet normal -1 0 0
    outer loop
      vertex 31.4 -3 24
      vertex 31.4 -3.6 24
      vertex 31.4 -3.5692 24.4699
    endloop
  endfacet
  facet normal 0.242049 -0.951616 0.189313
    outer loop
      vertex 31.4 -3.5692 24.4699
      vertex 33.8 -2.95596 24.4839
      vertex 31.4 -3.47733 24.9317
    endloop
  endfacet
  facet normal 0.242045 -0.951601 0.189392
    outer loop
      vertex 31.4 -3.5692 24.4699
      vertex 33.8 -2.97433 24.3916
      vertex 33.8 -2.95596 24.4839
    endloop
  endfacet
  facet normal 0.242047 0.968186 -0.0634722
    outer loop
      vertex 33.8 2.98049 23.7024
      vertex 31.4 3.6 24
      vertex 33.8 3 24
    endloop
  endfacet
  facet normal 0.24204 -0.870048 -0.429457
    outer loop
      vertex 31.4 -3.32597 22.6223
      vertex 33.8 -2.72998 22.7675
      vertex 33.8 -2.77164 22.8519
    endloop
  endfacet
  facet normal 0.242057 -0.870181 -0.429177
    outer loop
      vertex 33.8 -2.72998 22.7675
      vertex 31.4 -3.32597 22.6223
      vertex 31.4 -3.11769 22.2
    endloop
  endfacet
  facet normal 0.24207 0.188559 0.95176
    outer loop
      vertex 31.4 0.469893 27.5692
      vertex 33.8 0.391578 26.9743
      vertex 33.8 0.483948 26.956
    endloop
  endfacet
  facet normal 0.242028 0.189352 0.951613
    outer loop
      vertex 31.4 0.469893 27.5692
      vertex 33.8 0.483948 26.956
      vertex 31.4 0.931748 27.4773
    endloop
  endfacet
  facet normal 0.242035 0.806721 0.539092
    outer loop
      vertex 33.8 2.38006 25.8263
      vertex 31.4 3.11769 25.8
      vertex 31.4 2.85607 26.1915
    endloop
  endfacet
  facet normal 0.242041 0.806739 0.539062
    outer loop
      vertex 31.4 3.11769 25.8
      vertex 33.8 2.38006 25.8263
      vertex 33.8 2.43238 25.748
    endloop
  endfacet
  facet normal 0.242031 0.729451 0.639783
    outer loop
      vertex 31.4 2.85607 26.1915
      vertex 33.8 2.18342 26.0505
      vertex 33.8 2.38006 25.8263
    endloop
  endfacet
  facet normal 0.242045 -0.806758 -0.539032
    outer loop
      vertex 33.8 -2.59808 22.5
      vertex 31.4 -3.11769 22.2
      vertex 33.8 -2.43238 22.252
    endloop
  endfacet
  facet normal 0.242044 0.870226 0.429094
    outer loop
      vertex 33.8 2.72998 25.2325
      vertex 31.4 3.11769 25.8
      vertex 33.8 2.59808 25.5
    endloop
  endfacet
  facet normal 0.242041 -0.806739 -0.539062
    outer loop
      vertex 31.4 -3.11769 22.2
      vertex 33.8 -2.38006 22.1737
      vertex 33.8 -2.43238 22.252
    endloop
  endfacet
  facet normal 0.242035 -0.806721 -0.539092
    outer loop
      vertex 33.8 -2.38006 22.1737
      vertex 31.4 -3.11769 22.2
      vertex 31.4 -2.85607 21.8085
    endloop
  endfacet
  facet normal 0.242044 -0.870226 -0.429094
    outer loop
      vertex 33.8 -2.72998 22.7675
      vertex 31.4 -3.11769 22.2
      vertex 33.8 -2.59808 22.5
    endloop
  endfacet
  facet normal 0.242027 -0.189341 -0.951616
    outer loop
      vertex 33.8 -0.776457 21.1022
      vertex 31.4 -0.931748 20.5227
      vertex 33.8 -0.483948 21.044
    endloop
  endfacet
  facet normal 0.242037 0.951637 0.189222
    outer loop
      vertex 33.8 2.95596 24.4839
      vertex 31.4 3.47733 24.9317
      vertex 33.8 2.89778 24.7765
    endloop
  endfacet
  facet normal 0.242041 0.429121 -0.870214
    outer loop
      vertex 28.8 1.23252 21.27
      vertex 26.4 1.8 20.8823
      vertex 28.8 1.5 21.4019
    endloop
  endfacet
  facet normal 0.242047 -0.968186 0.0634722
    outer loop
      vertex 28.8 -2.98049 24.2976
      vertex 26.4 -3.6 24
      vertex 28.8 -3 24
    endloop
  endfacet
  facet normal 0.242047 0.06344 -0.968188
    outer loop
      vertex 28.8 0 21
      vertex 26.4 0 20.4
      vertex 28.8 0.297599 21.0195
    endloop
  endfacet
  facet normal 0.242044 0.0634616 -0.968188
    outer loop
      vertex 26.4 0.469893 20.4308
      vertex 28.8 0.297599 21.0195
      vertex 26.4 0 20.4
    endloop
  endfacet
  facet normal 0.242066 0.0638713 -0.968155
    outer loop
      vertex 28.8 0.297599 21.0195
      vertex 26.4 0.469893 20.4308
      vertex 28.8 0.391578 21.0257
    endloop
  endfacet
  facet normal 0.242025 0.311981 -0.918744
    outer loop
      vertex 28.8 1.05887 21.1981
      vertex 28.8 0.776457 21.1022
      vertex 26.4 0.931748 20.5227
    endloop
  endfacet
  facet normal 0.242028 -0.729436 -0.639802
    outer loop
      vertex 26.4 -2.85607 21.8085
      vertex 28.8 -2.12132 21.8787
      vertex 28.8 -2.18342 21.9495
    endloop
  endfacet
  facet normal 0.242054 -0.729531 -0.639684
    outer loop
      vertex 28.8 -2.12132 21.8787
      vertex 26.4 -2.85607 21.8085
      vertex 26.4 -2.54558 21.4544
    endloop
  endfacet
  facet normal 0.242005 -0.918705 -0.312112
    outer loop
      vertex 26.4 -3.47733 23.0683
      vertex 28.8 -2.77164 22.852
      vertex 28.8 -2.80191 22.9411
    endloop
  endfacet
  facet normal 0.282096 -0.959386 0
    outer loop
      vertex 26.4 -3.47733 23.0683
      vertex 28.8 -2.77164 22.8519
      vertex 28.8 -2.77164 22.852
    endloop
  endfacet
  facet normal 0.242045 -0.918796 -0.311814
    outer loop
      vertex 28.8 -2.77164 22.8519
      vertex 26.4 -3.47733 23.0683
      vertex 26.4 -3.32597 22.6223
    endloop
  endfacet
  facet normal 0.225046 0.974348 -0
    outer loop
      vertex 28.8 2.77164 25.148
      vertex 26.4 3.32597 25.3777
      vertex 28.8 2.77164 25.1481
    endloop
  endfacet
  facet normal 0.242005 0.918705 0.312112
    outer loop
      vertex 26.4 3.47733 24.9317
      vertex 28.8 2.77164 25.148
      vertex 28.8 2.80191 25.0589
    endloop
  endfacet
  facet normal 0.242058 0.918793 0.311813
    outer loop
      vertex 28.8 2.77164 25.148
      vertex 26.4 3.47733 24.9317
      vertex 26.4 3.32597 25.3777
    endloop
  endfacet
  facet normal 0.242044 -0.0634616 0.968188
    outer loop
      vertex 26.4 -0.469893 27.5692
      vertex 28.8 -0.297599 26.9805
      vertex 26.4 0 27.6
    endloop
  endfacet
  facet normal 0.242066 -0.0638713 0.968155
    outer loop
      vertex 28.8 -0.297599 26.9805
      vertex 26.4 -0.469893 27.5692
      vertex 28.8 -0.391578 26.9743
    endloop
  endfacet
  facet normal 0.242045 -0.951601 -0.189392
    outer loop
      vertex 26.4 -3.5692 23.5301
      vertex 28.8 -2.95596 23.5161
      vertex 28.8 -2.97433 23.6084
    endloop
  endfacet
  facet normal 0.242049 -0.951616 -0.189313
    outer loop
      vertex 28.8 -2.95596 23.5161
      vertex 26.4 -3.5692 23.5301
      vertex 26.4 -3.47733 23.0683
    endloop
  endfacet
  facet normal 0.242047 -0.968186 -0.0634722
    outer loop
      vertex 28.8 -3 24
      vertex 26.4 -3.6 24
      vertex 28.8 -2.98049 23.7024
    endloop
  endfacet
  facet normal 0.242003 0.312139 -0.918697
    outer loop
      vertex 26.4 0.931748 20.5227
      vertex 28.8 1.14805 21.2284
      vertex 28.8 1.05887 21.1981
    endloop
  endfacet
  facet normal 0.242071 0.311756 -0.918809
    outer loop
      vertex 28.8 1.14805 21.2284
      vertex 26.4 0.931748 20.5227
      vertex 26.4 1.37766 20.674
    endloop
  endfacet
  facet normal 0.242045 0.951601 -0.189392
    outer loop
      vertex 28.8 2.95596 23.5161
      vertex 26.4 3.5692 23.5301
      vertex 28.8 2.97433 23.6084
    endloop
  endfacet
  facet normal 0.242049 0.951616 -0.189313
    outer loop
      vertex 26.4 3.5692 23.5301
      vertex 28.8 2.95596 23.5161
      vertex 26.4 3.47733 23.0683
    endloop
  endfacet
  facet normal 0.242041 0.806739 -0.539062
    outer loop
      vertex 28.8 2.38006 22.1737
      vertex 26.4 3.11769 22.2
      vertex 28.8 2.43238 22.252
    endloop
  endfacet
  facet normal 0.242035 0.806721 -0.539092
    outer loop
      vertex 26.4 3.11769 22.2
      vertex 28.8 2.38006 22.1737
      vertex 26.4 2.85607 21.8085
    endloop
  endfacet
  facet normal 0.242047 -0.06344 0.968188
    outer loop
      vertex 28.8 0 27
      vertex 26.4 0 27.6
      vertex 28.8 -0.297599 26.9805
    endloop
  endfacet
  facet normal 0.242056 -0.639756 -0.729466
    outer loop
      vertex 26.4 -2.19154 21.1439
      vertex 28.8 -2.12132 21.8787
      vertex 26.4 -2.54558 21.4544
    endloop
  endfacet
  facet normal 0.242059 -0.639745 -0.729475
    outer loop
      vertex 28.8 -2.12132 21.8787
      vertex 26.4 -2.19154 21.1439
      vertex 28.8 -2.05051 21.8166
    endloop
  endfacet
  facet normal 0.242057 0.870181 0.429177
    outer loop
      vertex 28.8 2.72998 25.2325
      vertex 26.4 3.32597 25.3777
      vertex 26.4 3.11769 25.8
    endloop
  endfacet
  facet normal 0.24204 0.870048 0.429457
    outer loop
      vertex 26.4 3.32597 25.3777
      vertex 28.8 2.72998 25.2325
      vertex 28.8 2.77164 25.1481
    endloop
  endfacet
  facet normal 0.242025 -0.311981 -0.918744
    outer loop
      vertex 26.4 -0.931748 20.5227
      vertex 28.8 -0.776457 21.1022
      vertex 28.8 -1.05887 21.1981
    endloop
  endfacet
  facet normal 0.242047 0.968188 0.0634472
    outer loop
      vertex 28.8 2.98049 24.2976
      vertex 26.4 3.5692 24.4699
      vertex 28.8 2.97433 24.3916
    endloop
  endfacet
  facet normal 0.242048 0.968187 0.0634606
    outer loop
      vertex 26.4 3.5692 24.4699
      vertex 28.8 2.98049 24.2976
      vertex 26.4 3.6 24
    endloop
  endfacet
  facet normal 0.24204 0.870048 -0.429457
    outer loop
      vertex 28.8 2.72998 22.7675
      vertex 26.4 3.32597 22.6223
      vertex 28.8 2.77164 22.8519
    endloop
  endfacet
  facet normal 0.242057 0.870181 -0.429177
    outer loop
      vertex 26.4 3.32597 22.6223
      vertex 28.8 2.72998 22.7675
      vertex 26.4 3.11769 22.2
    endloop
  endfacet
  facet normal 0.242031 0.729451 -0.639783
    outer loop
      vertex 28.8 2.38006 22.1737
      vertex 28.8 2.18342 21.9495
      vertex 26.4 2.85607 21.8085
    endloop
  endfacet
  facet normal 0.242037 0.951637 -0.189222
    outer loop
      vertex 28.8 2.89778 23.2235
      vertex 26.4 3.47733 23.0683
      vertex 28.8 2.95596 23.5161
    endloop
  endfacet
  facet normal 0.242047 0.968188 -0.0634472
    outer loop
      vertex 26.4 3.5692 23.5301
      vertex 28.8 2.98049 23.7024
      vertex 28.8 2.97433 23.6084
    endloop
  endfacet
  facet normal 0.242048 0.968187 -0.0634606
    outer loop
      vertex 28.8 2.98049 23.7024
      vertex 26.4 3.5692 23.5301
      vertex 26.4 3.6 24
    endloop
  endfacet
  facet normal 0.242056 0.639756 0.729466
    outer loop
      vertex 26.4 2.19154 26.8561
      vertex 28.8 2.12132 26.1213
      vertex 26.4 2.54558 26.5456
    endloop
  endfacet
  facet normal 0.242059 0.639745 0.729475
    outer loop
      vertex 28.8 2.12132 26.1213
      vertex 26.4 2.19154 26.8561
      vertex 28.8 2.05051 26.1834
    endloop
  endfacet
  facet normal 0.242042 0.639843 -0.729395
    outer loop
      vertex 28.8 1.82628 21.6199
      vertex 26.4 2.19154 21.1439
      vertex 28.8 2.05051 21.8166
    endloop
  endfacet
  facet normal 0.24205 0.429178 0.870183
    outer loop
      vertex 26.4 1.37766 27.326
      vertex 28.8 1.23252 26.73
      vertex 26.4 1.8 27.1177
    endloop
  endfacet
  facet normal 0.242079 0.428669 0.870425
    outer loop
      vertex 28.8 1.23252 26.73
      vertex 26.4 1.37766 27.326
      vertex 28.8 1.14805 26.7716
    endloop
  endfacet
  facet normal 0.242054 -0.729531 0.639684
    outer loop
      vertex 26.4 -2.85607 26.1915
      vertex 28.8 -2.12132 26.1213
      vertex 26.4 -2.54558 26.5456
    endloop
  endfacet
  facet normal 0.242028 -0.729436 0.639802
    outer loop
      vertex 28.8 -2.12132 26.1213
      vertex 26.4 -2.85607 26.1915
      vertex 28.8 -2.18342 26.0505
    endloop
  endfacet
  facet normal 0.242041 -0.429121 0.870214
    outer loop
      vertex 28.8 -1.23252 26.73
      vertex 26.4 -1.8 27.1177
      vertex 28.8 -1.5 26.5981
    endloop
  endfacet
  facet normal 0.242033 0.918768 -0.311906
    outer loop
      vertex 28.8 2.80191 22.9411
      vertex 26.4 3.47733 23.0683
      vertex 28.8 2.89778 23.2235
    endloop
  endfacet
  facet normal 0.242047 -0.968188 0.0634472
    outer loop
      vertex 26.4 -3.5692 24.4699
      vertex 28.8 -2.98049 24.2976
      vertex 28.8 -2.97433 24.3916
    endloop
  endfacet
  facet normal 0.242048 -0.968187 0.0634606
    outer loop
      vertex 28.8 -2.98049 24.2976
      vertex 26.4 -3.5692 24.4699
      vertex 26.4 -3.6 24
    endloop
  endfacet
  facet normal 0.242027 -0.189341 0.951616
    outer loop
      vertex 28.8 -0.483948 26.956
      vertex 26.4 -0.931748 27.4773
      vertex 28.8 -0.776457 26.8978
    endloop
  endfacet
  facet normal 0.242025 -0.311981 0.918744
    outer loop
      vertex 28.8 -1.05887 26.8019
      vertex 28.8 -0.776457 26.8978
      vertex 26.4 -0.931748 27.4773
    endloop
  endfacet
  facet normal 0.242045 -0.806758 0.539032
    outer loop
      vertex 26.4 -3.11769 25.8
      vertex 28.8 -2.59808 25.5
      vertex 28.8 -2.43238 25.748
    endloop
  endfacet
  facet normal 0.242035 -0.806721 0.539092
    outer loop
      vertex 26.4 -3.11769 25.8
      vertex 28.8 -2.38006 25.8263
      vertex 26.4 -2.85607 26.1915
    endloop
  endfacet
  facet normal 0.242041 -0.806739 0.539062
    outer loop
      vertex 28.8 -2.38006 25.8263
      vertex 26.4 -3.11769 25.8
      vertex 28.8 -2.43238 25.748
    endloop
  endfacet
  facet normal 0.242047 0.06344 0.968188
    outer loop
      vertex 28.8 0.297599 26.9805
      vertex 26.4 0 27.6
      vertex 28.8 0 27
    endloop
  endfacet
  facet normal 0.242064 0.538917 -0.806829
    outer loop
      vertex 26.4 1.8 20.8823
      vertex 28.8 1.82628 21.6199
      vertex 28.8 1.74798 21.5676
    endloop
  endfacet
  facet normal 0.242043 0.539024 -0.806764
    outer loop
      vertex 28.8 1.82628 21.6199
      vertex 26.4 1.8 20.8823
      vertex 26.4 2.19154 21.1439
    endloop
  endfacet
  facet normal 0.242033 -0.918768 0.311906
    outer loop
      vertex 28.8 -2.80191 25.0589
      vertex 26.4 -3.47733 24.9317
      vertex 28.8 -2.89778 24.7765
    endloop
  endfacet
  facet normal 0.242066 -0.0638713 -0.968155
    outer loop
      vertex 26.4 -0.469893 20.4308
      vertex 28.8 -0.297599 21.0195
      vertex 28.8 -0.391578 21.0257
    endloop
  endfacet
  facet normal 0.242044 -0.0634616 -0.968188
    outer loop
      vertex 28.8 -0.297599 21.0195
      vertex 26.4 -0.469893 20.4308
      vertex 26.4 0 20.4
    endloop
  endfacet
  facet normal 0.242047 -0.06344 -0.968188
    outer loop
      vertex 28.8 -0.297599 21.0195
      vertex 26.4 0 20.4
      vertex 28.8 0 21
    endloop
  endfacet
  facet normal 0.242005 0.918705 -0.312112
    outer loop
      vertex 28.8 2.77164 22.852
      vertex 26.4 3.47733 23.0683
      vertex 28.8 2.80191 22.9411
    endloop
  endfacet
  facet normal 0.282096 0.959386 -0
    outer loop
      vertex 28.8 2.77164 22.8519
      vertex 26.4 3.47733 23.0683
      vertex 28.8 2.77164 22.852
    endloop
  endfacet
  facet normal 0.242045 0.918796 -0.311814
    outer loop
      vertex 26.4 3.47733 23.0683
      vertex 28.8 2.77164 22.8519
      vertex 26.4 3.32597 22.6223
    endloop
  endfacet
  facet normal 0.242027 0.189341 -0.951616
    outer loop
      vertex 28.8 0.483948 21.044
      vertex 26.4 0.931748 20.5227
      vertex 28.8 0.776457 21.1022
    endloop
  endfacet
  facet normal 0.242042 0.639843 0.729395
    outer loop
      vertex 26.4 2.19154 26.8561
      vertex 28.8 1.82628 26.3801
      vertex 28.8 2.05051 26.1834
    endloop
  endfacet
  facet normal 0.242079 0.428669 -0.870425
    outer loop
      vertex 26.4 1.37766 20.674
      vertex 28.8 1.23252 21.27
      vertex 28.8 1.14805 21.2284
    endloop
  endfacet
  facet normal 0.24205 0.429178 -0.870183
    outer loop
      vertex 28.8 1.23252 21.27
      vertex 26.4 1.37766 20.674
      vertex 26.4 1.8 20.8823
    endloop
  endfacet
  facet normal 0.24207 0.188559 -0.95176
    outer loop
      vertex 28.8 0.391578 21.0257
      vertex 26.4 0.469893 20.4308
      vertex 28.8 0.483948 21.044
    endloop
  endfacet
  facet normal 0.242028 0.189352 -0.951613
    outer loop
      vertex 28.8 0.483948 21.044
      vertex 26.4 0.469893 20.4308
      vertex 26.4 0.931748 20.5227
    endloop
  endfacet
  facet normal 0.242042 -0.539062 0.806739
    outer loop
      vertex 28.8 -1.74798 26.4324
      vertex 28.8 -1.5 26.5981
      vertex 26.4 -1.8 27.1177
    endloop
  endfacet
  facet normal 0.242066 0.0638713 0.968155
    outer loop
      vertex 26.4 0.469893 27.5692
      vertex 28.8 0.297599 26.9805
      vertex 28.8 0.391578 26.9743
    endloop
  endfacet
  facet normal 0.242044 0.0634616 0.968188
    outer loop
      vertex 28.8 0.297599 26.9805
      vertex 26.4 0.469893 27.5692
      vertex 26.4 0 27.6
    endloop
  endfacet
  facet normal 0.242071 0.311756 0.918809
    outer loop
      vertex 26.4 0.931748 27.4773
      vertex 28.8 1.14805 26.7716
      vertex 26.4 1.37766 27.326
    endloop
  endfacet
  facet normal 0.242003 0.312139 0.918697
    outer loop
      vertex 28.8 1.14805 26.7716
      vertex 26.4 0.931748 27.4773
      vertex 28.8 1.05887 26.8019
    endloop
  endfacet
  facet normal 0.24207 -0.188559 0.95176
    outer loop
      vertex 28.8 -0.391578 26.9743
      vertex 26.4 -0.469893 27.5692
      vertex 28.8 -0.483948 26.956
    endloop
  endfacet
  facet normal 0.242028 -0.189352 0.951613
    outer loop
      vertex 28.8 -0.483948 26.956
      vertex 26.4 -0.469893 27.5692
      vertex 26.4 -0.931748 27.4773
    endloop
  endfacet
  facet normal 0.242054 0.729531 0.639684
    outer loop
      vertex 28.8 2.12132 26.1213
      vertex 26.4 2.85607 26.1915
      vertex 26.4 2.54558 26.5456
    endloop
  endfacet
  facet normal 0.242028 0.729436 0.639802
    outer loop
      vertex 26.4 2.85607 26.1915
      vertex 28.8 2.12132 26.1213
      vertex 28.8 2.18342 26.0505
    endloop
  endfacet
  facet normal 0.242042 0.539062 0.806739
    outer loop
      vertex 26.4 1.8 27.1177
      vertex 28.8 1.5 26.5981
      vertex 28.8 1.74798 26.4324
    endloop
  endfacet
  facet normal 0.242037 -0.951637 0.189222
    outer loop
      vertex 28.8 -2.89778 24.7765
      vertex 26.4 -3.47733 24.9317
      vertex 28.8 -2.95596 24.4839
    endloop
  endfacet
  facet normal 0.242003 -0.312139 0.918697
    outer loop
      vertex 26.4 -0.931748 27.4773
      vertex 28.8 -1.14805 26.7716
      vertex 28.8 -1.05887 26.8019
    endloop
  endfacet
  facet normal 0.242071 -0.311756 0.918809
    outer loop
      vertex 28.8 -1.14805 26.7716
      vertex 26.4 -0.931748 27.4773
      vertex 26.4 -1.37766 27.326
    endloop
  endfacet
  facet normal 0.242059 -0.639745 0.729475
    outer loop
      vertex 26.4 -2.19154 26.8561
      vertex 28.8 -2.12132 26.1213
      vertex 28.8 -2.05051 26.1834
    endloop
  endfacet
  facet normal 0.242056 -0.639756 0.729466
    outer loop
      vertex 28.8 -2.12132 26.1213
      vertex 26.4 -2.19154 26.8561
      vertex 26.4 -2.54558 26.5456
    endloop
  endfacet
  facet normal 0.242059 0.639745 -0.729475
    outer loop
      vertex 26.4 2.19154 21.1439
      vertex 28.8 2.12132 21.8787
      vertex 28.8 2.05051 21.8166
    endloop
  endfacet
  facet normal 0.242056 0.639756 -0.729466
    outer loop
      vertex 28.8 2.12132 21.8787
      vertex 26.4 2.19154 21.1439
      vertex 26.4 2.54558 21.4544
    endloop
  endfacet
  facet normal 0.242071 -0.311756 -0.918809
    outer loop
      vertex 26.4 -0.931748 20.5227
      vertex 28.8 -1.14805 21.2284
      vertex 26.4 -1.37766 20.674
    endloop
  endfacet
  facet normal 0.242003 -0.312139 -0.918697
    outer loop
      vertex 28.8 -1.14805 21.2284
      vertex 26.4 -0.931748 20.5227
      vertex 28.8 -1.05887 21.1981
    endloop
  endfacet
  facet normal 0.242042 -0.639843 -0.729395
    outer loop
      vertex 26.4 -2.19154 21.1439
      vertex 28.8 -1.82628 21.6199
      vertex 28.8 -2.05051 21.8166
    endloop
  endfacet
  facet normal 0.24205 -0.429178 -0.870183
    outer loop
      vertex 26.4 -1.37766 20.674
      vertex 28.8 -1.23252 21.27
      vertex 26.4 -1.8 20.8823
    endloop
  endfacet
  facet normal 0.242079 -0.428669 -0.870425
    outer loop
      vertex 28.8 -1.23252 21.27
      vertex 26.4 -1.37766 20.674
      vertex 28.8 -1.14805 21.2284
    endloop
  endfacet
  facet normal 0.242049 0.951616 0.189313
    outer loop
      vertex 28.8 2.95596 24.4839
      vertex 26.4 3.5692 24.4699
      vertex 26.4 3.47733 24.9317
    endloop
  endfacet
  facet normal 0.242045 0.951601 0.189392
    outer loop
      vertex 28.8 2.97433 24.3916
      vertex 26.4 3.5692 24.4699
      vertex 28.8 2.95596 24.4839
    endloop
  endfacet
  facet normal 0.24207 -0.188559 -0.95176
    outer loop
      vertex 26.4 -0.469893 20.4308
      vertex 28.8 -0.391578 21.0257
      vertex 28.8 -0.483948 21.044
    endloop
  endfacet
  facet normal 0.242028 -0.189352 -0.951613
    outer loop
      vertex 26.4 -0.469893 20.4308
      vertex 28.8 -0.483948 21.044
      vertex 26.4 -0.931748 20.5227
    endloop
  endfacet
  facet normal 0.242025 0.311981 0.918744
    outer loop
      vertex 26.4 0.931748 27.4773
      vertex 28.8 0.776457 26.8978
      vertex 28.8 1.05887 26.8019
    endloop
  endfacet
  facet normal 0.242044 -0.870226 0.429094
    outer loop
      vertex 28.8 -2.59808 25.5
      vertex 26.4 -3.11769 25.8
      vertex 28.8 -2.72998 25.2325
    endloop
  endfacet
  facet normal 0.242048 -0.968187 -0.0634606
    outer loop
      vertex 26.4 -3.5692 23.5301
      vertex 28.8 -2.98049 23.7024
      vertex 26.4 -3.6 24
    endloop
  endfacet
  facet normal 0.242047 -0.968188 -0.0634472
    outer loop
      vertex 28.8 -2.98049 23.7024
      vertex 26.4 -3.5692 23.5301
      vertex 28.8 -2.97433 23.6084
    endloop
  endfacet
  facet normal 0.242057 -0.870181 0.429177
    outer loop
      vertex 26.4 -3.32597 25.3777
      vertex 28.8 -2.72998 25.2325
      vertex 26.4 -3.11769 25.8
    endloop
  endfacet
  facet normal 0.24204 -0.870048 0.429457
    outer loop
      vertex 28.8 -2.72998 25.2325
      vertex 26.4 -3.32597 25.3777
      vertex 28.8 -2.77164 25.1481
    endloop
  endfacet
  facet normal 0.242027 0.189341 0.951616
    outer loop
      vertex 28.8 0.776457 26.8978
      vertex 26.4 0.931748 27.4773
      vertex 28.8 0.483948 26.956
    endloop
  endfacet
  facet normal 0.242042 0.539062 -0.806739
    outer loop
      vertex 28.8 1.74798 21.5676
      vertex 28.8 1.5 21.4019
      vertex 26.4 1.8 20.8823
    endloop
  endfacet
  facet normal 0.242031 -0.729451 -0.639783
    outer loop
      vertex 28.8 -2.38006 22.1737
      vertex 26.4 -2.85607 21.8085
      vertex 28.8 -2.18342 21.9495
    endloop
  endfacet
  facet normal 0.242064 -0.538917 0.806829
    outer loop
      vertex 26.4 -1.8 27.1177
      vertex 28.8 -1.82628 26.3801
      vertex 28.8 -1.74798 26.4324
    endloop
  endfacet
  facet normal 0.242043 -0.539024 0.806764
    outer loop
      vertex 28.8 -1.82628 26.3801
      vertex 26.4 -1.8 27.1177
      vertex 26.4 -2.19154 26.8561
    endloop
  endfacet
  facet normal 0.242041 0.429121 0.870214
    outer loop
      vertex 28.8 1.5 26.5981
      vertex 26.4 1.8 27.1177
      vertex 28.8 1.23252 26.73
    endloop
  endfacet
  facet normal 0.242047 0.968186 0.0634722
    outer loop
      vertex 28.8 3 24
      vertex 26.4 3.6 24
      vertex 28.8 2.98049 24.2976
    endloop
  endfacet
  facet normal 0.242079 -0.428669 0.870425
    outer loop
      vertex 26.4 -1.37766 27.326
      vertex 28.8 -1.23252 26.73
      vertex 28.8 -1.14805 26.7716
    endloop
  endfacet
  facet normal 0.24205 -0.429178 0.870183
    outer loop
      vertex 28.8 -1.23252 26.73
      vertex 26.4 -1.37766 27.326
      vertex 26.4 -1.8 27.1177
    endloop
  endfacet
  facet normal 0.242043 0.539024 0.806764
    outer loop
      vertex 26.4 1.8 27.1177
      vertex 28.8 1.82628 26.3801
      vertex 26.4 2.19154 26.8561
    endloop
  endfacet
  facet normal 0.242064 0.538917 0.806829
    outer loop
      vertex 28.8 1.82628 26.3801
      vertex 26.4 1.8 27.1177
      vertex 28.8 1.74798 26.4324
    endloop
  endfacet
  facet normal 0.242043 -0.539024 -0.806764
    outer loop
      vertex 26.4 -1.8 20.8823
      vertex 28.8 -1.82628 21.6199
      vertex 26.4 -2.19154 21.1439
    endloop
  endfacet
  facet normal 0.242064 -0.538917 -0.806829
    outer loop
      vertex 28.8 -1.82628 21.6199
      vertex 26.4 -1.8 20.8823
      vertex 28.8 -1.74798 21.5676
    endloop
  endfacet
  facet normal 0.242037 -0.951637 -0.189222
    outer loop
      vertex 28.8 -2.95596 23.5161
      vertex 26.4 -3.47733 23.0683
      vertex 28.8 -2.89778 23.2235
    endloop
  endfacet
  facet normal 0.242033 0.918768 0.311906
    outer loop
      vertex 28.8 2.89778 24.7765
      vertex 26.4 3.47733 24.9317
      vertex 28.8 2.80191 25.0589
    endloop
  endfacet
  facet normal 0.242044 0.870226 -0.429094
    outer loop
      vertex 28.8 2.59808 22.5
      vertex 26.4 3.11769 22.2
      vertex 28.8 2.72998 22.7675
    endloop
  endfacet
  facet normal 0.225046 -0.974348 0
    outer loop
      vertex 26.4 -3.32597 25.3777
      vertex 28.8 -2.77164 25.148
      vertex 28.8 -2.77164 25.1481
    endloop
  endfacet
  facet normal 0.242058 -0.918793 0.311813
    outer loop
      vertex 26.4 -3.47733 24.9317
      vertex 28.8 -2.77164 25.148
      vertex 26.4 -3.32597 25.3777
    endloop
  endfacet
  facet normal 0.242005 -0.918705 0.312112
    outer loop
      vertex 28.8 -2.77164 25.148
      vertex 26.4 -3.47733 24.9317
      vertex 28.8 -2.80191 25.0589
    endloop
  endfacet
  facet normal 0.242042 -0.639843 0.729395
    outer loop
      vertex 28.8 -1.82628 26.3801
      vertex 26.4 -2.19154 26.8561
      vertex 28.8 -2.05051 26.1834
    endloop
  endfacet
  facet normal 0.242031 -0.729451 0.639783
    outer loop
      vertex 26.4 -2.85607 26.1915
      vertex 28.8 -2.38006 25.8263
      vertex 28.8 -2.18342 26.0505
    endloop
  endfacet
  facet normal 0.242045 0.806758 0.539032
    outer loop
      vertex 26.4 3.11769 25.8
      vertex 28.8 2.43238 25.748
      vertex 28.8 2.59808 25.5
    endloop
  endfacet
  facet normal 0.242042 -0.539062 -0.806739
    outer loop
      vertex 26.4 -1.8 20.8823
      vertex 28.8 -1.5 21.4019
      vertex 28.8 -1.74798 21.5676
    endloop
  endfacet
  facet normal 0.242041 -0.429121 -0.870214
    outer loop
      vertex 28.8 -1.5 21.4019
      vertex 26.4 -1.8 20.8823
      vertex 28.8 -1.23252 21.27
    endloop
  endfacet
  facet normal 0.242033 -0.918768 -0.311906
    outer loop
      vertex 28.8 -2.89778 23.2235
      vertex 26.4 -3.47733 23.0683
      vertex 28.8 -2.80191 22.9411
    endloop
  endfacet
  facet normal 0.242028 0.729436 -0.639802
    outer loop
      vertex 28.8 2.12132 21.8787
      vertex 26.4 2.85607 21.8085
      vertex 28.8 2.18342 21.9495
    endloop
  endfacet
  facet normal 0.242054 0.729531 -0.639684
    outer loop
      vertex 26.4 2.85607 21.8085
      vertex 28.8 2.12132 21.8787
      vertex 26.4 2.54558 21.4544
    endloop
  endfacet
  facet normal 0.242045 0.806758 -0.539032
    outer loop
      vertex 28.8 2.59808 22.5
      vertex 28.8 2.43238 22.252
      vertex 26.4 3.11769 22.2
    endloop
  endfacet
  facet normal -1 0 0
    outer loop
      vertex 26.4 3 24
      vertex 26.4 3.6 24
      vertex 26.4 3.5692 23.5301
    endloop
  endfacet
  facet normal -1 0 0
    outer loop
      vertex 26.4 2.97433 23.6084
      vertex 26.4 3.5692 23.5301
      vertex 26.4 3.47733 23.0683
    endloop
  endfacet
  facet normal -1 0 0
    outer loop
      vertex 26.4 3.6 24
      vertex 26.4 3 24
      vertex 26.4 3.5692 24.4699
    endloop
  endfacet
  facet normal -1 0 0
    outer loop
      vertex 26.4 2.89778 23.2235
      vertex 26.4 3.47733 23.0683
      vertex 26.4 3.32597 22.6223
    endloop
  endfacet
  facet normal -1 0 0
    outer loop
      vertex 26.4 2.97433 24.3916
      vertex 26.4 3.5692 24.4699
      vertex 26.4 3 24
    endloop
  endfacet
  facet normal -1 0 0
    outer loop
      vertex 26.4 2.77164 22.852
      vertex 26.4 3.32597 22.6223
      vertex 26.4 3.11769 22.2
    endloop
  endfacet
  facet normal -1 -0 0
    outer loop
      vertex 26.4 3.5692 24.4699
      vertex 26.4 2.97433 24.3916
      vertex 26.4 3.47733 24.9317
    endloop
  endfacet
  facet normal -1 0 0
    outer loop
      vertex 26.4 2.89778 24.7765
      vertex 26.4 3.47733 24.9317
      vertex 26.4 2.97433 24.3916
    endloop
  endfacet
  facet normal -1 0 0
    outer loop
      vertex 26.4 3.5692 23.5301
      vertex 26.4 2.97433 23.6084
      vertex 26.4 3 24
    endloop
  endfacet
  facet normal -1 0 0
    outer loop
      vertex 26.4 3.47733 23.0683
      vertex 26.4 2.89778 23.2235
      vertex 26.4 2.97433 23.6084
    endloop
  endfacet
  facet normal -1 0 0
    outer loop
      vertex 26.4 2.59808 22.5
      vertex 26.4 3.11769 22.2
      vertex 26.4 2.85607 21.8085
    endloop
  endfacet
  facet normal -1 0 0
    outer loop
      vertex 26.4 3.32597 22.6223
      vertex 26.4 2.77164 22.852
      vertex 26.4 2.89778 23.2235
    endloop
  endfacet
  facet normal -1 0 0
    outer loop
      vertex 26.4 3.11769 22.2
      vertex 26.4 2.59808 22.5
      vertex 26.4 2.77164 22.852
    endloop
  endfacet
  facet normal -1 0 0
    outer loop
      vertex 26.4 2.38006 22.1737
      vertex 26.4 2.85607 21.8085
      vertex 26.4 2.54558 21.4544
    endloop
  endfacet
  facet normal -1 0 0
    outer loop
      vertex 26.4 2.85607 21.8085
      vertex 26.4 2.38006 22.1737
      vertex 26.4 2.59808 22.5
    endloop
  endfacet
  facet normal -1 0 0
    outer loop
      vertex 26.4 2.12132 21.8787
      vertex 26.4 2.54558 21.4544
      vertex 26.4 2.19154 21.1439
    endloop
  endfacet
  facet normal -1 0 0
    outer loop
      vertex 26.4 2.54558 21.4544
      vertex 26.4 2.12132 21.8787
      vertex 26.4 2.38006 22.1737
    endloop
  endfacet
  facet normal -1 0 0
    outer loop
      vertex 26.4 2.19154 21.1439
      vertex 26.4 1.82628 21.6199
      vertex 26.4 2.12132 21.8787
    endloop
  endfacet
  facet normal -1 0 0
    outer loop
      vertex 26.4 1.8 20.8823
      vertex 26.4 1.82628 21.6199
      vertex 26.4 2.19154 21.1439
    endloop
  endfacet
  facet normal -1 0 0
    outer loop
      vertex 26.4 1.8 20.8823
      vertex 26.4 1.5 21.4019
      vertex 26.4 1.82628 21.6199
    endloop
  endfacet
  facet normal -1 0 0
    outer loop
      vertex 26.4 1.37766 20.674
      vertex 26.4 1.5 21.4019
      vertex 26.4 1.8 20.8823
    endloop
  endfacet
  facet normal -1 0 0
    outer loop
      vertex 26.4 1.37766 20.674
      vertex 26.4 1.14805 21.2284
      vertex 26.4 1.5 21.4019
    endloop
  endfacet
  facet normal -1 0 0
    outer loop
      vertex 26.4 0.931748 20.5227
      vertex 26.4 1.14805 21.2284
      vertex 26.4 1.37766 20.674
    endloop
  endfacet
  facet normal -1 0 0
    outer loop
      vertex 26.4 0.931748 20.5227
      vertex 26.4 0.776457 21.1022
      vertex 26.4 1.14805 21.2284
    endloop
  endfacet
  facet normal -1 0 0
    outer loop
      vertex 26.4 0.469893 20.4308
      vertex 26.4 0.776457 21.1022
      vertex 26.4 0.931748 20.5227
    endloop
  endfacet
  facet normal -1 0 0
    outer loop
      vertex 26.4 0.469893 20.4308
      vertex 26.4 0.391578 21.0257
      vertex 26.4 0.776457 21.1022
    endloop
  endfacet
  facet normal -1 0 0
    outer loop
      vertex 26.4 0 20.4
      vertex 26.4 0.391578 21.0257
      vertex 26.4 0.469893 20.4308
    endloop
  endfacet
  facet normal -1 0 0
    outer loop
      vertex 26.4 0 20.4
      vertex 26.4 0 21
      vertex 26.4 0.391578 21.0257
    endloop
  endfacet
  facet normal -1 0 0
    outer loop
      vertex 26.4 0 20.4
      vertex 26.4 -0.391578 21.0257
      vertex 26.4 0 21
    endloop
  endfacet
  facet normal -1 0 0
    outer loop
      vertex 26.4 -0.469893 20.4308
      vertex 26.4 -0.391578 21.0257
      vertex 26.4 0 20.4
    endloop
  endfacet
  facet normal -1 0 0
    outer loop
      vertex 26.4 -0.469893 20.4308
      vertex 26.4 -0.776457 21.1022
      vertex 26.4 -0.391578 21.0257
    endloop
  endfacet
  facet normal -1 0 0
    outer loop
      vertex 26.4 -0.931748 20.5227
      vertex 26.4 -0.776457 21.1022
      vertex 26.4 -0.469893 20.4308
    endloop
  endfacet
  facet normal -1 0 0
    outer loop
      vertex 26.4 -0.931748 20.5227
      vertex 26.4 -1.14805 21.2284
      vertex 26.4 -0.776457 21.1022
    endloop
  endfacet
  facet normal -1 0 0
    outer loop
      vertex 26.4 -1.37766 20.674
      vertex 26.4 -1.14805 21.2284
      vertex 26.4 -0.931748 20.5227
    endloop
  endfacet
  facet normal -1 0 0
    outer loop
      vertex 26.4 -1.37766 20.674
      vertex 26.4 -1.5 21.4019
      vertex 26.4 -1.14805 21.2284
    endloop
  endfacet
  facet normal -1 0 0
    outer loop
      vertex 26.4 -1.8 20.8823
      vertex 26.4 -1.5 21.4019
      vertex 26.4 -1.37766 20.674
    endloop
  endfacet
  facet normal -1 0 0
    outer loop
      vertex 26.4 -1.8 20.8823
      vertex 26.4 -1.82628 21.6199
      vertex 26.4 -1.5 21.4019
    endloop
  endfacet
  facet normal -1 0 0
    outer loop
      vertex 26.4 -2.19154 21.1439
      vertex 26.4 -1.82628 21.6199
      vertex 26.4 -1.8 20.8823
    endloop
  endfacet
  facet normal -1 -0 0
    outer loop
      vertex 26.4 -1.82628 21.6199
      vertex 26.4 -2.19154 21.1439
      vertex 26.4 -2.12132 21.8787
    endloop
  endfacet
  facet normal -1 0 0
    outer loop
      vertex 26.4 -2.54558 21.4544
      vertex 26.4 -2.12132 21.8787
      vertex 26.4 -2.19154 21.1439
    endloop
  endfacet
  facet normal -1 -0 0
    outer loop
      vertex 26.4 -2.12132 21.8787
      vertex 26.4 -2.54558 21.4544
      vertex 26.4 -2.38006 22.1737
    endloop
  endfacet
  facet normal -1 0 0
    outer loop
      vertex 26.4 -2.85607 21.8085
      vertex 26.4 -2.38006 22.1737
      vertex 26.4 -2.54558 21.4544
    endloop
  endfacet
  facet normal -1 -0 0
    outer loop
      vertex 26.4 -2.38006 22.1737
      vertex 26.4 -2.85607 21.8085
      vertex 26.4 -2.59808 22.5
    endloop
  endfacet
  facet normal -1 0 0
    outer loop
      vertex 26.4 -3.11769 22.2
      vertex 26.4 -2.59808 22.5
      vertex 26.4 -2.85607 21.8085
    endloop
  endfacet
  facet normal -1 -0 0
    outer loop
      vertex 26.4 -2.59808 22.5
      vertex 26.4 -3.11769 22.2
      vertex 26.4 -2.77164 22.852
    endloop
  endfacet
  facet normal -1 0 0
    outer loop
      vertex 26.4 -3.32597 22.6223
      vertex 26.4 -2.77164 22.852
      vertex 26.4 -3.11769 22.2
    endloop
  endfacet
  facet normal -1 0 0
    outer loop
      vertex 26.4 -3.47733 23.0683
      vertex 26.4 -2.89778 23.2235
      vertex 26.4 -3.32597 22.6223
    endloop
  endfacet
  facet normal -1 -0 0
    outer loop
      vertex 26.4 -2.77164 22.852
      vertex 26.4 -3.32597 22.6223
      vertex 26.4 -2.89778 23.2235
    endloop
  endfacet
  facet normal -1 -0 0
    outer loop
      vertex 26.4 3.47733 24.9317
      vertex 26.4 2.89778 24.7765
      vertex 26.4 3.32597 25.3777
    endloop
  endfacet
  facet normal -1 0 0
    outer loop
      vertex 26.4 2.77164 25.148
      vertex 26.4 3.32597 25.3777
      vertex 26.4 2.89778 24.7765
    endloop
  endfacet
  facet normal -1 -0 0
    outer loop
      vertex 26.4 3.32597 25.3777
      vertex 26.4 2.77164 25.148
      vertex 26.4 3.11769 25.8
    endloop
  endfacet
  facet normal -1 0 0
    outer loop
      vertex 26.4 2.59808 25.5
      vertex 26.4 3.11769 25.8
      vertex 26.4 2.77164 25.148
    endloop
  endfacet
  facet normal -1 -0 0
    outer loop
      vertex 26.4 3.11769 25.8
      vertex 26.4 2.59808 25.5
      vertex 26.4 2.85607 26.1915
    endloop
  endfacet
  facet normal -1 0 0
    outer loop
      vertex 26.4 2.38006 25.8263
      vertex 26.4 2.85607 26.1915
      vertex 26.4 2.59808 25.5
    endloop
  endfacet
  facet normal -1 -0 0
    outer loop
      vertex 26.4 2.85607 26.1915
      vertex 26.4 2.38006 25.8263
      vertex 26.4 2.54558 26.5456
    endloop
  endfacet
  facet normal -1 0 0
    outer loop
      vertex 26.4 2.12132 26.1213
      vertex 26.4 2.54558 26.5456
      vertex 26.4 2.38006 25.8263
    endloop
  endfacet
  facet normal -1 -0 0
    outer loop
      vertex 26.4 2.54558 26.5456
      vertex 26.4 2.12132 26.1213
      vertex 26.4 2.19154 26.8561
    endloop
  endfacet
  facet normal -1 0 0
    outer loop
      vertex 26.4 1.82628 26.3801
      vertex 26.4 2.19154 26.8561
      vertex 26.4 2.12132 26.1213
    endloop
  endfacet
  facet normal -1 0 0
    outer loop
      vertex 26.4 1.82628 26.3801
      vertex 26.4 1.8 27.1177
      vertex 26.4 2.19154 26.8561
    endloop
  endfacet
  facet normal -1 0 0
    outer loop
      vertex 26.4 1.5 26.5981
      vertex 26.4 1.8 27.1177
      vertex 26.4 1.82628 26.3801
    endloop
  endfacet
  facet normal -1 0 0
    outer loop
      vertex 26.4 1.5 26.5981
      vertex 26.4 1.37766 27.326
      vertex 26.4 1.8 27.1177
    endloop
  endfacet
  facet normal -1 0 0
    outer loop
      vertex 26.4 1.14805 26.7716
      vertex 26.4 1.37766 27.326
      vertex 26.4 1.5 26.5981
    endloop
  endfacet
  facet normal -1 0 0
    outer loop
      vertex 26.4 1.14805 26.7716
      vertex 26.4 0.931748 27.4773
      vertex 26.4 1.37766 27.326
    endloop
  endfacet
  facet normal -1 0 0
    outer loop
      vertex 26.4 0.776457 26.8978
      vertex 26.4 0.931748 27.4773
      vertex 26.4 1.14805 26.7716
    endloop
  endfacet
  facet normal -1 0 0
    outer loop
      vertex 26.4 0.776457 26.8978
      vertex 26.4 0.469893 27.5692
      vertex 26.4 0.931748 27.4773
    endloop
  endfacet
  facet normal -1 0 0
    outer loop
      vertex 26.4 0.391578 26.9743
      vertex 26.4 0.469893 27.5692
      vertex 26.4 0.776457 26.8978
    endloop
  endfacet
  facet normal -1 0 0
    outer loop
      vertex 26.4 0 27
      vertex 26.4 0.469893 27.5692
      vertex 26.4 0.391578 26.9743
    endloop
  endfacet
  facet normal -1 0 0
    outer loop
      vertex 26.4 0 27
      vertex 26.4 0 27.6
      vertex 26.4 0.469893 27.5692
    endloop
  endfacet
  facet normal -1 0 0
    outer loop
      vertex 26.4 -0.391578 26.9743
      vertex 26.4 0 27.6
      vertex 26.4 0 27
    endloop
  endfacet
  facet normal -1 0 0
    outer loop
      vertex 26.4 -0.391578 26.9743
      vertex 26.4 -0.469893 27.5692
      vertex 26.4 0 27.6
    endloop
  endfacet
  facet normal -1 0 0
    outer loop
      vertex 26.4 -0.776457 26.8978
      vertex 26.4 -0.469893 27.5692
      vertex 26.4 -0.391578 26.9743
    endloop
  endfacet
  facet normal -1 0 0
    outer loop
      vertex 26.4 -0.776457 26.8978
      vertex 26.4 -0.931748 27.4773
      vertex 26.4 -0.469893 27.5692
    endloop
  endfacet
  facet normal -1 0 0
    outer loop
      vertex 26.4 -1.14805 26.7716
      vertex 26.4 -0.931748 27.4773
      vertex 26.4 -0.776457 26.8978
    endloop
  endfacet
  facet normal -1 0 0
    outer loop
      vertex 26.4 -1.14805 26.7716
      vertex 26.4 -1.37766 27.326
      vertex 26.4 -0.931748 27.4773
    endloop
  endfacet
  facet normal -1 0 0
    outer loop
      vertex 26.4 -1.5 26.5981
      vertex 26.4 -1.37766 27.326
      vertex 26.4 -1.14805 26.7716
    endloop
  endfacet
  facet normal -1 0 0
    outer loop
      vertex 26.4 -1.5 26.5981
      vertex 26.4 -1.8 27.1177
      vertex 26.4 -1.37766 27.326
    endloop
  endfacet
  facet normal -1 0 0
    outer loop
      vertex 26.4 -1.82628 26.3801
      vertex 26.4 -1.8 27.1177
      vertex 26.4 -1.5 26.5981
    endloop
  endfacet
  facet normal -1 0 0
    outer loop
      vertex 26.4 -2.19154 26.8561
      vertex 26.4 -1.82628 26.3801
      vertex 26.4 -2.12132 26.1213
    endloop
  endfacet
  facet normal -1 0 0
    outer loop
      vertex 26.4 -1.82628 26.3801
      vertex 26.4 -2.19154 26.8561
      vertex 26.4 -1.8 27.1177
    endloop
  endfacet
  facet normal -1 0 0
    outer loop
      vertex 26.4 -2.54558 26.5456
      vertex 26.4 -2.12132 26.1213
      vertex 26.4 -2.38006 25.8263
    endloop
  endfacet
  facet normal -1 0 0
    outer loop
      vertex 26.4 -2.12132 26.1213
      vertex 26.4 -2.54558 26.5456
      vertex 26.4 -2.19154 26.8561
    endloop
  endfacet
  facet normal -1 0 0
    outer loop
      vertex 26.4 -2.85607 26.1915
      vertex 26.4 -2.38006 25.8263
      vertex 26.4 -2.59808 25.5
    endloop
  endfacet
  facet normal -1 0 0
    outer loop
      vertex 26.4 -3.11769 25.8
      vertex 26.4 -2.59808 25.5
      vertex 26.4 -2.77164 25.148
    endloop
  endfacet
  facet normal -1 0 0
    outer loop
      vertex 26.4 -2.38006 25.8263
      vertex 26.4 -2.85607 26.1915
      vertex 26.4 -2.54558 26.5456
    endloop
  endfacet
  facet normal -1 0 0
    outer loop
      vertex 26.4 -3.32597 25.3777
      vertex 26.4 -2.77164 25.148
      vertex 26.4 -2.89778 24.7765
    endloop
  endfacet
  facet normal -1 0 0
    outer loop
      vertex 26.4 -3.47733 24.9317
      vertex 26.4 -2.89778 24.7765
      vertex 26.4 -2.97433 24.3916
    endloop
  endfacet
  facet normal -1 0 0
    outer loop
      vertex 26.4 -2.59808 25.5
      vertex 26.4 -3.11769 25.8
      vertex 26.4 -2.85607 26.1915
    endloop
  endfacet
  facet normal -1 0 0
    outer loop
      vertex 26.4 -3.5692 24.4699
      vertex 26.4 -2.97433 24.3916
      vertex 26.4 -3 24
    endloop
  endfacet
  facet normal -1 -0 0
    outer loop
      vertex 26.4 -2.89778 23.2235
      vertex 26.4 -3.47733 23.0683
      vertex 26.4 -2.97433 23.6084
    endloop
  endfacet
  facet normal -1 0 0
    outer loop
      vertex 26.4 -3.5692 23.5301
      vertex 26.4 -2.97433 23.6084
      vertex 26.4 -3.47733 23.0683
    endloop
  endfacet
  facet normal -1 0 0
    outer loop
      vertex 26.4 -2.77164 25.148
      vertex 26.4 -3.32597 25.3777
      vertex 26.4 -3.11769 25.8
    endloop
  endfacet
  facet normal -1 -0 0
    outer loop
      vertex 26.4 -2.97433 23.6084
      vertex 26.4 -3.5692 23.5301
      vertex 26.4 -3 24
    endloop
  endfacet
  facet normal -1 0 0
    outer loop
      vertex 26.4 -2.89778 24.7765
      vertex 26.4 -3.47733 24.9317
      vertex 26.4 -3.32597 25.3777
    endloop
  endfacet
  facet normal -1 0 0
    outer loop
      vertex 26.4 -3.6 24
      vertex 26.4 -3 24
      vertex 26.4 -3.5692 23.5301
    endloop
  endfacet
  facet normal -1 0 0
    outer loop
      vertex 26.4 -2.97433 24.3916
      vertex 26.4 -3.5692 24.4699
      vertex 26.4 -3.47733 24.9317
    endloop
  endfacet
  facet normal -1 0 0
    outer loop
      vertex 26.4 -3 24
      vertex 26.4 -3.6 24
      vertex 26.4 -3.5692 24.4699
    endloop
  endfacet
  facet normal 0.242049 -0.951616 0.189313
    outer loop
      vertex 26.4 -3.5692 24.4699
      vertex 28.8 -2.95596 24.4839
      vertex 26.4 -3.47733 24.9317
    endloop
  endfacet
  facet normal 0.242045 -0.951601 0.189392
    outer loop
      vertex 26.4 -3.5692 24.4699
      vertex 28.8 -2.97433 24.3916
      vertex 28.8 -2.95596 24.4839
    endloop
  endfacet
  facet normal 0.242047 0.968186 -0.0634722
    outer loop
      vertex 28.8 2.98049 23.7024
      vertex 26.4 3.6 24
      vertex 28.8 3 24
    endloop
  endfacet
  facet normal 0.24204 -0.870048 -0.429457
    outer loop
      vertex 26.4 -3.32597 22.6223
      vertex 28.8 -2.72998 22.7675
      vertex 28.8 -2.77164 22.8519
    endloop
  endfacet
  facet normal 0.242057 -0.870181 -0.429177
    outer loop
      vertex 28.8 -2.72998 22.7675
      vertex 26.4 -3.32597 22.6223
      vertex 26.4 -3.11769 22.2
    endloop
  endfacet
  facet normal 0.24207 0.188559 0.95176
    outer loop
      vertex 26.4 0.469893 27.5692
      vertex 28.8 0.391578 26.9743
      vertex 28.8 0.483948 26.956
    endloop
  endfacet
  facet normal 0.242028 0.189352 0.951613
    outer loop
      vertex 26.4 0.469893 27.5692
      vertex 28.8 0.483948 26.956
      vertex 26.4 0.931748 27.4773
    endloop
  endfacet
  facet normal 0.242035 0.806721 0.539092
    outer loop
      vertex 28.8 2.38006 25.8263
      vertex 26.4 3.11769 25.8
      vertex 26.4 2.85607 26.1915
    endloop
  endfacet
  facet normal 0.242041 0.806739 0.539062
    outer loop
      vertex 26.4 3.11769 25.8
      vertex 28.8 2.38006 25.8263
      vertex 28.8 2.43238 25.748
    endloop
  endfacet
  facet normal 0.242031 0.729451 0.639783
    outer loop
      vertex 26.4 2.85607 26.1915
      vertex 28.8 2.18342 26.0505
      vertex 28.8 2.38006 25.8263
    endloop
  endfacet
  facet normal 0.242045 -0.806758 -0.539032
    outer loop
      vertex 28.8 -2.59808 22.5
      vertex 26.4 -3.11769 22.2
      vertex 28.8 -2.43238 22.252
    endloop
  endfacet
  facet normal 0.242044 0.870226 0.429094
    outer loop
      vertex 28.8 2.72998 25.2325
      vertex 26.4 3.11769 25.8
      vertex 28.8 2.59808 25.5
    endloop
  endfacet
  facet normal 0.242041 -0.806739 -0.539062
    outer loop
      vertex 26.4 -3.11769 22.2
      vertex 28.8 -2.38006 22.1737
      vertex 28.8 -2.43238 22.252
    endloop
  endfacet
  facet normal 0.242035 -0.806721 -0.539092
    outer loop
      vertex 28.8 -2.38006 22.1737
      vertex 26.4 -3.11769 22.2
      vertex 26.4 -2.85607 21.8085
    endloop
  endfacet
  facet normal 0.242044 -0.870226 -0.429094
    outer loop
      vertex 28.8 -2.72998 22.7675
      vertex 26.4 -3.11769 22.2
      vertex 28.8 -2.59808 22.5
    endloop
  endfacet
  facet normal 0.242027 -0.189341 -0.951616
    outer loop
      vertex 28.8 -0.776457 21.1022
      vertex 26.4 -0.931748 20.5227
      vertex 28.8 -0.483948 21.044
    endloop
  endfacet
  facet normal 0.242037 0.951637 0.189222
    outer loop
      vertex 28.8 2.95596 24.4839
      vertex 26.4 3.47733 24.9317
      vertex 28.8 2.89778 24.7765
    endloop
  endfacet
  facet normal 0 0.19495 -0.980813
    outer loop
      vertex 22.3743 0.391578 21.0257
      vertex 26.4 0.776457 21.1022
      vertex 26.4 0.391578 21.0257
    endloop
  endfacet
  facet normal 0 0.19495 -0.980813
    outer loop
      vertex 26.4 0.776457 21.1022
      vertex 22.3743 0.391578 21.0257
      vertex 22.3491 0.776457 21.1022
    endloop
  endfacet
  facet normal 0 0.194339 -0.980934
    outer loop
      vertex 33.8 0.483948 21.044
      vertex 35.4 0.391578 21.0257
      vertex 33.8 0.391578 21.0257
    endloop
  endfacet
  facet normal 3.66635e-05 0.19495 -0.980813
    outer loop
      vertex 35.4 0.391578 21.0257
      vertex 33.8 0.483948 21.044
      vertex 35.4 0.776457 21.1022
    endloop
  endfacet
  facet normal 0 0.195143 -0.980775
    outer loop
      vertex 33.8 0.776457 21.1022
      vertex 35.4 0.776457 21.1022
      vertex 33.8 0.483948 21.044
    endloop
  endfacet
  facet normal 0 0.194339 -0.980934
    outer loop
      vertex 28.8 0.483948 21.044
      vertex 31.4 0.391578 21.0257
      vertex 28.8 0.391578 21.0257
    endloop
  endfacet
  facet normal 2.25622e-05 0.19495 -0.980813
    outer loop
      vertex 31.4 0.391578 21.0257
      vertex 28.8 0.483948 21.044
      vertex 31.4 0.776457 21.1022
    endloop
  endfacet
  facet normal 0 0.195143 -0.980775
    outer loop
      vertex 28.8 0.776457 21.1022
      vertex 31.4 0.776457 21.1022
      vertex 28.8 0.483948 21.044
    endloop
  endfacet
  facet normal 1.99456e-05 0.065491 -0.997853
    outer loop
      vertex 35.4 0 21
      vertex 33.8 0.297599 21.0195
      vertex 35.4 0.391578 21.0257
    endloop
  endfacet
  facet normal 0 0.0653842 -0.99786
    outer loop
      vertex 33.8 0.297599 21.0195
      vertex 35.4 0 21
      vertex 33.8 0 21
    endloop
  endfacet
  facet normal 0 0.0658291 -0.997831
    outer loop
      vertex 33.8 0.391578 21.0257
      vertex 35.4 0.391578 21.0257
      vertex 33.8 0.297599 21.0195
    endloop
  endfacet
  facet normal 0 0.065491 -0.997853
    outer loop
      vertex 22.4 0 21
      vertex 26.4 0.391578 21.0257
      vertex 26.4 0 21
    endloop
  endfacet
  facet normal 0 0.065491 -0.997853
    outer loop
      vertex 26.4 0.391578 21.0257
      vertex 22.4 0 21
      vertex 22.3743 0.391578 21.0257
    endloop
  endfacet
  facet normal 1.22742e-05 0.065491 -0.997853
    outer loop
      vertex 28.8 0.297599 21.0195
      vertex 31.4 0.391578 21.0257
      vertex 31.4 0 21
    endloop
  endfacet
  facet normal 0 0.0658291 -0.997831
    outer loop
      vertex 31.4 0.391578 21.0257
      vertex 28.8 0.297599 21.0195
      vertex 28.8 0.391578 21.0257
    endloop
  endfacet
  facet normal 0 0.0653842 -0.99786
    outer loop
      vertex 28.8 0.297599 21.0195
      vertex 31.4 0 21
      vertex 28.8 0 21
    endloop
  endfacet
  facet normal 0 -0.19495 -0.980813
    outer loop
      vertex 26.4 -0.776457 21.1022
      vertex 22.3743 -0.391578 21.0257
      vertex 26.4 -0.391578 21.0257
    endloop
  endfacet
  facet normal 0 -0.19495 -0.980813
    outer loop
      vertex 22.3743 -0.391578 21.0257
      vertex 26.4 -0.776457 21.1022
      vertex 22.3491 -0.776457 21.1022
    endloop
  endfacet
  facet normal 3.66635e-05 -0.19495 -0.980813
    outer loop
      vertex 35.4 -0.776457 21.1022
      vertex 33.8 -0.483948 21.044
      vertex 35.4 -0.391578 21.0257
    endloop
  endfacet
  facet normal -0 -0.195143 -0.980775
    outer loop
      vertex 35.4 -0.776457 21.1022
      vertex 33.8 -0.776457 21.1022
      vertex 33.8 -0.483948 21.044
    endloop
  endfacet
  facet normal -0 -0.194339 -0.980934
    outer loop
      vertex 35.4 -0.391578 21.0257
      vertex 33.8 -0.483948 21.044
      vertex 33.8 -0.391578 21.0257
    endloop
  endfacet
  facet normal 2.25622e-05 -0.19495 -0.980813
    outer loop
      vertex 31.4 -0.776457 21.1022
      vertex 28.8 -0.483948 21.044
      vertex 31.4 -0.391578 21.0257
    endloop
  endfacet
  facet normal -0 -0.195143 -0.980775
    outer loop
      vertex 31.4 -0.776457 21.1022
      vertex 28.8 -0.776457 21.1022
      vertex 28.8 -0.483948 21.044
    endloop
  endfacet
  facet normal -0 -0.194339 -0.980934
    outer loop
      vertex 31.4 -0.391578 21.0257
      vertex 28.8 -0.483948 21.044
      vertex 28.8 -0.391578 21.0257
    endloop
  endfacet
  facet normal 0 -0.659451 0.751747
    outer loop
      vertex 33.8 -2.05051 26.1834
      vertex 35.4 -1.82628 26.3801
      vertex 33.8 -1.82628 26.3801
    endloop
  endfacet
  facet normal -5.80312e-06 -0.659428 0.751768
    outer loop
      vertex 35.4 -1.82628 26.3801
      vertex 33.8 -2.05051 26.1834
      vertex 35.4 -2.12132 26.1213
    endloop
  endfacet
  facet normal 0 -0.659354 0.751833
    outer loop
      vertex 35.4 -2.12132 26.1213
      vertex 33.8 -2.05051 26.1834
      vertex 33.8 -2.12132 26.1213
    endloop
  endfacet
  facet normal 0 -0.659428 0.751768
    outer loop
      vertex 22.2803 -1.82628 26.3801
      vertex 26.4 -2.12132 26.1213
      vertex 26.4 -1.82628 26.3801
    endloop
  endfacet
  facet normal 0 -0.659428 0.751768
    outer loop
      vertex 26.4 -2.12132 26.1213
      vertex 22.2803 -1.82628 26.3801
      vertex 22.261 -2.12132 26.1213
    endloop
  endfacet
  facet normal 0 -0.659451 0.751747
    outer loop
      vertex 28.8 -2.05051 26.1834
      vertex 31.4 -1.82628 26.3801
      vertex 28.8 -1.82628 26.3801
    endloop
  endfacet
  facet normal -3.57115e-06 -0.659428 0.751768
    outer loop
      vertex 31.4 -1.82628 26.3801
      vertex 28.8 -2.05051 26.1834
      vertex 31.4 -2.12132 26.1213
    endloop
  endfacet
  facet normal 0 -0.659354 0.751833
    outer loop
      vertex 31.4 -2.12132 26.1213
      vertex 28.8 -2.05051 26.1834
      vertex 28.8 -2.12132 26.1213
    endloop
  endfacet
  facet normal 1 0 0
    outer loop
      vertex 35.4 1.75 24
      vertex 35.4 3 24
      vertex 35.4 2.97433 24.3916
    endloop
  endfacet
  facet normal 1 0 0
    outer loop
      vertex 35.4 1.73503 24.2284
      vertex 35.4 2.97433 24.3916
      vertex 35.4 2.89778 24.7765
    endloop
  endfacet
  facet normal 1 0 0
    outer loop
      vertex 35.4 3 24
      vertex 35.4 1.75 24
      vertex 35.4 2.97433 23.6084
    endloop
  endfacet
  facet normal 1 0 0
    outer loop
      vertex 35.4 1.69037 24.4529
      vertex 35.4 2.89778 24.7765
      vertex 35.4 2.77164 25.148
    endloop
  endfacet
  facet normal 1 -0 0
    outer loop
      vertex 35.4 1.73503 23.7716
      vertex 35.4 2.97433 23.6084
      vertex 35.4 1.75 24
    endloop
  endfacet
  facet normal 1 0 0
    outer loop
      vertex 35.4 1.61679 24.6697
      vertex 35.4 2.77164 25.148
      vertex 35.4 2.59808 25.5
    endloop
  endfacet
  facet normal 1 0 0
    outer loop
      vertex 35.4 2.97433 23.6084
      vertex 35.4 1.73503 23.7716
      vertex 35.4 2.89778 23.2235
    endloop
  endfacet
  facet normal 1 0 0
    outer loop
      vertex 35.4 1.51554 24.875
      vertex 35.4 2.59808 25.5
      vertex 35.4 2.38006 25.8263
    endloop
  endfacet
  facet normal 1 -0 0
    outer loop
      vertex 35.4 1.69037 23.5471
      vertex 35.4 2.89778 23.2235
      vertex 35.4 1.73503 23.7716
    endloop
  endfacet
  facet normal 1 0 0
    outer loop
      vertex 35.4 1.38837 25.0653
      vertex 35.4 2.38006 25.8263
      vertex 35.4 2.12132 26.1213
    endloop
  endfacet
  facet normal 1 0 0
    outer loop
      vertex 35.4 2.89778 23.2235
      vertex 35.4 1.69037 23.5471
      vertex 35.4 2.77164 22.852
    endloop
  endfacet
  facet normal 1 0 0
    outer loop
      vertex 35.4 1.23744 25.2374
      vertex 35.4 2.12132 26.1213
      vertex 35.4 1.82628 26.3801
    endloop
  endfacet
  facet normal 1 -0 0
    outer loop
      vertex 35.4 1.61679 23.3303
      vertex 35.4 2.77164 22.852
      vertex 35.4 1.69037 23.5471
    endloop
  endfacet
  facet normal 1 0 0
    outer loop
      vertex 35.4 2.77164 22.852
      vertex 35.4 1.61679 23.3303
      vertex 35.4 2.59808 22.5
    endloop
  endfacet
  facet normal 1 0 0
    outer loop
      vertex 35.4 2.97433 24.3916
      vertex 35.4 1.73503 24.2284
      vertex 35.4 1.75 24
    endloop
  endfacet
  facet normal 1 0 0
    outer loop
      vertex 35.4 2.89778 24.7765
      vertex 35.4 1.69037 24.4529
      vertex 35.4 1.73503 24.2284
    endloop
  endfacet
  facet normal 1 0 0
    outer loop
      vertex 35.4 2.77164 25.148
      vertex 35.4 1.61679 24.6697
      vertex 35.4 1.69037 24.4529
    endloop
  endfacet
  facet normal 1 0 0
    outer loop
      vertex 35.4 2.59808 25.5
      vertex 35.4 1.51554 24.875
      vertex 35.4 1.61679 24.6697
    endloop
  endfacet
  facet normal 1 0 0
    outer loop
      vertex 35.4 1.06533 25.3884
      vertex 35.4 1.82628 26.3801
      vertex 35.4 1.5 26.5981
    endloop
  endfacet
  facet normal 1 0 0
    outer loop
      vertex 35.4 2.38006 25.8263
      vertex 35.4 1.38837 25.0653
      vertex 35.4 1.51554 24.875
    endloop
  endfacet
  facet normal 1 0 0
    outer loop
      vertex 35.4 2.12132 26.1213
      vertex 35.4 1.23744 25.2374
      vertex 35.4 1.38837 25.0653
    endloop
  endfacet
  facet normal 1 0 0
    outer loop
      vertex 35.4 0.875 25.5155
      vertex 35.4 1.5 26.5981
      vertex 35.4 1.14805 26.7716
    endloop
  endfacet
  facet normal 1 0 0
    outer loop
      vertex 35.4 1.82628 26.3801
      vertex 35.4 1.06533 25.3884
      vertex 35.4 1.23744 25.2374
    endloop
  endfacet
  facet normal 1 0 0
    outer loop
      vertex 35.4 1.5 26.5981
      vertex 35.4 0.875 25.5155
      vertex 35.4 1.06533 25.3884
    endloop
  endfacet
  facet normal 1 0 0
    outer loop
      vertex 35.4 0.669696 25.6168
      vertex 35.4 1.14805 26.7716
      vertex 35.4 0.776457 26.8978
    endloop
  endfacet
  facet normal 1 0 0
    outer loop
      vertex 35.4 1.14805 26.7716
      vertex 35.4 0.669696 25.6168
      vertex 35.4 0.875 25.5155
    endloop
  endfacet
  facet normal 1 0 0
    outer loop
      vertex 35.4 0.776457 26.8978
      vertex 35.4 0.452933 25.6904
      vertex 35.4 0.669696 25.6168
    endloop
  endfacet
  facet normal 1 0 0
    outer loop
      vertex 35.4 0.391578 26.9743
      vertex 35.4 0.452933 25.6904
      vertex 35.4 0.776457 26.8978
    endloop
  endfacet
  facet normal 1 0 0
    outer loop
      vertex 35.4 0.391578 26.9743
      vertex 35.4 0.22842 25.735
      vertex 35.4 0.452933 25.6904
    endloop
  endfacet
  facet normal 1 0 0
    outer loop
      vertex 35.4 0 27
      vertex 35.4 0.22842 25.735
      vertex 35.4 0.391578 26.9743
    endloop
  endfacet
  facet normal 1 0 0
    outer loop
      vertex 35.4 0 27
      vertex 35.4 0 25.75
      vertex 35.4 0.22842 25.735
    endloop
  endfacet
  facet normal 1 0 0
    outer loop
      vertex 35.4 0 27
      vertex 35.4 -0.22842 25.735
      vertex 35.4 0 25.75
    endloop
  endfacet
  facet normal 1 -0 0
    outer loop
      vertex 35.4 -0.391578 26.9743
      vertex 35.4 -0.22842 25.735
      vertex 35.4 0 27
    endloop
  endfacet
  facet normal 1 0 0
    outer loop
      vertex 35.4 -0.391578 26.9743
      vertex 35.4 -0.452933 25.6904
      vertex 35.4 -0.22842 25.735
    endloop
  endfacet
  facet normal 1 -0 0
    outer loop
      vertex 35.4 -0.776457 26.8978
      vertex 35.4 -0.452933 25.6904
      vertex 35.4 -0.391578 26.9743
    endloop
  endfacet
  facet normal 1 0 0
    outer loop
      vertex 35.4 -0.452933 25.6904
      vertex 35.4 -0.776457 26.8978
      vertex 35.4 -0.669696 25.6168
    endloop
  endfacet
  facet normal 1 -0 0
    outer loop
      vertex 35.4 -1.14805 26.7716
      vertex 35.4 -0.669696 25.6168
      vertex 35.4 -0.776457 26.8978
    endloop
  endfacet
  facet normal 1 0 0
    outer loop
      vertex 35.4 -0.669696 25.6168
      vertex 35.4 -1.14805 26.7716
      vertex 35.4 -0.875 25.5155
    endloop
  endfacet
  facet normal 1 -0 0
    outer loop
      vertex 35.4 -1.5 26.5981
      vertex 35.4 -0.875 25.5155
      vertex 35.4 -1.14805 26.7716
    endloop
  endfacet
  facet normal 1 0 0
    outer loop
      vertex 35.4 -0.875 25.5155
      vertex 35.4 -1.5 26.5981
      vertex 35.4 -1.06533 25.3884
    endloop
  endfacet
  facet normal 1 -0 0
    outer loop
      vertex 35.4 -1.82628 26.3801
      vertex 35.4 -1.06533 25.3884
      vertex 35.4 -1.5 26.5981
    endloop
  endfacet
  facet normal 1 0 0
    outer loop
      vertex 35.4 -1.06533 25.3884
      vertex 35.4 -1.82628 26.3801
      vertex 35.4 -1.23744 25.2374
    endloop
  endfacet
  facet normal 1 -0 0
    outer loop
      vertex 35.4 -2.12132 26.1213
      vertex 35.4 -1.23744 25.2374
      vertex 35.4 -1.82628 26.3801
    endloop
  endfacet
  facet normal 1 0 0
    outer loop
      vertex 35.4 -1.23744 25.2374
      vertex 35.4 -2.12132 26.1213
      vertex 35.4 -1.38837 25.0653
    endloop
  endfacet
  facet normal 1 -0 0
    outer loop
      vertex 35.4 -2.38006 25.8263
      vertex 35.4 -1.38837 25.0653
      vertex 35.4 -2.12132 26.1213
    endloop
  endfacet
  facet normal 1 0 0
    outer loop
      vertex 35.4 -1.38837 25.0653
      vertex 35.4 -2.38006 25.8263
      vertex 35.4 -1.51554 24.875
    endloop
  endfacet
  facet normal 1 0 0
    outer loop
      vertex 35.4 -1.51554 24.875
      vertex 35.4 -2.59808 25.5
      vertex 35.4 -1.61679 24.6697
    endloop
  endfacet
  facet normal 1 -0 0
    outer loop
      vertex 35.4 -2.59808 25.5
      vertex 35.4 -1.51554 24.875
      vertex 35.4 -2.38006 25.8263
    endloop
  endfacet
  facet normal 1 -0 0
    outer loop
      vertex 35.4 1.51554 23.125
      vertex 35.4 2.59808 22.5
      vertex 35.4 1.61679 23.3303
    endloop
  endfacet
  facet normal 1 0 0
    outer loop
      vertex 35.4 2.59808 22.5
      vertex 35.4 1.51554 23.125
      vertex 35.4 2.38006 22.1737
    endloop
  endfacet
  facet normal 1 -0 0
    outer loop
      vertex 35.4 1.38837 22.9347
      vertex 35.4 2.38006 22.1737
      vertex 35.4 1.51554 23.125
    endloop
  endfacet
  facet normal 1 0 0
    outer loop
      vertex 35.4 2.38006 22.1737
      vertex 35.4 1.38837 22.9347
      vertex 35.4 2.12132 21.8787
    endloop
  endfacet
  facet normal 1 -0 0
    outer loop
      vertex 35.4 1.23744 22.7626
      vertex 35.4 2.12132 21.8787
      vertex 35.4 1.38837 22.9347
    endloop
  endfacet
  facet normal 1 0 0
    outer loop
      vertex 35.4 2.12132 21.8787
      vertex 35.4 1.23744 22.7626
      vertex 35.4 1.82628 21.6199
    endloop
  endfacet
  facet normal 1 -0 0
    outer loop
      vertex 35.4 1.06533 22.6116
      vertex 35.4 1.82628 21.6199
      vertex 35.4 1.23744 22.7626
    endloop
  endfacet
  facet normal 1 0 0
    outer loop
      vertex 35.4 1.82628 21.6199
      vertex 35.4 1.06533 22.6116
      vertex 35.4 1.5 21.4019
    endloop
  endfacet
  facet normal 1 -0 0
    outer loop
      vertex 35.4 0.875 22.4845
      vertex 35.4 1.5 21.4019
      vertex 35.4 1.06533 22.6116
    endloop
  endfacet
  facet normal 1 0 0
    outer loop
      vertex 35.4 1.5 21.4019
      vertex 35.4 0.875 22.4845
      vertex 35.4 1.14805 21.2284
    endloop
  endfacet
  facet normal 1 -0 0
    outer loop
      vertex 35.4 0.669696 22.3832
      vertex 35.4 1.14805 21.2284
      vertex 35.4 0.875 22.4845
    endloop
  endfacet
  facet normal 1 0 0
    outer loop
      vertex 35.4 1.14805 21.2284
      vertex 35.4 0.669696 22.3832
      vertex 35.4 0.776457 21.1022
    endloop
  endfacet
  facet normal 1 -0 0
    outer loop
      vertex 35.4 0.452933 22.3096
      vertex 35.4 0.776457 21.1022
      vertex 35.4 0.669696 22.3832
    endloop
  endfacet
  facet normal 1 0 0
    outer loop
      vertex 35.4 0.452933 22.3096
      vertex 35.4 0.391578 21.0257
      vertex 35.4 0.776457 21.1022
    endloop
  endfacet
  facet normal 1 -0 0
    outer loop
      vertex 35.4 0.22842 22.265
      vertex 35.4 0.391578 21.0257
      vertex 35.4 0.452933 22.3096
    endloop
  endfacet
  facet normal 1 -0 0
    outer loop
      vertex 35.4 0 22.25
      vertex 35.4 0.391578 21.0257
      vertex 35.4 0.22842 22.265
    endloop
  endfacet
  facet normal 1 0 0
    outer loop
      vertex 35.4 0 22.25
      vertex 35.4 0 21
      vertex 35.4 0.391578 21.0257
    endloop
  endfacet
  facet normal 1 0 0
    outer loop
      vertex 35.4 -0.22842 22.265
      vertex 35.4 0 21
      vertex 35.4 0 22.25
    endloop
  endfacet
  facet normal 1 0 0
    outer loop
      vertex 35.4 -0.22842 22.265
      vertex 35.4 -0.391578 21.0257
      vertex 35.4 0 21
    endloop
  endfacet
  facet normal 1 0 0
    outer loop
      vertex 35.4 -0.452933 22.3096
      vertex 35.4 -0.391578 21.0257
      vertex 35.4 -0.22842 22.265
    endloop
  endfacet
  facet normal 1 0 0
    outer loop
      vertex 35.4 -0.776457 21.1022
      vertex 35.4 -0.452933 22.3096
      vertex 35.4 -0.669696 22.3832
    endloop
  endfacet
  facet normal 1 0 0
    outer loop
      vertex 35.4 -0.452933 22.3096
      vertex 35.4 -0.776457 21.1022
      vertex 35.4 -0.391578 21.0257
    endloop
  endfacet
  facet normal 1 0 0
    outer loop
      vertex 35.4 -1.14805 21.2284
      vertex 35.4 -0.669696 22.3832
      vertex 35.4 -0.875 22.4845
    endloop
  endfacet
  facet normal 1 0 0
    outer loop
      vertex 35.4 -1.5 21.4019
      vertex 35.4 -0.875 22.4845
      vertex 35.4 -1.06533 22.6116
    endloop
  endfacet
  facet normal 1 0 0
    outer loop
      vertex 35.4 -0.669696 22.3832
      vertex 35.4 -1.14805 21.2284
      vertex 35.4 -0.776457 21.1022
    endloop
  endfacet
  facet normal 1 0 0
    outer loop
      vertex 35.4 -1.82628 21.6199
      vertex 35.4 -1.06533 22.6116
      vertex 35.4 -1.23744 22.7626
    endloop
  endfacet
  facet normal 1 0 0
    outer loop
      vertex 35.4 -2.12132 21.8787
      vertex 35.4 -1.23744 22.7626
      vertex 35.4 -1.38837 22.9347
    endloop
  endfacet
  facet normal 1 0 0
    outer loop
      vertex 35.4 -0.875 22.4845
      vertex 35.4 -1.5 21.4019
      vertex 35.4 -1.14805 21.2284
    endloop
  endfacet
  facet normal 1 0 0
    outer loop
      vertex 35.4 -2.38006 22.1737
      vertex 35.4 -1.38837 22.9347
      vertex 35.4 -1.51554 23.125
    endloop
  endfacet
  facet normal 1 0 0
    outer loop
      vertex 35.4 -2.59808 22.5
      vertex 35.4 -1.51554 23.125
      vertex 35.4 -1.61679 23.3303
    endloop
  endfacet
  facet normal 1 0 0
    outer loop
      vertex 35.4 -2.77164 22.852
      vertex 35.4 -1.61679 23.3303
      vertex 35.4 -1.69037 23.5471
    endloop
  endfacet
  facet normal 1 0 0
    outer loop
      vertex 35.4 -2.89778 23.2235
      vertex 35.4 -1.69037 23.5471
      vertex 35.4 -1.73503 23.7716
    endloop
  endfacet
  facet normal 1 0 0
    outer loop
      vertex 35.4 -1.06533 22.6116
      vertex 35.4 -1.82628 21.6199
      vertex 35.4 -1.5 21.4019
    endloop
  endfacet
  facet normal 1 0 0
    outer loop
      vertex 35.4 -2.97433 23.6084
      vertex 35.4 -1.73503 23.7716
      vertex 35.4 -1.75 24
    endloop
  endfacet
  facet normal 1 -0 0
    outer loop
      vertex 35.4 -2.77164 25.148
      vertex 35.4 -1.61679 24.6697
      vertex 35.4 -2.59808 25.5
    endloop
  endfacet
  facet normal 1 0 0
    outer loop
      vertex 35.4 -1.61679 24.6697
      vertex 35.4 -2.77164 25.148
      vertex 35.4 -1.69037 24.4529
    endloop
  endfacet
  facet normal 1 0 0
    outer loop
      vertex 35.4 -1.23744 22.7626
      vertex 35.4 -2.12132 21.8787
      vertex 35.4 -1.82628 21.6199
    endloop
  endfacet
  facet normal 1 -0 0
    outer loop
      vertex 35.4 -2.89778 24.7765
      vertex 35.4 -1.69037 24.4529
      vertex 35.4 -2.77164 25.148
    endloop
  endfacet
  facet normal 1 0 0
    outer loop
      vertex 35.4 -1.38837 22.9347
      vertex 35.4 -2.38006 22.1737
      vertex 35.4 -2.12132 21.8787
    endloop
  endfacet
  facet normal 1 0 0
    outer loop
      vertex 35.4 -1.69037 24.4529
      vertex 35.4 -2.89778 24.7765
      vertex 35.4 -1.73503 24.2284
    endloop
  endfacet
  facet normal 1 0 0
    outer loop
      vertex 35.4 -1.51554 23.125
      vertex 35.4 -2.59808 22.5
      vertex 35.4 -2.38006 22.1737
    endloop
  endfacet
  facet normal 1 -0 0
    outer loop
      vertex 35.4 -2.97433 24.3916
      vertex 35.4 -1.73503 24.2284
      vertex 35.4 -2.89778 24.7765
    endloop
  endfacet
  facet normal 1 0 0
    outer loop
      vertex 35.4 -1.61679 23.3303
      vertex 35.4 -2.77164 22.852
      vertex 35.4 -2.59808 22.5
    endloop
  endfacet
  facet normal 1 0 0
    outer loop
      vertex 35.4 -1.73503 24.2284
      vertex 35.4 -2.97433 24.3916
      vertex 35.4 -1.75 24
    endloop
  endfacet
  facet normal 1 0 0
    outer loop
      vertex 35.4 -1.69037 23.5471
      vertex 35.4 -2.89778 23.2235
      vertex 35.4 -2.77164 22.852
    endloop
  endfacet
  facet normal 1 0 0
    outer loop
      vertex 35.4 -3 24
      vertex 35.4 -1.75 24
      vertex 35.4 -2.97433 24.3916
    endloop
  endfacet
  facet normal 1 0 0
    outer loop
      vertex 35.4 -1.73503 23.7716
      vertex 35.4 -2.97433 23.6084
      vertex 35.4 -2.89778 23.2235
    endloop
  endfacet
  facet normal 1 0 0
    outer loop
      vertex 35.4 -1.75 24
      vertex 35.4 -3 24
      vertex 35.4 -2.97433 23.6084
    endloop
  endfacet
  facet normal -7.89361e-06 0.555547 -0.831485
    outer loop
      vertex 33.8 1.74798 21.5676
      vertex 35.4 1.82628 21.6199
      vertex 35.4 1.5 21.4019
    endloop
  endfacet
  facet normal 0 0.555582 -0.831462
    outer loop
      vertex 33.8 1.74798 21.5676
      vertex 35.4 1.5 21.4019
      vertex 33.8 1.5 21.4019
    endloop
  endfacet
  facet normal 0 0.555435 -0.83156
    outer loop
      vertex 35.4 1.82628 21.6199
      vertex 33.8 1.74798 21.5676
      vertex 33.8 1.82628 21.6199
    endloop
  endfacet
  facet normal 0 0.555547 -0.831485
    outer loop
      vertex 22.3017 1.5 21.4019
      vertex 26.4 1.82628 21.6199
      vertex 26.4 1.5 21.4019
    endloop
  endfacet
  facet normal 0 0.555547 -0.831485
    outer loop
      vertex 26.4 1.82628 21.6199
      vertex 22.3017 1.5 21.4019
      vertex 22.2803 1.82628 21.6199
    endloop
  endfacet
  facet normal -4.8576e-06 0.555547 -0.831485
    outer loop
      vertex 31.4 1.5 21.4019
      vertex 28.8 1.74798 21.5676
      vertex 31.4 1.82628 21.6199
    endloop
  endfacet
  facet normal 0 0.555582 -0.831462
    outer loop
      vertex 28.8 1.74798 21.5676
      vertex 31.4 1.5 21.4019
      vertex 28.8 1.5 21.4019
    endloop
  endfacet
  facet normal 0 0.555435 -0.83156
    outer loop
      vertex 28.8 1.82628 21.6199
      vertex 31.4 1.82628 21.6199
      vertex 28.8 1.74798 21.5676
    endloop
  endfacet
  facet normal 0 0.831482 -0.555551
    outer loop
      vertex 35.4 2.59808 22.5
      vertex 33.8 2.43238 22.252
      vertex 33.8 2.59808 22.5
    endloop
  endfacet
  facet normal 1.67226e-06 0.831477 -0.555558
    outer loop
      vertex 35.4 2.38006 22.1737
      vertex 33.8 2.43238 22.252
      vertex 35.4 2.59808 22.5
    endloop
  endfacet
  facet normal 0 0.831462 -0.555582
    outer loop
      vertex 33.8 2.43238 22.252
      vertex 35.4 2.38006 22.1737
      vertex 33.8 2.38006 22.1737
    endloop
  endfacet
  facet normal 0 0.831477 -0.555558
    outer loop
      vertex 22.244 2.38006 22.1737
      vertex 26.4 2.59808 22.5
      vertex 26.4 2.38006 22.1737
    endloop
  endfacet
  facet normal 0 0.831477 -0.555558
    outer loop
      vertex 26.4 2.59808 22.5
      vertex 22.244 2.38006 22.1737
      vertex 22.2297 2.59808 22.5
    endloop
  endfacet
  facet normal 0 0.831482 -0.555551
    outer loop
      vertex 31.4 2.59808 22.5
      vertex 28.8 2.43238 22.252
      vertex 28.8 2.59808 22.5
    endloop
  endfacet
  facet normal 1.02908e-06 0.831477 -0.555558
    outer loop
      vertex 31.4 2.38006 22.1737
      vertex 28.8 2.43238 22.252
      vertex 31.4 2.59808 22.5
    endloop
  endfacet
  facet normal 0 0.831462 -0.555582
    outer loop
      vertex 28.8 2.43238 22.252
      vertex 31.4 2.38006 22.1737
      vertex 28.8 2.38006 22.1737
    endloop
  endfacet
  facet normal 0 -0.44216 -0.896936
    outer loop
      vertex 26.4 -1.5 21.4019
      vertex 22.3248 -1.14805 21.2284
      vertex 26.4 -1.14805 21.2284
    endloop
  endfacet
  facet normal 0 -0.44216 -0.896936
    outer loop
      vertex 22.3248 -1.14805 21.2284
      vertex 26.4 -1.5 21.4019
      vertex 22.3017 -1.5 21.4019
    endloop
  endfacet
  facet normal 2.29761e-05 -0.44216 -0.896936
    outer loop
      vertex 35.4 -1.5 21.4019
      vertex 33.8 -1.23252 21.27
      vertex 35.4 -1.14805 21.2284
    endloop
  endfacet
  facet normal -0 -0.442271 -0.896881
    outer loop
      vertex 35.4 -1.5 21.4019
      vertex 33.8 -1.5 21.4019
      vertex 33.8 -1.23252 21.27
    endloop
  endfacet
  facet normal 0 -0.44181 -0.897109
    outer loop
      vertex 33.8 -1.14805 21.2284
      vertex 35.4 -1.14805 21.2284
      vertex 33.8 -1.23252 21.27
    endloop
  endfacet
  facet normal 1.41391e-05 -0.44216 -0.896936
    outer loop
      vertex 31.4 -1.5 21.4019
      vertex 28.8 -1.23252 21.27
      vertex 31.4 -1.14805 21.2284
    endloop
  endfacet
  facet normal -0 -0.442271 -0.896881
    outer loop
      vertex 31.4 -1.5 21.4019
      vertex 28.8 -1.5 21.4019
      vertex 28.8 -1.23252 21.27
    endloop
  endfacet
  facet normal 0 -0.44181 -0.897109
    outer loop
      vertex 28.8 -1.14805 21.2284
      vertex 31.4 -1.14805 21.2284
      vertex 28.8 -1.23252 21.27
    endloop
  endfacet
  facet normal 0 -0.0658291 -0.997831
    outer loop
      vertex 33.8 -0.297599 21.0195
      vertex 35.4 -0.391578 21.0257
      vertex 33.8 -0.391578 21.0257
    endloop
  endfacet
  facet normal 1.99456e-05 -0.065491 -0.997853
    outer loop
      vertex 35.4 -0.391578 21.0257
      vertex 33.8 -0.297599 21.0195
      vertex 35.4 0 21
    endloop
  endfacet
  facet normal -0 -0.0653842 -0.99786
    outer loop
      vertex 35.4 0 21
      vertex 33.8 -0.297599 21.0195
      vertex 33.8 0 21
    endloop
  endfacet
  facet normal 0 -0.065491 -0.997853
    outer loop
      vertex 26.4 -0.391578 21.0257
      vertex 22.4 0 21
      vertex 26.4 0 21
    endloop
  endfacet
  facet normal 0 -0.065491 -0.997853
    outer loop
      vertex 22.4 0 21
      vertex 26.4 -0.391578 21.0257
      vertex 22.3743 -0.391578 21.0257
    endloop
  endfacet
  facet normal 0 -0.0658291 -0.997831
    outer loop
      vertex 28.8 -0.297599 21.0195
      vertex 31.4 -0.391578 21.0257
      vertex 28.8 -0.391578 21.0257
    endloop
  endfacet
  facet normal 1.22742e-05 -0.065491 -0.997853
    outer loop
      vertex 31.4 -0.391578 21.0257
      vertex 28.8 -0.297599 21.0195
      vertex 31.4 0 21
    endloop
  endfacet
  facet normal -0 -0.0653842 -0.99786
    outer loop
      vertex 31.4 0 21
      vertex 28.8 -0.297599 21.0195
      vertex 28.8 0 21
    endloop
  endfacet
  facet normal 0 0.946905 -0.321514
    outer loop
      vertex 22.2183 2.77164 22.852
      vertex 26.4 2.89778 23.2235
      vertex 26.4 2.77164 22.852
    endloop
  endfacet
  facet normal 0 0.946905 -0.321514
    outer loop
      vertex 26.4 2.89778 23.2235
      vertex 22.2183 2.77164 22.852
      vertex 22.2101 2.89778 23.2235
    endloop
  endfacet
  facet normal 0 0.946922 -0.321464
    outer loop
      vertex 35.4 2.89778 23.2235
      vertex 33.8 2.80191 22.9411
      vertex 33.8 2.89778 23.2235
    endloop
  endfacet
  facet normal 9.92625e-06 0.946905 -0.321514
    outer loop
      vertex 35.4 2.77164 22.852
      vertex 33.8 2.80191 22.9411
      vertex 35.4 2.89778 23.2235
    endloop
  endfacet
  facet normal 0 0.94685 -0.321674
    outer loop
      vertex 33.8 2.80191 22.9411
      vertex 35.4 2.77164 22.852
      vertex 33.8 2.77164 22.852
    endloop
  endfacet
  facet normal 0 0.946922 -0.321464
    outer loop
      vertex 31.4 2.89778 23.2235
      vertex 28.8 2.80191 22.9411
      vertex 28.8 2.89778 23.2235
    endloop
  endfacet
  facet normal 6.10846e-06 0.946905 -0.321514
    outer loop
      vertex 31.4 2.77164 22.852
      vertex 28.8 2.80191 22.9411
      vertex 31.4 2.89778 23.2235
    endloop
  endfacet
  facet normal 0 0.94685 -0.321674
    outer loop
      vertex 28.8 2.80191 22.9411
      vertex 31.4 2.77164 22.852
      vertex 28.8 2.77164 22.852
    endloop
  endfacet
  facet normal 2.29761e-05 0.44216 0.896936
    outer loop
      vertex 35.4 1.5 26.5981
      vertex 33.8 1.23252 26.73
      vertex 35.4 1.14805 26.7716
    endloop
  endfacet
  facet normal 0 0.442271 0.896881
    outer loop
      vertex 35.4 1.5 26.5981
      vertex 33.8 1.5 26.5981
      vertex 33.8 1.23252 26.73
    endloop
  endfacet
  facet normal -0 0.44181 0.897109
    outer loop
      vertex 33.8 1.14805 26.7716
      vertex 35.4 1.14805 26.7716
      vertex 33.8 1.23252 26.73
    endloop
  endfacet
  facet normal 0 0.44216 0.896936
    outer loop
      vertex 26.4 1.5 26.5981
      vertex 22.3248 1.14805 26.7716
      vertex 26.4 1.14805 26.7716
    endloop
  endfacet
  facet normal 0 0.44216 0.896936
    outer loop
      vertex 22.3248 1.14805 26.7716
      vertex 26.4 1.5 26.5981
      vertex 22.3017 1.5 26.5981
    endloop
  endfacet
  facet normal 1.41391e-05 0.44216 0.896936
    outer loop
      vertex 31.4 1.5 26.5981
      vertex 28.8 1.23252 26.73
      vertex 31.4 1.14805 26.7716
    endloop
  endfacet
  facet normal 0 0.442271 0.896881
    outer loop
      vertex 31.4 1.5 26.5981
      vertex 28.8 1.5 26.5981
      vertex 28.8 1.23252 26.73
    endloop
  endfacet
  facet normal -0 0.44181 0.897109
    outer loop
      vertex 28.8 1.14805 26.7716
      vertex 31.4 1.14805 26.7716
      vertex 28.8 1.23252 26.73
    endloop
  endfacet
  facet normal 0 0.751799 0.659392
    outer loop
      vertex 26.4 2.38006 25.8263
      vertex 22.261 2.12132 26.1213
      vertex 26.4 2.12132 26.1213
    endloop
  endfacet
  facet normal 0 0.751799 0.659392
    outer loop
      vertex 22.261 2.12132 26.1213
      vertex 26.4 2.38006 25.8263
      vertex 22.244 2.38006 25.8263
    endloop
  endfacet
  facet normal 0 0.751787 0.659406
    outer loop
      vertex 35.4 2.12132 26.1213
      vertex 33.8 2.18342 26.0505
      vertex 33.8 2.12132 26.1213
    endloop
  endfacet
  facet normal 1.1277e-06 0.751799 0.659392
    outer loop
      vertex 35.4 2.38006 25.8263
      vertex 33.8 2.18342 26.0505
      vertex 35.4 2.12132 26.1213
    endloop
  endfacet
  facet normal 0 0.751803 0.659387
    outer loop
      vertex 33.8 2.18342 26.0505
      vertex 35.4 2.38006 25.8263
      vertex 33.8 2.38006 25.8263
    endloop
  endfacet
  facet normal 0 0.751787 0.659406
    outer loop
      vertex 31.4 2.12132 26.1213
      vertex 28.8 2.18342 26.0505
      vertex 28.8 2.12132 26.1213
    endloop
  endfacet
  facet normal 6.93969e-07 0.751799 0.659392
    outer loop
      vertex 31.4 2.38006 25.8263
      vertex 28.8 2.18342 26.0505
      vertex 31.4 2.12132 26.1213
    endloop
  endfacet
  facet normal 0 0.751803 0.659387
    outer loop
      vertex 28.8 2.18342 26.0505
      vertex 31.4 2.38006 25.8263
      vertex 28.8 2.38006 25.8263
    endloop
  endfacet
  facet normal 0 -0.946905 -0.321514
    outer loop
      vertex 22.2183 -2.77164 22.852
      vertex 26.4 -2.89778 23.2235
      vertex 22.2101 -2.89778 23.2235
    endloop
  endfacet
  facet normal 0 -0.946905 -0.321514
    outer loop
      vertex 26.4 -2.89778 23.2235
      vertex 22.2183 -2.77164 22.852
      vertex 26.4 -2.77164 22.852
    endloop
  endfacet
  facet normal 0 -0.946922 -0.321464
    outer loop
      vertex 33.8 -2.80191 22.9411
      vertex 35.4 -2.89778 23.2235
      vertex 33.8 -2.89778 23.2235
    endloop
  endfacet
  facet normal -0 -0.94685 -0.321674
    outer loop
      vertex 35.4 -2.77164 22.852
      vertex 33.8 -2.80191 22.9411
      vertex 33.8 -2.77164 22.852
    endloop
  endfacet
  facet normal 9.92625e-06 -0.946905 -0.321514
    outer loop
      vertex 33.8 -2.80191 22.9411
      vertex 35.4 -2.77164 22.852
      vertex 35.4 -2.89778 23.2235
    endloop
  endfacet
  facet normal 0 -0.946922 -0.321464
    outer loop
      vertex 28.8 -2.80191 22.9411
      vertex 31.4 -2.89778 23.2235
      vertex 28.8 -2.89778 23.2235
    endloop
  endfacet
  facet normal -0 -0.94685 -0.321674
    outer loop
      vertex 31.4 -2.77164 22.852
      vertex 28.8 -2.80191 22.9411
      vertex 28.8 -2.77164 22.852
    endloop
  endfacet
  facet normal 6.10846e-06 -0.946905 -0.321514
    outer loop
      vertex 28.8 -2.80191 22.9411
      vertex 31.4 -2.77164 22.852
      vertex 31.4 -2.89778 23.2235
    endloop
  endfacet
  facet normal 1.99456e-05 -0.065491 0.997853
    outer loop
      vertex 35.4 0 27
      vertex 33.8 -0.297599 26.9805
      vertex 35.4 -0.391578 26.9743
    endloop
  endfacet
  facet normal 0 -0.0653842 0.99786
    outer loop
      vertex 33.8 -0.297599 26.9805
      vertex 35.4 0 27
      vertex 33.8 0 27
    endloop
  endfacet
  facet normal 0 -0.0658291 0.997831
    outer loop
      vertex 33.8 -0.391578 26.9743
      vertex 35.4 -0.391578 26.9743
      vertex 33.8 -0.297599 26.9805
    endloop
  endfacet
  facet normal 0 -0.065491 0.997853
    outer loop
      vertex 22.4 0 27
      vertex 26.4 -0.391578 26.9743
      vertex 26.4 0 27
    endloop
  endfacet
  facet normal 0 -0.065491 0.997853
    outer loop
      vertex 26.4 -0.391578 26.9743
      vertex 22.4 0 27
      vertex 22.3743 -0.391578 26.9743
    endloop
  endfacet
  facet normal 1.22742e-05 -0.065491 0.997853
    outer loop
      vertex 28.8 -0.297599 26.9805
      vertex 31.4 -0.391578 26.9743
      vertex 31.4 0 27
    endloop
  endfacet
  facet normal 0 -0.0658291 0.997831
    outer loop
      vertex 31.4 -0.391578 26.9743
      vertex 28.8 -0.297599 26.9805
      vertex 28.8 -0.391578 26.9743
    endloop
  endfacet
  facet normal 0 -0.0653842 0.99786
    outer loop
      vertex 28.8 -0.297599 26.9805
      vertex 31.4 0 27
      vertex 28.8 0 27
    endloop
  endfacet
  facet normal 0 -0.751787 0.659406
    outer loop
      vertex 33.8 -2.18342 26.0505
      vertex 35.4 -2.12132 26.1213
      vertex 33.8 -2.12132 26.1213
    endloop
  endfacet
  facet normal 0 -0.751803 0.659387
    outer loop
      vertex 35.4 -2.38006 25.8263
      vertex 33.8 -2.18342 26.0505
      vertex 33.8 -2.38006 25.8263
    endloop
  endfacet
  facet normal 1.1277e-06 -0.751799 0.659392
    outer loop
      vertex 33.8 -2.18342 26.0505
      vertex 35.4 -2.38006 25.8263
      vertex 35.4 -2.12132 26.1213
    endloop
  endfacet
  facet normal 0 -0.751799 0.659392
    outer loop
      vertex 26.4 -2.38006 25.8263
      vertex 22.261 -2.12132 26.1213
      vertex 22.244 -2.38006 25.8263
    endloop
  endfacet
  facet normal 0 -0.751799 0.659392
    outer loop
      vertex 22.261 -2.12132 26.1213
      vertex 26.4 -2.38006 25.8263
      vertex 26.4 -2.12132 26.1213
    endloop
  endfacet
  facet normal 0 -0.751787 0.659406
    outer loop
      vertex 28.8 -2.18342 26.0505
      vertex 31.4 -2.12132 26.1213
      vertex 28.8 -2.12132 26.1213
    endloop
  endfacet
  facet normal 0 -0.751803 0.659387
    outer loop
      vertex 31.4 -2.38006 25.8263
      vertex 28.8 -2.18342 26.0505
      vertex 28.8 -2.38006 25.8263
    endloop
  endfacet
  facet normal 6.93969e-07 -0.751799 0.659392
    outer loop
      vertex 28.8 -2.18342 26.0505
      vertex 31.4 -2.38006 25.8263
      vertex 31.4 -2.12132 26.1213
    endloop
  endfacet
  facet normal 0 0.946905 0.321514
    outer loop
      vertex 26.4 2.89778 24.7765
      vertex 22.2183 2.77164 25.148
      vertex 26.4 2.77164 25.148
    endloop
  endfacet
  facet normal 0 0.946905 0.321514
    outer loop
      vertex 22.2183 2.77164 25.148
      vertex 26.4 2.89778 24.7765
      vertex 22.2101 2.89778 24.7765
    endloop
  endfacet
  facet normal 0 0.94685 0.321674
    outer loop
      vertex 35.4 2.77164 25.148
      vertex 33.8 2.80191 25.0589
      vertex 33.8 2.77164 25.148
    endloop
  endfacet
  facet normal 9.92625e-06 0.946905 0.321514
    outer loop
      vertex 35.4 2.89778 24.7765
      vertex 33.8 2.80191 25.0589
      vertex 35.4 2.77164 25.148
    endloop
  endfacet
  facet normal 0 0.946922 0.321464
    outer loop
      vertex 33.8 2.80191 25.0589
      vertex 35.4 2.89778 24.7765
      vertex 33.8 2.89778 24.7765
    endloop
  endfacet
  facet normal 0 0.94685 0.321674
    outer loop
      vertex 31.4 2.77164 25.148
      vertex 28.8 2.80191 25.0589
      vertex 28.8 2.77164 25.148
    endloop
  endfacet
  facet normal 6.10846e-06 0.946905 0.321514
    outer loop
      vertex 31.4 2.89778 24.7765
      vertex 28.8 2.80191 25.0589
      vertex 31.4 2.77164 25.148
    endloop
  endfacet
  facet normal 0 0.946922 0.321464
    outer loop
      vertex 28.8 2.80191 25.0589
      vertex 31.4 2.89778 24.7765
      vertex 28.8 2.89778 24.7765
    endloop
  endfacet
  facet normal 0 -0.555547 0.831485
    outer loop
      vertex 22.3017 -1.5 26.5981
      vertex 26.4 -1.82628 26.3801
      vertex 26.4 -1.5 26.5981
    endloop
  endfacet
  facet normal 0 -0.555547 0.831485
    outer loop
      vertex 26.4 -1.82628 26.3801
      vertex 22.3017 -1.5 26.5981
      vertex 22.2803 -1.82628 26.3801
    endloop
  endfacet
  facet normal -7.89361e-06 -0.555547 0.831485
    outer loop
      vertex 33.8 -1.74798 26.4324
      vertex 35.4 -1.82628 26.3801
      vertex 35.4 -1.5 26.5981
    endloop
  endfacet
  facet normal 0 -0.555582 0.831462
    outer loop
      vertex 33.8 -1.74798 26.4324
      vertex 35.4 -1.5 26.5981
      vertex 33.8 -1.5 26.5981
    endloop
  endfacet
  facet normal 0 -0.555435 0.83156
    outer loop
      vertex 35.4 -1.82628 26.3801
      vertex 33.8 -1.74798 26.4324
      vertex 33.8 -1.82628 26.3801
    endloop
  endfacet
  facet normal -4.8576e-06 -0.555547 0.831485
    outer loop
      vertex 31.4 -1.5 26.5981
      vertex 28.8 -1.74798 26.4324
      vertex 31.4 -1.82628 26.3801
    endloop
  endfacet
  facet normal 0 -0.555582 0.831462
    outer loop
      vertex 28.8 -1.74798 26.4324
      vertex 31.4 -1.5 26.5981
      vertex 28.8 -1.5 26.5981
    endloop
  endfacet
  facet normal 0 -0.555435 0.83156
    outer loop
      vertex 28.8 -1.82628 26.3801
      vertex 31.4 -1.82628 26.3801
      vertex 28.8 -1.74798 26.4324
    endloop
  endfacet
  facet normal 0 0.831477 0.555558
    outer loop
      vertex 26.4 2.59808 25.5
      vertex 22.244 2.38006 25.8263
      vertex 26.4 2.38006 25.8263
    endloop
  endfacet
  facet normal 0 0.831477 0.555558
    outer loop
      vertex 22.244 2.38006 25.8263
      vertex 26.4 2.59808 25.5
      vertex 22.2297 2.59808 25.5
    endloop
  endfacet
  facet normal 0 0.831462 0.555582
    outer loop
      vertex 35.4 2.38006 25.8263
      vertex 33.8 2.43238 25.748
      vertex 33.8 2.38006 25.8263
    endloop
  endfacet
  facet normal 1.67226e-06 0.831477 0.555558
    outer loop
      vertex 35.4 2.59808 25.5
      vertex 33.8 2.43238 25.748
      vertex 35.4 2.38006 25.8263
    endloop
  endfacet
  facet normal 0 0.831482 0.555551
    outer loop
      vertex 33.8 2.43238 25.748
      vertex 35.4 2.59808 25.5
      vertex 33.8 2.59808 25.5
    endloop
  endfacet
  facet normal 0 0.831462 0.555582
    outer loop
      vertex 31.4 2.38006 25.8263
      vertex 28.8 2.43238 25.748
      vertex 28.8 2.38006 25.8263
    endloop
  endfacet
  facet normal 1.02908e-06 0.831477 0.555558
    outer loop
      vertex 31.4 2.59808 25.5
      vertex 28.8 2.43238 25.748
      vertex 31.4 2.38006 25.8263
    endloop
  endfacet
  facet normal 0 0.831482 0.555551
    outer loop
      vertex 28.8 2.43238 25.748
      vertex 31.4 2.59808 25.5
      vertex 28.8 2.59808 25.5
    endloop
  endfacet
  facet normal 0 0.980788 -0.195077
    outer loop
      vertex 26.4 2.97433 23.6084
      vertex 22.2084 2.92379 23.3543
      vertex 22.1983 2.97433 23.6084
    endloop
  endfacet
  facet normal -9.06413e-07 0.980791 -0.195062
    outer loop
      vertex 26.4 2.89778 23.2235
      vertex 22.2084 2.92379 23.3543
      vertex 26.4 2.97433 23.6084
    endloop
  endfacet
  facet normal 0 0.980796 -0.195035
    outer loop
      vertex 22.2084 2.92379 23.3543
      vertex 26.4 2.89778 23.2235
      vertex 22.2101 2.89778 23.2235
    endloop
  endfacet
  facet normal 0 0.980764 -0.195197
    outer loop
      vertex 35.4 2.97433 23.6084
      vertex 33.8 2.95596 23.5161
      vertex 33.8 2.97433 23.6084
    endloop
  endfacet
  facet normal -8.03948e-06 0.980791 -0.195062
    outer loop
      vertex 35.4 2.89778 23.2235
      vertex 33.8 2.95596 23.5161
      vertex 35.4 2.97433 23.6084
    endloop
  endfacet
  facet normal 0 0.980799 -0.19502
    outer loop
      vertex 33.8 2.95596 23.5161
      vertex 35.4 2.89778 23.2235
      vertex 33.8 2.89778 23.2235
    endloop
  endfacet
  facet normal 0 0.980764 -0.195197
    outer loop
      vertex 31.4 2.97433 23.6084
      vertex 28.8 2.95596 23.5161
      vertex 28.8 2.97433 23.6084
    endloop
  endfacet
  facet normal -4.94737e-06 0.980791 -0.195062
    outer loop
      vertex 31.4 2.89778 23.2235
      vertex 28.8 2.95596 23.5161
      vertex 31.4 2.97433 23.6084
    endloop
  endfacet
  facet normal 0 0.980799 -0.19502
    outer loop
      vertex 28.8 2.95596 23.5161
      vertex 31.4 2.89778 23.2235
      vertex 28.8 2.89778 23.2235
    endloop
  endfacet
  facet normal 0 0.8969 0.442233
    outer loop
      vertex 26.4 2.77164 25.148
      vertex 22.2297 2.59808 25.5
      vertex 26.4 2.59808 25.5
    endloop
  endfacet
  facet normal 0 0.8969 0.442233
    outer loop
      vertex 22.2297 2.59808 25.5
      vertex 26.4 2.77164 25.148
      vertex 22.2183 2.77164 25.148
    endloop
  endfacet
  facet normal 0 0.896895 0.442244
    outer loop
      vertex 35.4 2.59808 25.5
      vertex 33.8 2.72998 25.2325
      vertex 33.8 2.59808 25.5
    endloop
  endfacet
  facet normal 2.38876e-06 0.8969 0.442233
    outer loop
      vertex 35.4 2.77164 25.148
      vertex 33.8 2.72998 25.2325
      vertex 35.4 2.59808 25.5
    endloop
  endfacet
  facet normal 2.76636e-05 0.89671 0.442618
    outer loop
      vertex 33.8 2.72998 25.2325
      vertex 35.4 2.77164 25.148
      vertex 33.8 2.77164 25.1481
    endloop
  endfacet
  facet normal 0 1 0
    outer loop
      vertex 33.8 2.77164 25.1481
      vertex 35.4 2.77164 25.148
      vertex 33.8 2.77164 25.148
    endloop
  endfacet
  facet normal 0 0.896895 0.442244
    outer loop
      vertex 31.4 2.59808 25.5
      vertex 28.8 2.72998 25.2325
      vertex 28.8 2.59808 25.5
    endloop
  endfacet
  facet normal 1.47001e-06 0.8969 0.442233
    outer loop
      vertex 31.4 2.77164 25.148
      vertex 28.8 2.72998 25.2325
      vertex 31.4 2.59808 25.5
    endloop
  endfacet
  facet normal 1.70238e-05 0.89671 0.442618
    outer loop
      vertex 28.8 2.72998 25.2325
      vertex 31.4 2.77164 25.148
      vertex 28.8 2.77164 25.1481
    endloop
  endfacet
  facet normal 0 1 0
    outer loop
      vertex 28.8 2.77164 25.1481
      vertex 31.4 2.77164 25.148
      vertex 28.8 2.77164 25.148
    endloop
  endfacet
  facet normal 0 -0.997858 -0.0654112
    outer loop
      vertex 22.1983 -2.97433 23.6084
      vertex 26.4 -3 24
      vertex 22.1932 -3 24
    endloop
  endfacet
  facet normal 0 -0.997858 -0.0654112
    outer loop
      vertex 26.4 -3 24
      vertex 22.1983 -2.97433 23.6084
      vertex 26.4 -2.97433 23.6084
    endloop
  endfacet
  facet normal 0 -0.997858 -0.0654174
    outer loop
      vertex 33.8 -2.98049 23.7024
      vertex 35.4 -3 24
      vertex 33.8 -3 24
    endloop
  endfacet
  facet normal -0 -0.99786 -0.0653917
    outer loop
      vertex 35.4 -2.97433 23.6084
      vertex 33.8 -2.98049 23.7024
      vertex 33.8 -2.97433 23.6084
    endloop
  endfacet
  facet normal -1.15304e-06 -0.997858 -0.0654112
    outer loop
      vertex 33.8 -2.98049 23.7024
      vertex 35.4 -2.97433 23.6084
      vertex 35.4 -3 24
    endloop
  endfacet
  facet normal 0 -0.997858 -0.0654174
    outer loop
      vertex 28.8 -2.98049 23.7024
      vertex 31.4 -3 24
      vertex 28.8 -3 24
    endloop
  endfacet
  facet normal -0 -0.99786 -0.0653917
    outer loop
      vertex 31.4 -2.97433 23.6084
      vertex 28.8 -2.98049 23.7024
      vertex 28.8 -2.97433 23.6084
    endloop
  endfacet
  facet normal -7.09564e-07 -0.997858 -0.0654112
    outer loop
      vertex 28.8 -2.98049 23.7024
      vertex 31.4 -2.97433 23.6084
      vertex 31.4 -3 24
    endloop
  endfacet
  facet normal 0 -0.751799 -0.659392
    outer loop
      vertex 22.261 -2.12132 21.8787
      vertex 26.4 -2.38006 22.1737
      vertex 22.244 -2.38006 22.1737
    endloop
  endfacet
  facet normal 0 -0.751799 -0.659392
    outer loop
      vertex 26.4 -2.38006 22.1737
      vertex 22.261 -2.12132 21.8787
      vertex 26.4 -2.12132 21.8787
    endloop
  endfacet
  facet normal 0 -0.751803 -0.659387
    outer loop
      vertex 33.8 -2.18342 21.9495
      vertex 35.4 -2.38006 22.1737
      vertex 33.8 -2.38006 22.1737
    endloop
  endfacet
  facet normal -0 -0.751787 -0.659406
    outer loop
      vertex 35.4 -2.12132 21.8787
      vertex 33.8 -2.18342 21.9495
      vertex 33.8 -2.12132 21.8787
    endloop
  endfacet
  facet normal 1.1277e-06 -0.751799 -0.659392
    outer loop
      vertex 33.8 -2.18342 21.9495
      vertex 35.4 -2.12132 21.8787
      vertex 35.4 -2.38006 22.1737
    endloop
  endfacet
  facet normal 0 -0.751803 -0.659387
    outer loop
      vertex 28.8 -2.18342 21.9495
      vertex 31.4 -2.38006 22.1737
      vertex 28.8 -2.38006 22.1737
    endloop
  endfacet
  facet normal -0 -0.751787 -0.659406
    outer loop
      vertex 31.4 -2.12132 21.8787
      vertex 28.8 -2.18342 21.9495
      vertex 28.8 -2.12132 21.8787
    endloop
  endfacet
  facet normal 6.93969e-07 -0.751799 -0.659392
    outer loop
      vertex 28.8 -2.18342 21.9495
      vertex 31.4 -2.12132 21.8787
      vertex 31.4 -2.38006 22.1737
    endloop
  endfacet
  facet normal 7.56791e-06 -0.321579 0.946883
    outer loop
      vertex 35.4 -0.776457 26.8978
      vertex 33.8 -1.05887 26.8019
      vertex 35.4 -1.14805 26.7716
    endloop
  endfacet
  facet normal 0 -0.321541 0.946896
    outer loop
      vertex 33.8 -1.05887 26.8019
      vertex 35.4 -0.776457 26.8978
      vertex 33.8 -0.776457 26.8978
    endloop
  endfacet
  facet normal 0 -0.321701 0.946841
    outer loop
      vertex 35.4 -1.14805 26.7716
      vertex 33.8 -1.05887 26.8019
      vertex 33.8 -1.14805 26.7716
    endloop
  endfacet
  facet normal 0 -0.321579 0.946883
    outer loop
      vertex 22.3491 -0.776457 26.8978
      vertex 26.4 -1.14805 26.7716
      vertex 26.4 -0.776457 26.8978
    endloop
  endfacet
  facet normal 0 -0.321579 0.946883
    outer loop
      vertex 26.4 -1.14805 26.7716
      vertex 22.3491 -0.776457 26.8978
      vertex 22.3248 -1.14805 26.7716
    endloop
  endfacet
  facet normal 4.65718e-06 -0.321579 0.946883
    outer loop
      vertex 31.4 -0.776457 26.8978
      vertex 28.8 -1.05887 26.8019
      vertex 31.4 -1.14805 26.7716
    endloop
  endfacet
  facet normal 0 -0.321541 0.946896
    outer loop
      vertex 28.8 -1.05887 26.8019
      vertex 31.4 -0.776457 26.8978
      vertex 28.8 -0.776457 26.8978
    endloop
  endfacet
  facet normal 0 -0.321701 0.946841
    outer loop
      vertex 31.4 -1.14805 26.7716
      vertex 28.8 -1.05887 26.8019
      vertex 28.8 -1.14805 26.7716
    endloop
  endfacet
  facet normal 0 -0.321579 -0.946883
    outer loop
      vertex 26.4 -1.14805 21.2284
      vertex 22.3491 -0.776457 21.1022
      vertex 26.4 -0.776457 21.1022
    endloop
  endfacet
  facet normal 0 -0.321579 -0.946883
    outer loop
      vertex 22.3491 -0.776457 21.1022
      vertex 26.4 -1.14805 21.2284
      vertex 22.3248 -1.14805 21.2284
    endloop
  endfacet
  facet normal 0 -0.321701 -0.946841
    outer loop
      vertex 33.8 -1.05887 21.1981
      vertex 35.4 -1.14805 21.2284
      vertex 33.8 -1.14805 21.2284
    endloop
  endfacet
  facet normal 7.56791e-06 -0.321579 -0.946883
    outer loop
      vertex 35.4 -1.14805 21.2284
      vertex 33.8 -1.05887 21.1981
      vertex 35.4 -0.776457 21.1022
    endloop
  endfacet
  facet normal -0 -0.321541 -0.946896
    outer loop
      vertex 35.4 -0.776457 21.1022
      vertex 33.8 -1.05887 21.1981
      vertex 33.8 -0.776457 21.1022
    endloop
  endfacet
  facet normal 0 -0.321701 -0.946841
    outer loop
      vertex 28.8 -1.05887 21.1981
      vertex 31.4 -1.14805 21.2284
      vertex 28.8 -1.14805 21.2284
    endloop
  endfacet
  facet normal 4.65718e-06 -0.321579 -0.946883
    outer loop
      vertex 31.4 -1.14805 21.2284
      vertex 28.8 -1.05887 21.1981
      vertex 31.4 -0.776457 21.1022
    endloop
  endfacet
  facet normal -0 -0.321541 -0.946896
    outer loop
      vertex 31.4 -0.776457 21.1022
      vertex 28.8 -1.05887 21.1981
      vertex 28.8 -0.776457 21.1022
    endloop
  endfacet
  facet normal 0 0.8969 -0.442233
    outer loop
      vertex 22.2297 2.59808 22.5
      vertex 26.4 2.77164 22.852
      vertex 26.4 2.59808 22.5
    endloop
  endfacet
  facet normal 0 0.8969 -0.442233
    outer loop
      vertex 26.4 2.77164 22.852
      vertex 22.2297 2.59808 22.5
      vertex 22.2183 2.77164 22.852
    endloop
  endfacet
  facet normal 0 1 0
    outer loop
      vertex 35.4 2.77164 22.852
      vertex 33.8 2.77164 22.8519
      vertex 33.8 2.77164 22.852
    endloop
  endfacet
  facet normal 2.76636e-05 0.89671 -0.442618
    outer loop
      vertex 35.4 2.77164 22.852
      vertex 33.8 2.72998 22.7675
      vertex 33.8 2.77164 22.8519
    endloop
  endfacet
  facet normal 2.38876e-06 0.8969 -0.442233
    outer loop
      vertex 35.4 2.59808 22.5
      vertex 33.8 2.72998 22.7675
      vertex 35.4 2.77164 22.852
    endloop
  endfacet
  facet normal 0 0.896895 -0.442244
    outer loop
      vertex 33.8 2.72998 22.7675
      vertex 35.4 2.59808 22.5
      vertex 33.8 2.59808 22.5
    endloop
  endfacet
  facet normal 0 1 0
    outer loop
      vertex 31.4 2.77164 22.852
      vertex 28.8 2.77164 22.8519
      vertex 28.8 2.77164 22.852
    endloop
  endfacet
  facet normal 1.70238e-05 0.89671 -0.442618
    outer loop
      vertex 31.4 2.77164 22.852
      vertex 28.8 2.72998 22.7675
      vertex 28.8 2.77164 22.8519
    endloop
  endfacet
  facet normal 1.47001e-06 0.8969 -0.442233
    outer loop
      vertex 31.4 2.59808 22.5
      vertex 28.8 2.72998 22.7675
      vertex 31.4 2.77164 22.852
    endloop
  endfacet
  facet normal 0 0.896895 -0.442244
    outer loop
      vertex 28.8 2.72998 22.7675
      vertex 31.4 2.59808 22.5
      vertex 28.8 2.59808 22.5
    endloop
  endfacet
  facet normal 0 0.980796 0.195035
    outer loop
      vertex 26.4 2.89778 24.7765
      vertex 22.2084 2.92379 24.6457
      vertex 22.2101 2.89778 24.7765
    endloop
  endfacet
  facet normal -9.06413e-07 0.980791 0.195062
    outer loop
      vertex 26.4 2.97433 24.3916
      vertex 22.2084 2.92379 24.6457
      vertex 26.4 2.89778 24.7765
    endloop
  endfacet
  facet normal 0 0.980788 0.195077
    outer loop
      vertex 22.2084 2.92379 24.6457
      vertex 26.4 2.97433 24.3916
      vertex 22.1983 2.97433 24.3916
    endloop
  endfacet
  facet normal 0 0.980799 0.19502
    outer loop
      vertex 35.4 2.89778 24.7765
      vertex 33.8 2.95596 24.4839
      vertex 33.8 2.89778 24.7765
    endloop
  endfacet
  facet normal -8.03948e-06 0.980791 0.195062
    outer loop
      vertex 35.4 2.97433 24.3916
      vertex 33.8 2.95596 24.4839
      vertex 35.4 2.89778 24.7765
    endloop
  endfacet
  facet normal 0 0.980764 0.195197
    outer loop
      vertex 33.8 2.95596 24.4839
      vertex 35.4 2.97433 24.3916
      vertex 33.8 2.97433 24.3916
    endloop
  endfacet
  facet normal 0 0.980799 0.19502
    outer loop
      vertex 31.4 2.89778 24.7765
      vertex 28.8 2.95596 24.4839
      vertex 28.8 2.89778 24.7765
    endloop
  endfacet
  facet normal -4.94737e-06 0.980791 0.195062
    outer loop
      vertex 31.4 2.97433 24.3916
      vertex 28.8 2.95596 24.4839
      vertex 31.4 2.89778 24.7765
    endloop
  endfacet
  facet normal 0 0.980764 0.195197
    outer loop
      vertex 28.8 2.95596 24.4839
      vertex 31.4 2.97433 24.3916
      vertex 28.8 2.97433 24.3916
    endloop
  endfacet
  facet normal 0 0.659428 -0.751768
    outer loop
      vertex 22.2803 1.82628 21.6199
      vertex 26.4 2.12132 21.8787
      vertex 26.4 1.82628 21.6199
    endloop
  endfacet
  facet normal 0 0.659428 -0.751768
    outer loop
      vertex 26.4 2.12132 21.8787
      vertex 22.2803 1.82628 21.6199
      vertex 22.261 2.12132 21.8787
    endloop
  endfacet
  facet normal 0 0.659451 -0.751747
    outer loop
      vertex 33.8 2.05051 21.8166
      vertex 35.4 1.82628 21.6199
      vertex 33.8 1.82628 21.6199
    endloop
  endfacet
  facet normal -5.80312e-06 0.659428 -0.751768
    outer loop
      vertex 35.4 1.82628 21.6199
      vertex 33.8 2.05051 21.8166
      vertex 35.4 2.12132 21.8787
    endloop
  endfacet
  facet normal 0 0.659354 -0.751833
    outer loop
      vertex 35.4 2.12132 21.8787
      vertex 33.8 2.05051 21.8166
      vertex 33.8 2.12132 21.8787
    endloop
  endfacet
  facet normal 0 0.659451 -0.751747
    outer loop
      vertex 28.8 2.05051 21.8166
      vertex 31.4 1.82628 21.6199
      vertex 28.8 1.82628 21.6199
    endloop
  endfacet
  facet normal -3.57115e-06 0.659428 -0.751768
    outer loop
      vertex 31.4 1.82628 21.6199
      vertex 28.8 2.05051 21.8166
      vertex 31.4 2.12132 21.8787
    endloop
  endfacet
  facet normal 0 0.659354 -0.751833
    outer loop
      vertex 31.4 2.12132 21.8787
      vertex 28.8 2.05051 21.8166
      vertex 28.8 2.12132 21.8787
    endloop
  endfacet
  facet normal 0 -0.659428 -0.751768
    outer loop
      vertex 26.4 -2.12132 21.8787
      vertex 22.2803 -1.82628 21.6199
      vertex 26.4 -1.82628 21.6199
    endloop
  endfacet
  facet normal 0 -0.659428 -0.751768
    outer loop
      vertex 22.2803 -1.82628 21.6199
      vertex 26.4 -2.12132 21.8787
      vertex 22.261 -2.12132 21.8787
    endloop
  endfacet
  facet normal -5.80312e-06 -0.659428 -0.751768
    outer loop
      vertex 35.4 -2.12132 21.8787
      vertex 33.8 -2.05051 21.8166
      vertex 35.4 -1.82628 21.6199
    endloop
  endfacet
  facet normal 0 -0.659354 -0.751833
    outer loop
      vertex 33.8 -2.05051 21.8166
      vertex 35.4 -2.12132 21.8787
      vertex 33.8 -2.12132 21.8787
    endloop
  endfacet
  facet normal -0 -0.659451 -0.751747
    outer loop
      vertex 35.4 -1.82628 21.6199
      vertex 33.8 -2.05051 21.8166
      vertex 33.8 -1.82628 21.6199
    endloop
  endfacet
  facet normal 0 -0.659354 -0.751833
    outer loop
      vertex 28.8 -2.05051 21.8166
      vertex 31.4 -2.12132 21.8787
      vertex 28.8 -2.12132 21.8787
    endloop
  endfacet
  facet normal -3.57115e-06 -0.659428 -0.751768
    outer loop
      vertex 31.4 -2.12132 21.8787
      vertex 28.8 -2.05051 21.8166
      vertex 31.4 -1.82628 21.6199
    endloop
  endfacet
  facet normal -0 -0.659451 -0.751747
    outer loop
      vertex 31.4 -1.82628 21.6199
      vertex 28.8 -2.05051 21.8166
      vertex 28.8 -1.82628 21.6199
    endloop
  endfacet
  facet normal 0 -0.8969 0.442233
    outer loop
      vertex 26.4 -2.77164 25.148
      vertex 22.2297 -2.59808 25.5
      vertex 22.2183 -2.77164 25.148
    endloop
  endfacet
  facet normal 0 -0.8969 0.442233
    outer loop
      vertex 22.2297 -2.59808 25.5
      vertex 26.4 -2.77164 25.148
      vertex 26.4 -2.59808 25.5
    endloop
  endfacet
  facet normal 0 -0.896895 0.442244
    outer loop
      vertex 33.8 -2.72998 25.2325
      vertex 35.4 -2.59808 25.5
      vertex 33.8 -2.59808 25.5
    endloop
  endfacet
  facet normal 2.76636e-05 -0.89671 0.442618
    outer loop
      vertex 35.4 -2.77164 25.148
      vertex 33.8 -2.72998 25.2325
      vertex 33.8 -2.77164 25.1481
    endloop
  endfacet
  facet normal 0 -1 0
    outer loop
      vertex 35.4 -2.77164 25.148
      vertex 33.8 -2.77164 25.1481
      vertex 33.8 -2.77164 25.148
    endloop
  endfacet
  facet normal 2.38876e-06 -0.8969 0.442233
    outer loop
      vertex 33.8 -2.72998 25.2325
      vertex 35.4 -2.77164 25.148
      vertex 35.4 -2.59808 25.5
    endloop
  endfacet
  facet normal 0 -0.896895 0.442244
    outer loop
      vertex 28.8 -2.72998 25.2325
      vertex 31.4 -2.59808 25.5
      vertex 28.8 -2.59808 25.5
    endloop
  endfacet
  facet normal 1.70238e-05 -0.89671 0.442618
    outer loop
      vertex 31.4 -2.77164 25.148
      vertex 28.8 -2.72998 25.2325
      vertex 28.8 -2.77164 25.1481
    endloop
  endfacet
  facet normal 0 -1 0
    outer loop
      vertex 31.4 -2.77164 25.148
      vertex 28.8 -2.77164 25.1481
      vertex 28.8 -2.77164 25.148
    endloop
  endfacet
  facet normal 1.47001e-06 -0.8969 0.442233
    outer loop
      vertex 28.8 -2.72998 25.2325
      vertex 31.4 -2.77164 25.148
      vertex 31.4 -2.59808 25.5
    endloop
  endfacet
  facet normal 0 0.321701 0.946841
    outer loop
      vertex 33.8 1.05887 26.8019
      vertex 35.4 1.14805 26.7716
      vertex 33.8 1.14805 26.7716
    endloop
  endfacet
  facet normal 7.56791e-06 0.321579 0.946883
    outer loop
      vertex 35.4 1.14805 26.7716
      vertex 33.8 1.05887 26.8019
      vertex 35.4 0.776457 26.8978
    endloop
  endfacet
  facet normal 0 0.321541 0.946896
    outer loop
      vertex 35.4 0.776457 26.8978
      vertex 33.8 1.05887 26.8019
      vertex 33.8 0.776457 26.8978
    endloop
  endfacet
  facet normal 0 0.321579 0.946883
    outer loop
      vertex 26.4 1.14805 26.7716
      vertex 22.3491 0.776457 26.8978
      vertex 26.4 0.776457 26.8978
    endloop
  endfacet
  facet normal 0 0.321579 0.946883
    outer loop
      vertex 22.3491 0.776457 26.8978
      vertex 26.4 1.14805 26.7716
      vertex 22.3248 1.14805 26.7716
    endloop
  endfacet
  facet normal 0 0.321701 0.946841
    outer loop
      vertex 28.8 1.05887 26.8019
      vertex 31.4 1.14805 26.7716
      vertex 28.8 1.14805 26.7716
    endloop
  endfacet
  facet normal 4.65718e-06 0.321579 0.946883
    outer loop
      vertex 31.4 1.14805 26.7716
      vertex 28.8 1.05887 26.8019
      vertex 31.4 0.776457 26.8978
    endloop
  endfacet
  facet normal 0 0.321541 0.946896
    outer loop
      vertex 31.4 0.776457 26.8978
      vertex 28.8 1.05887 26.8019
      vertex 28.8 0.776457 26.8978
    endloop
  endfacet
  facet normal 0 -0.980788 -0.195077
    outer loop
      vertex 22.2084 -2.92379 23.3543
      vertex 26.4 -2.97433 23.6084
      vertex 22.1983 -2.97433 23.6084
    endloop
  endfacet
  facet normal -0 -0.980796 -0.195035
    outer loop
      vertex 26.4 -2.89778 23.2235
      vertex 22.2084 -2.92379 23.3543
      vertex 22.2101 -2.89778 23.2235
    endloop
  endfacet
  facet normal -9.06413e-07 -0.980791 -0.195062
    outer loop
      vertex 22.2084 -2.92379 23.3543
      vertex 26.4 -2.89778 23.2235
      vertex 26.4 -2.97433 23.6084
    endloop
  endfacet
  facet normal 0 -0.980764 -0.195197
    outer loop
      vertex 33.8 -2.95596 23.5161
      vertex 35.4 -2.97433 23.6084
      vertex 33.8 -2.97433 23.6084
    endloop
  endfacet
  facet normal -0 -0.980799 -0.19502
    outer loop
      vertex 35.4 -2.89778 23.2235
      vertex 33.8 -2.95596 23.5161
      vertex 33.8 -2.89778 23.2235
    endloop
  endfacet
  facet normal -8.03948e-06 -0.980791 -0.195062
    outer loop
      vertex 33.8 -2.95596 23.5161
      vertex 35.4 -2.89778 23.2235
      vertex 35.4 -2.97433 23.6084
    endloop
  endfacet
  facet normal 0 -0.980764 -0.195197
    outer loop
      vertex 28.8 -2.95596 23.5161
      vertex 31.4 -2.97433 23.6084
      vertex 28.8 -2.97433 23.6084
    endloop
  endfacet
  facet normal -0 -0.980799 -0.19502
    outer loop
      vertex 31.4 -2.89778 23.2235
      vertex 28.8 -2.95596 23.5161
      vertex 28.8 -2.89778 23.2235
    endloop
  endfacet
  facet normal -4.94737e-06 -0.980791 -0.195062
    outer loop
      vertex 28.8 -2.95596 23.5161
      vertex 31.4 -2.89778 23.2235
      vertex 31.4 -2.97433 23.6084
    endloop
  endfacet
  facet normal 0 -0.8969 -0.442233
    outer loop
      vertex 22.2297 -2.59808 22.5
      vertex 26.4 -2.77164 22.852
      vertex 22.2183 -2.77164 22.852
    endloop
  endfacet
  facet normal 0 -0.8969 -0.442233
    outer loop
      vertex 26.4 -2.77164 22.852
      vertex 22.2297 -2.59808 22.5
      vertex 26.4 -2.59808 22.5
    endloop
  endfacet
  facet normal 0 -1 0
    outer loop
      vertex 33.8 -2.77164 22.8519
      vertex 35.4 -2.77164 22.852
      vertex 33.8 -2.77164 22.852
    endloop
  endfacet
  facet normal 2.76636e-05 -0.89671 -0.442618
    outer loop
      vertex 33.8 -2.72998 22.7675
      vertex 35.4 -2.77164 22.852
      vertex 33.8 -2.77164 22.8519
    endloop
  endfacet
  facet normal -0 -0.896895 -0.442244
    outer loop
      vertex 35.4 -2.59808 22.5
      vertex 33.8 -2.72998 22.7675
      vertex 33.8 -2.59808 22.5
    endloop
  endfacet
  facet normal 2.38876e-06 -0.8969 -0.442233
    outer loop
      vertex 33.8 -2.72998 22.7675
      vertex 35.4 -2.59808 22.5
      vertex 35.4 -2.77164 22.852
    endloop
  endfacet
  facet normal 0 -1 0
    outer loop
      vertex 28.8 -2.77164 22.8519
      vertex 31.4 -2.77164 22.852
      vertex 28.8 -2.77164 22.852
    endloop
  endfacet
  facet normal 1.70238e-05 -0.89671 -0.442618
    outer loop
      vertex 28.8 -2.72998 22.7675
      vertex 31.4 -2.77164 22.852
      vertex 28.8 -2.77164 22.8519
    endloop
  endfacet
  facet normal -0 -0.896895 -0.442244
    outer loop
      vertex 31.4 -2.59808 22.5
      vertex 28.8 -2.72998 22.7675
      vertex 28.8 -2.59808 22.5
    endloop
  endfacet
  facet normal 1.47001e-06 -0.8969 -0.442233
    outer loop
      vertex 28.8 -2.72998 22.7675
      vertex 31.4 -2.59808 22.5
      vertex 31.4 -2.77164 22.852
    endloop
  endfacet
  facet normal 0 0.659428 0.751768
    outer loop
      vertex 26.4 2.12132 26.1213
      vertex 22.2803 1.82628 26.3801
      vertex 26.4 1.82628 26.3801
    endloop
  endfacet
  facet normal 0 0.659428 0.751768
    outer loop
      vertex 22.2803 1.82628 26.3801
      vertex 26.4 2.12132 26.1213
      vertex 22.261 2.12132 26.1213
    endloop
  endfacet
  facet normal -5.80312e-06 0.659428 0.751768
    outer loop
      vertex 35.4 2.12132 26.1213
      vertex 33.8 2.05051 26.1834
      vertex 35.4 1.82628 26.3801
    endloop
  endfacet
  facet normal 0 0.659354 0.751833
    outer loop
      vertex 33.8 2.05051 26.1834
      vertex 35.4 2.12132 26.1213
      vertex 33.8 2.12132 26.1213
    endloop
  endfacet
  facet normal 0 0.659451 0.751747
    outer loop
      vertex 35.4 1.82628 26.3801
      vertex 33.8 2.05051 26.1834
      vertex 33.8 1.82628 26.3801
    endloop
  endfacet
  facet normal 0 0.659354 0.751833
    outer loop
      vertex 28.8 2.05051 26.1834
      vertex 31.4 2.12132 26.1213
      vertex 28.8 2.12132 26.1213
    endloop
  endfacet
  facet normal -3.57115e-06 0.659428 0.751768
    outer loop
      vertex 31.4 2.12132 26.1213
      vertex 28.8 2.05051 26.1834
      vertex 31.4 1.82628 26.3801
    endloop
  endfacet
  facet normal 0 0.659451 0.751747
    outer loop
      vertex 31.4 1.82628 26.3801
      vertex 28.8 2.05051 26.1834
      vertex 28.8 1.82628 26.3801
    endloop
  endfacet
  facet normal 0 0.751803 -0.659387
    outer loop
      vertex 35.4 2.38006 22.1737
      vertex 33.8 2.18342 21.9495
      vertex 33.8 2.38006 22.1737
    endloop
  endfacet
  facet normal 1.1277e-06 0.751799 -0.659392
    outer loop
      vertex 35.4 2.12132 21.8787
      vertex 33.8 2.18342 21.9495
      vertex 35.4 2.38006 22.1737
    endloop
  endfacet
  facet normal 0 0.751787 -0.659406
    outer loop
      vertex 33.8 2.18342 21.9495
      vertex 35.4 2.12132 21.8787
      vertex 33.8 2.12132 21.8787
    endloop
  endfacet
  facet normal 0 0.751799 -0.659392
    outer loop
      vertex 22.261 2.12132 21.8787
      vertex 26.4 2.38006 22.1737
      vertex 26.4 2.12132 21.8787
    endloop
  endfacet
  facet normal 0 0.751799 -0.659392
    outer loop
      vertex 26.4 2.38006 22.1737
      vertex 22.261 2.12132 21.8787
      vertex 22.244 2.38006 22.1737
    endloop
  endfacet
  facet normal 0 0.751803 -0.659387
    outer loop
      vertex 31.4 2.38006 22.1737
      vertex 28.8 2.18342 21.9495
      vertex 28.8 2.38006 22.1737
    endloop
  endfacet
  facet normal 6.93969e-07 0.751799 -0.659392
    outer loop
      vertex 31.4 2.12132 21.8787
      vertex 28.8 2.18342 21.9495
      vertex 31.4 2.38006 22.1737
    endloop
  endfacet
  facet normal 0 0.751787 -0.659406
    outer loop
      vertex 28.8 2.18342 21.9495
      vertex 31.4 2.12132 21.8787
      vertex 28.8 2.12132 21.8787
    endloop
  endfacet
  facet normal 0 -0.44181 0.897109
    outer loop
      vertex 33.8 -1.23252 26.73
      vertex 35.4 -1.14805 26.7716
      vertex 33.8 -1.14805 26.7716
    endloop
  endfacet
  facet normal 2.29761e-05 -0.44216 0.896936
    outer loop
      vertex 35.4 -1.14805 26.7716
      vertex 33.8 -1.23252 26.73
      vertex 35.4 -1.5 26.5981
    endloop
  endfacet
  facet normal 0 -0.442271 0.896881
    outer loop
      vertex 33.8 -1.5 26.5981
      vertex 35.4 -1.5 26.5981
      vertex 33.8 -1.23252 26.73
    endloop
  endfacet
  facet normal 0 -0.44216 0.896936
    outer loop
      vertex 22.3248 -1.14805 26.7716
      vertex 26.4 -1.5 26.5981
      vertex 26.4 -1.14805 26.7716
    endloop
  endfacet
  facet normal 0 -0.44216 0.896936
    outer loop
      vertex 26.4 -1.5 26.5981
      vertex 22.3248 -1.14805 26.7716
      vertex 22.3017 -1.5 26.5981
    endloop
  endfacet
  facet normal 0 -0.44181 0.897109
    outer loop
      vertex 28.8 -1.23252 26.73
      vertex 31.4 -1.14805 26.7716
      vertex 28.8 -1.14805 26.7716
    endloop
  endfacet
  facet normal 1.41391e-05 -0.44216 0.896936
    outer loop
      vertex 31.4 -1.14805 26.7716
      vertex 28.8 -1.23252 26.73
      vertex 31.4 -1.5 26.5981
    endloop
  endfacet
  facet normal 0 -0.442271 0.896881
    outer loop
      vertex 28.8 -1.5 26.5981
      vertex 31.4 -1.5 26.5981
      vertex 28.8 -1.23252 26.73
    endloop
  endfacet
  facet normal 0 0.065491 0.997853
    outer loop
      vertex 26.4 0.391578 26.9743
      vertex 22.4 0 27
      vertex 26.4 0 27
    endloop
  endfacet
  facet normal 0 0.065491 0.997853
    outer loop
      vertex 22.4 0 27
      vertex 26.4 0.391578 26.9743
      vertex 22.3743 0.391578 26.9743
    endloop
  endfacet
  facet normal 0 0.0658291 0.997831
    outer loop
      vertex 33.8 0.297599 26.9805
      vertex 35.4 0.391578 26.9743
      vertex 33.8 0.391578 26.9743
    endloop
  endfacet
  facet normal 1.99456e-05 0.065491 0.997853
    outer loop
      vertex 35.4 0.391578 26.9743
      vertex 33.8 0.297599 26.9805
      vertex 35.4 0 27
    endloop
  endfacet
  facet normal 0 0.0653842 0.99786
    outer loop
      vertex 35.4 0 27
      vertex 33.8 0.297599 26.9805
      vertex 33.8 0 27
    endloop
  endfacet
  facet normal 0 0.0658291 0.997831
    outer loop
      vertex 28.8 0.297599 26.9805
      vertex 31.4 0.391578 26.9743
      vertex 28.8 0.391578 26.9743
    endloop
  endfacet
  facet normal 1.22742e-05 0.065491 0.997853
    outer loop
      vertex 31.4 0.391578 26.9743
      vertex 28.8 0.297599 26.9805
      vertex 31.4 0 27
    endloop
  endfacet
  facet normal 0 0.0653842 0.99786
    outer loop
      vertex 31.4 0 27
      vertex 28.8 0.297599 26.9805
      vertex 28.8 0 27
    endloop
  endfacet
  facet normal 0 -0.555435 -0.83156
    outer loop
      vertex 33.8 -1.74798 21.5676
      vertex 35.4 -1.82628 21.6199
      vertex 33.8 -1.82628 21.6199
    endloop
  endfacet
  facet normal -7.89361e-06 -0.555547 -0.831485
    outer loop
      vertex 35.4 -1.82628 21.6199
      vertex 33.8 -1.74798 21.5676
      vertex 35.4 -1.5 21.4019
    endloop
  endfacet
  facet normal -0 -0.555582 -0.831462
    outer loop
      vertex 35.4 -1.5 21.4019
      vertex 33.8 -1.74798 21.5676
      vertex 33.8 -1.5 21.4019
    endloop
  endfacet
  facet normal 0 -0.555547 -0.831485
    outer loop
      vertex 26.4 -1.82628 21.6199
      vertex 22.3017 -1.5 21.4019
      vertex 26.4 -1.5 21.4019
    endloop
  endfacet
  facet normal 0 -0.555547 -0.831485
    outer loop
      vertex 22.3017 -1.5 21.4019
      vertex 26.4 -1.82628 21.6199
      vertex 22.2803 -1.82628 21.6199
    endloop
  endfacet
  facet normal 0 -0.555435 -0.83156
    outer loop
      vertex 28.8 -1.74798 21.5676
      vertex 31.4 -1.82628 21.6199
      vertex 28.8 -1.82628 21.6199
    endloop
  endfacet
  facet normal -4.8576e-06 -0.555547 -0.831485
    outer loop
      vertex 31.4 -1.82628 21.6199
      vertex 28.8 -1.74798 21.5676
      vertex 31.4 -1.5 21.4019
    endloop
  endfacet
  facet normal -0 -0.555582 -0.831462
    outer loop
      vertex 31.4 -1.5 21.4019
      vertex 28.8 -1.74798 21.5676
      vertex 28.8 -1.5 21.4019
    endloop
  endfacet
  facet normal 0 0.44181 -0.897109
    outer loop
      vertex 33.8 1.23252 21.27
      vertex 35.4 1.14805 21.2284
      vertex 33.8 1.14805 21.2284
    endloop
  endfacet
  facet normal 2.29761e-05 0.44216 -0.896936
    outer loop
      vertex 35.4 1.14805 21.2284
      vertex 33.8 1.23252 21.27
      vertex 35.4 1.5 21.4019
    endloop
  endfacet
  facet normal 0 0.442271 -0.896881
    outer loop
      vertex 33.8 1.5 21.4019
      vertex 35.4 1.5 21.4019
      vertex 33.8 1.23252 21.27
    endloop
  endfacet
  facet normal 0 0.44216 -0.896936
    outer loop
      vertex 22.3248 1.14805 21.2284
      vertex 26.4 1.5 21.4019
      vertex 26.4 1.14805 21.2284
    endloop
  endfacet
  facet normal 0 0.44216 -0.896936
    outer loop
      vertex 26.4 1.5 21.4019
      vertex 22.3248 1.14805 21.2284
      vertex 22.3017 1.5 21.4019
    endloop
  endfacet
  facet normal 0 0.44181 -0.897109
    outer loop
      vertex 28.8 1.23252 21.27
      vertex 31.4 1.14805 21.2284
      vertex 28.8 1.14805 21.2284
    endloop
  endfacet
  facet normal 1.41391e-05 0.44216 -0.896936
    outer loop
      vertex 31.4 1.14805 21.2284
      vertex 28.8 1.23252 21.27
      vertex 31.4 1.5 21.4019
    endloop
  endfacet
  facet normal 0 0.442271 -0.896881
    outer loop
      vertex 28.8 1.5 21.4019
      vertex 31.4 1.5 21.4019
      vertex 28.8 1.23252 21.27
    endloop
  endfacet
  facet normal 0 -0.99786 0.0653917
    outer loop
      vertex 33.8 -2.98049 24.2976
      vertex 35.4 -2.97433 24.3916
      vertex 33.8 -2.97433 24.3916
    endloop
  endfacet
  facet normal 0 -0.997858 0.0654174
    outer loop
      vertex 35.4 -3 24
      vertex 33.8 -2.98049 24.2976
      vertex 33.8 -3 24
    endloop
  endfacet
  facet normal -1.15304e-06 -0.997858 0.0654112
    outer loop
      vertex 33.8 -2.98049 24.2976
      vertex 35.4 -3 24
      vertex 35.4 -2.97433 24.3916
    endloop
  endfacet
  facet normal 0 -0.997858 0.0654112
    outer loop
      vertex 26.4 -3 24
      vertex 22.1983 -2.97433 24.3916
      vertex 22.1932 -3 24
    endloop
  endfacet
  facet normal 0 -0.997858 0.0654112
    outer loop
      vertex 22.1983 -2.97433 24.3916
      vertex 26.4 -3 24
      vertex 26.4 -2.97433 24.3916
    endloop
  endfacet
  facet normal 0 -0.99786 0.0653917
    outer loop
      vertex 28.8 -2.98049 24.2976
      vertex 31.4 -2.97433 24.3916
      vertex 28.8 -2.97433 24.3916
    endloop
  endfacet
  facet normal 0 -0.997858 0.0654174
    outer loop
      vertex 31.4 -3 24
      vertex 28.8 -2.98049 24.2976
      vertex 28.8 -3 24
    endloop
  endfacet
  facet normal -7.09564e-07 -0.997858 0.0654112
    outer loop
      vertex 28.8 -2.98049 24.2976
      vertex 31.4 -3 24
      vertex 31.4 -2.97433 24.3916
    endloop
  endfacet
  facet normal 0 -0.831477 0.555558
    outer loop
      vertex 26.4 -2.59808 25.5
      vertex 22.244 -2.38006 25.8263
      vertex 22.2297 -2.59808 25.5
    endloop
  endfacet
  facet normal 0 -0.831477 0.555558
    outer loop
      vertex 22.244 -2.38006 25.8263
      vertex 26.4 -2.59808 25.5
      vertex 26.4 -2.38006 25.8263
    endloop
  endfacet
  facet normal 0 -0.831462 0.555582
    outer loop
      vertex 33.8 -2.43238 25.748
      vertex 35.4 -2.38006 25.8263
      vertex 33.8 -2.38006 25.8263
    endloop
  endfacet
  facet normal 0 -0.831482 0.555551
    outer loop
      vertex 35.4 -2.59808 25.5
      vertex 33.8 -2.43238 25.748
      vertex 33.8 -2.59808 25.5
    endloop
  endfacet
  facet normal 1.67226e-06 -0.831477 0.555558
    outer loop
      vertex 33.8 -2.43238 25.748
      vertex 35.4 -2.59808 25.5
      vertex 35.4 -2.38006 25.8263
    endloop
  endfacet
  facet normal 0 -0.831462 0.555582
    outer loop
      vertex 28.8 -2.43238 25.748
      vertex 31.4 -2.38006 25.8263
      vertex 28.8 -2.38006 25.8263
    endloop
  endfacet
  facet normal 0 -0.831482 0.555551
    outer loop
      vertex 31.4 -2.59808 25.5
      vertex 28.8 -2.43238 25.748
      vertex 28.8 -2.59808 25.5
    endloop
  endfacet
  facet normal 1.02908e-06 -0.831477 0.555558
    outer loop
      vertex 28.8 -2.43238 25.748
      vertex 31.4 -2.59808 25.5
      vertex 31.4 -2.38006 25.8263
    endloop
  endfacet
  facet normal 0 -0.831477 -0.555558
    outer loop
      vertex 22.244 -2.38006 22.1737
      vertex 26.4 -2.59808 22.5
      vertex 22.2297 -2.59808 22.5
    endloop
  endfacet
  facet normal 0 -0.831477 -0.555558
    outer loop
      vertex 26.4 -2.59808 22.5
      vertex 22.244 -2.38006 22.1737
      vertex 26.4 -2.38006 22.1737
    endloop
  endfacet
  facet normal 0 -0.831482 -0.555551
    outer loop
      vertex 33.8 -2.43238 22.252
      vertex 35.4 -2.59808 22.5
      vertex 33.8 -2.59808 22.5
    endloop
  endfacet
  facet normal -0 -0.831462 -0.555582
    outer loop
      vertex 35.4 -2.38006 22.1737
      vertex 33.8 -2.43238 22.252
      vertex 33.8 -2.38006 22.1737
    endloop
  endfacet
  facet normal 1.67226e-06 -0.831477 -0.555558
    outer loop
      vertex 33.8 -2.43238 22.252
      vertex 35.4 -2.38006 22.1737
      vertex 35.4 -2.59808 22.5
    endloop
  endfacet
  facet normal 0 -0.831482 -0.555551
    outer loop
      vertex 28.8 -2.43238 22.252
      vertex 31.4 -2.59808 22.5
      vertex 28.8 -2.59808 22.5
    endloop
  endfacet
  facet normal -0 -0.831462 -0.555582
    outer loop
      vertex 31.4 -2.38006 22.1737
      vertex 28.8 -2.43238 22.252
      vertex 28.8 -2.38006 22.1737
    endloop
  endfacet
  facet normal 1.02908e-06 -0.831477 -0.555558
    outer loop
      vertex 28.8 -2.43238 22.252
      vertex 31.4 -2.38006 22.1737
      vertex 31.4 -2.59808 22.5
    endloop
  endfacet
  facet normal 0 0.321579 -0.946883
    outer loop
      vertex 22.3491 0.776457 21.1022
      vertex 26.4 1.14805 21.2284
      vertex 26.4 0.776457 21.1022
    endloop
  endfacet
  facet normal 0 0.321579 -0.946883
    outer loop
      vertex 26.4 1.14805 21.2284
      vertex 22.3491 0.776457 21.1022
      vertex 22.3248 1.14805 21.2284
    endloop
  endfacet
  facet normal 7.56791e-06 0.321579 -0.946883
    outer loop
      vertex 35.4 0.776457 21.1022
      vertex 33.8 1.05887 21.1981
      vertex 35.4 1.14805 21.2284
    endloop
  endfacet
  facet normal 0 0.321541 -0.946896
    outer loop
      vertex 33.8 1.05887 21.1981
      vertex 35.4 0.776457 21.1022
      vertex 33.8 0.776457 21.1022
    endloop
  endfacet
  facet normal 0 0.321701 -0.946841
    outer loop
      vertex 35.4 1.14805 21.2284
      vertex 33.8 1.05887 21.1981
      vertex 33.8 1.14805 21.2284
    endloop
  endfacet
  facet normal 4.65718e-06 0.321579 -0.946883
    outer loop
      vertex 31.4 0.776457 21.1022
      vertex 28.8 1.05887 21.1981
      vertex 31.4 1.14805 21.2284
    endloop
  endfacet
  facet normal 0 0.321541 -0.946896
    outer loop
      vertex 28.8 1.05887 21.1981
      vertex 31.4 0.776457 21.1022
      vertex 28.8 0.776457 21.1022
    endloop
  endfacet
  facet normal 0 0.321701 -0.946841
    outer loop
      vertex 31.4 1.14805 21.2284
      vertex 28.8 1.05887 21.1981
      vertex 28.8 1.14805 21.2284
    endloop
  endfacet
  facet normal 3.66635e-05 0.19495 0.980813
    outer loop
      vertex 35.4 0.776457 26.8978
      vertex 33.8 0.483948 26.956
      vertex 35.4 0.391578 26.9743
    endloop
  endfacet
  facet normal 0 0.195143 0.980775
    outer loop
      vertex 35.4 0.776457 26.8978
      vertex 33.8 0.776457 26.8978
      vertex 33.8 0.483948 26.956
    endloop
  endfacet
  facet normal 0 0.194339 0.980934
    outer loop
      vertex 35.4 0.391578 26.9743
      vertex 33.8 0.483948 26.956
      vertex 33.8 0.391578 26.9743
    endloop
  endfacet
  facet normal 0 0.19495 0.980813
    outer loop
      vertex 26.4 0.776457 26.8978
      vertex 22.3743 0.391578 26.9743
      vertex 26.4 0.391578 26.9743
    endloop
  endfacet
  facet normal 0 0.19495 0.980813
    outer loop
      vertex 22.3743 0.391578 26.9743
      vertex 26.4 0.776457 26.8978
      vertex 22.3491 0.776457 26.8978
    endloop
  endfacet
  facet normal 2.25622e-05 0.19495 0.980813
    outer loop
      vertex 31.4 0.776457 26.8978
      vertex 28.8 0.483948 26.956
      vertex 31.4 0.391578 26.9743
    endloop
  endfacet
  facet normal 0 0.195143 0.980775
    outer loop
      vertex 31.4 0.776457 26.8978
      vertex 28.8 0.776457 26.8978
      vertex 28.8 0.483948 26.956
    endloop
  endfacet
  facet normal 0 0.194339 0.980934
    outer loop
      vertex 31.4 0.391578 26.9743
      vertex 28.8 0.483948 26.956
      vertex 28.8 0.391578 26.9743
    endloop
  endfacet
  facet normal 0 0.99786 0.0653917
    outer loop
      vertex 35.4 2.97433 24.3916
      vertex 33.8 2.98049 24.2976
      vertex 33.8 2.97433 24.3916
    endloop
  endfacet
  facet normal -1.15304e-06 0.997858 0.0654112
    outer loop
      vertex 35.4 3 24
      vertex 33.8 2.98049 24.2976
      vertex 35.4 2.97433 24.3916
    endloop
  endfacet
  facet normal 0 0.997858 0.0654174
    outer loop
      vertex 33.8 2.98049 24.2976
      vertex 35.4 3 24
      vertex 33.8 3 24
    endloop
  endfacet
  facet normal 0 0.997858 0.0654112
    outer loop
      vertex 26.4 3 24
      vertex 22.1983 2.97433 24.3916
      vertex 26.4 2.97433 24.3916
    endloop
  endfacet
  facet normal 0 0.997858 0.0654112
    outer loop
      vertex 22.1983 2.97433 24.3916
      vertex 26.4 3 24
      vertex 22.1932 3 24
    endloop
  endfacet
  facet normal 0 0.99786 0.0653917
    outer loop
      vertex 31.4 2.97433 24.3916
      vertex 28.8 2.98049 24.2976
      vertex 28.8 2.97433 24.3916
    endloop
  endfacet
  facet normal -7.09564e-07 0.997858 0.0654112
    outer loop
      vertex 31.4 3 24
      vertex 28.8 2.98049 24.2976
      vertex 31.4 2.97433 24.3916
    endloop
  endfacet
  facet normal 0 0.997858 0.0654174
    outer loop
      vertex 28.8 2.98049 24.2976
      vertex 31.4 3 24
      vertex 28.8 3 24
    endloop
  endfacet
  facet normal 0 -0.946905 0.321514
    outer loop
      vertex 26.4 -2.89778 24.7765
      vertex 22.2183 -2.77164 25.148
      vertex 22.2101 -2.89778 24.7765
    endloop
  endfacet
  facet normal 0 -0.946905 0.321514
    outer loop
      vertex 22.2183 -2.77164 25.148
      vertex 26.4 -2.89778 24.7765
      vertex 26.4 -2.77164 25.148
    endloop
  endfacet
  facet normal 0 -0.94685 0.321674
    outer loop
      vertex 33.8 -2.80191 25.0589
      vertex 35.4 -2.77164 25.148
      vertex 33.8 -2.77164 25.148
    endloop
  endfacet
  facet normal 0 -0.946922 0.321464
    outer loop
      vertex 35.4 -2.89778 24.7765
      vertex 33.8 -2.80191 25.0589
      vertex 33.8 -2.89778 24.7765
    endloop
  endfacet
  facet normal 9.92625e-06 -0.946905 0.321514
    outer loop
      vertex 33.8 -2.80191 25.0589
      vertex 35.4 -2.89778 24.7765
      vertex 35.4 -2.77164 25.148
    endloop
  endfacet
  facet normal 0 -0.94685 0.321674
    outer loop
      vertex 28.8 -2.80191 25.0589
      vertex 31.4 -2.77164 25.148
      vertex 28.8 -2.77164 25.148
    endloop
  endfacet
  facet normal 0 -0.946922 0.321464
    outer loop
      vertex 31.4 -2.89778 24.7765
      vertex 28.8 -2.80191 25.0589
      vertex 28.8 -2.89778 24.7765
    endloop
  endfacet
  facet normal 6.10846e-06 -0.946905 0.321514
    outer loop
      vertex 28.8 -2.80191 25.0589
      vertex 31.4 -2.89778 24.7765
      vertex 31.4 -2.77164 25.148
    endloop
  endfacet
  facet normal 0 -0.194339 0.980934
    outer loop
      vertex 33.8 -0.483948 26.956
      vertex 35.4 -0.391578 26.9743
      vertex 33.8 -0.391578 26.9743
    endloop
  endfacet
  facet normal 3.66635e-05 -0.19495 0.980813
    outer loop
      vertex 35.4 -0.391578 26.9743
      vertex 33.8 -0.483948 26.956
      vertex 35.4 -0.776457 26.8978
    endloop
  endfacet
  facet normal 0 -0.195143 0.980775
    outer loop
      vertex 33.8 -0.776457 26.8978
      vertex 35.4 -0.776457 26.8978
      vertex 33.8 -0.483948 26.956
    endloop
  endfacet
  facet normal 0 -0.19495 0.980813
    outer loop
      vertex 22.3743 -0.391578 26.9743
      vertex 26.4 -0.776457 26.8978
      vertex 26.4 -0.391578 26.9743
    endloop
  endfacet
  facet normal 0 -0.19495 0.980813
    outer loop
      vertex 26.4 -0.776457 26.8978
      vertex 22.3743 -0.391578 26.9743
      vertex 22.3491 -0.776457 26.8978
    endloop
  endfacet
  facet normal 0 -0.194339 0.980934
    outer loop
      vertex 28.8 -0.483948 26.956
      vertex 31.4 -0.391578 26.9743
      vertex 28.8 -0.391578 26.9743
    endloop
  endfacet
  facet normal 2.25622e-05 -0.19495 0.980813
    outer loop
      vertex 31.4 -0.391578 26.9743
      vertex 28.8 -0.483948 26.956
      vertex 31.4 -0.776457 26.8978
    endloop
  endfacet
  facet normal 0 -0.195143 0.980775
    outer loop
      vertex 28.8 -0.776457 26.8978
      vertex 31.4 -0.776457 26.8978
      vertex 28.8 -0.483948 26.956
    endloop
  endfacet
  facet normal 0 0.997858 -0.0654112
    outer loop
      vertex 22.1983 2.97433 23.6084
      vertex 26.4 3 24
      vertex 26.4 2.97433 23.6084
    endloop
  endfacet
  facet normal 0 0.997858 -0.0654112
    outer loop
      vertex 26.4 3 24
      vertex 22.1983 2.97433 23.6084
      vertex 22.1932 3 24
    endloop
  endfacet
  facet normal 0 0.997858 -0.0654174
    outer loop
      vertex 35.4 3 24
      vertex 33.8 2.98049 23.7024
      vertex 33.8 3 24
    endloop
  endfacet
  facet normal -1.15304e-06 0.997858 -0.0654112
    outer loop
      vertex 35.4 2.97433 23.6084
      vertex 33.8 2.98049 23.7024
      vertex 35.4 3 24
    endloop
  endfacet
  facet normal 0 0.99786 -0.0653917
    outer loop
      vertex 33.8 2.98049 23.7024
      vertex 35.4 2.97433 23.6084
      vertex 33.8 2.97433 23.6084
    endloop
  endfacet
  facet normal 0 0.997858 -0.0654174
    outer loop
      vertex 31.4 3 24
      vertex 28.8 2.98049 23.7024
      vertex 28.8 3 24
    endloop
  endfacet
  facet normal -7.09564e-07 0.997858 -0.0654112
    outer loop
      vertex 31.4 2.97433 23.6084
      vertex 28.8 2.98049 23.7024
      vertex 31.4 3 24
    endloop
  endfacet
  facet normal 0 0.99786 -0.0653917
    outer loop
      vertex 28.8 2.98049 23.7024
      vertex 31.4 2.97433 23.6084
      vertex 28.8 2.97433 23.6084
    endloop
  endfacet
  facet normal 0 -0.980796 0.195035
    outer loop
      vertex 22.2084 -2.92379 24.6457
      vertex 26.4 -2.89778 24.7765
      vertex 22.2101 -2.89778 24.7765
    endloop
  endfacet
  facet normal 0 -0.980788 0.195077
    outer loop
      vertex 26.4 -2.97433 24.3916
      vertex 22.2084 -2.92379 24.6457
      vertex 22.1983 -2.97433 24.3916
    endloop
  endfacet
  facet normal -9.06413e-07 -0.980791 0.195062
    outer loop
      vertex 22.2084 -2.92379 24.6457
      vertex 26.4 -2.97433 24.3916
      vertex 26.4 -2.89778 24.7765
    endloop
  endfacet
  facet normal 0 -0.980799 0.19502
    outer loop
      vertex 33.8 -2.95596 24.4839
      vertex 35.4 -2.89778 24.7765
      vertex 33.8 -2.89778 24.7765
    endloop
  endfacet
  facet normal 0 -0.980764 0.195197
    outer loop
      vertex 35.4 -2.97433 24.3916
      vertex 33.8 -2.95596 24.4839
      vertex 33.8 -2.97433 24.3916
    endloop
  endfacet
  facet normal -8.03948e-06 -0.980791 0.195062
    outer loop
      vertex 33.8 -2.95596 24.4839
      vertex 35.4 -2.97433 24.3916
      vertex 35.4 -2.89778 24.7765
    endloop
  endfacet
  facet normal 0 -0.980799 0.19502
    outer loop
      vertex 28.8 -2.95596 24.4839
      vertex 31.4 -2.89778 24.7765
      vertex 28.8 -2.89778 24.7765
    endloop
  endfacet
  facet normal 0 -0.980764 0.195197
    outer loop
      vertex 31.4 -2.97433 24.3916
      vertex 28.8 -2.95596 24.4839
      vertex 28.8 -2.97433 24.3916
    endloop
  endfacet
  facet normal -4.94737e-06 -0.980791 0.195062
    outer loop
      vertex 28.8 -2.95596 24.4839
      vertex 31.4 -2.97433 24.3916
      vertex 31.4 -2.89778 24.7765
    endloop
  endfacet
  facet normal 0 0.555435 0.83156
    outer loop
      vertex 33.8 1.74798 26.4324
      vertex 35.4 1.82628 26.3801
      vertex 33.8 1.82628 26.3801
    endloop
  endfacet
  facet normal -7.89361e-06 0.555547 0.831485
    outer loop
      vertex 35.4 1.82628 26.3801
      vertex 33.8 1.74798 26.4324
      vertex 35.4 1.5 26.5981
    endloop
  endfacet
  facet normal 0 0.555582 0.831462
    outer loop
      vertex 35.4 1.5 26.5981
      vertex 33.8 1.74798 26.4324
      vertex 33.8 1.5 26.5981
    endloop
  endfacet
  facet normal 0 0.555547 0.831485
    outer loop
      vertex 26.4 1.82628 26.3801
      vertex 22.3017 1.5 26.5981
      vertex 26.4 1.5 26.5981
    endloop
  endfacet
  facet normal 0 0.555547 0.831485
    outer loop
      vertex 22.3017 1.5 26.5981
      vertex 26.4 1.82628 26.3801
      vertex 22.2803 1.82628 26.3801
    endloop
  endfacet
  facet normal 0 0.555435 0.83156
    outer loop
      vertex 28.8 1.74798 26.4324
      vertex 31.4 1.82628 26.3801
      vertex 28.8 1.82628 26.3801
    endloop
  endfacet
  facet normal -4.8576e-06 0.555547 0.831485
    outer loop
      vertex 31.4 1.82628 26.3801
      vertex 28.8 1.74798 26.4324
      vertex 31.4 1.5 26.5981
    endloop
  endfacet
  facet normal 0 0.555582 0.831462
    outer loop
      vertex 31.4 1.5 26.5981
      vertex 28.8 1.74798 26.4324
      vertex 28.8 1.5 26.5981
    endloop
  endfacet
  facet normal 0 -0.194845 0.980834
    outer loop
      vertex 24.4 0.452933 22.3096
      vertex 35.4 0.22842 22.265
      vertex 35.4 0.452933 22.3096
    endloop
  endfacet
  facet normal 0 -0.194845 0.980834
    outer loop
      vertex 35.4 0.22842 22.265
      vertex 24.4 0.452933 22.3096
      vertex 24.4 0.22842 22.265
    endloop
  endfacet
  facet normal 0 -0.0655274 0.997851
    outer loop
      vertex 24.4 0.22842 22.265
      vertex 35.4 0 22.25
      vertex 35.4 0.22842 22.265
    endloop
  endfacet
  facet normal 0 -0.0655274 0.997851
    outer loop
      vertex 35.4 0 22.25
      vertex 24.4 0.22842 22.265
      vertex 24.4 0 22.25
    endloop
  endfacet
  facet normal 0 -0.321513 0.946905
    outer loop
      vertex 24.4 0.669696 22.3832
      vertex 35.4 0.452933 22.3096
      vertex 35.4 0.669696 22.3832
    endloop
  endfacet
  facet normal 0 -0.321513 0.946905
    outer loop
      vertex 35.4 0.452933 22.3096
      vertex 24.4 0.669696 22.3832
      vertex 24.4 0.452933 22.3096
    endloop
  endfacet
  facet normal 0 0.946948 -0.321386
    outer loop
      vertex 35.4 -1.69037 24.4529
      vertex 19.894 -1.61679 24.6697
      vertex 35.4 -1.61679 24.6697
    endloop
  endfacet
  facet normal 0 0.946948 -0.321386
    outer loop
      vertex 19.894 -1.61679 24.6697
      vertex 35.4 -1.69037 24.4529
      vertex 19.8892 -1.69037 24.4529
    endloop
  endfacet
  facet normal 0 -0.442483 0.896777
    outer loop
      vertex 24.4 0.875 22.4845
      vertex 35.4 0.669696 22.3832
      vertex 35.4 0.875 22.4845
    endloop
  endfacet
  facet normal 0 -0.442483 0.896777
    outer loop
      vertex 35.4 0.669696 22.3832
      vertex 24.4 0.875 22.4845
      vertex 24.4 0.669696 22.3832
    endloop
  endfacet
  facet normal 0 -0.555345 0.83162
    outer loop
      vertex 24.4 1.06533 22.6116
      vertex 35.4 0.875 22.4845
      vertex 35.4 1.06533 22.6116
    endloop
  endfacet
  facet normal 0 -0.555345 0.83162
    outer loop
      vertex 35.4 0.875 22.4845
      vertex 24.4 1.06533 22.6116
      vertex 24.4 0.875 22.4845
    endloop
  endfacet
  facet normal -0 -0.997859 -0.0654026
    outer loop
      vertex 24.4 1.75 24
      vertex 19.8863 1.73503 24.2284
      vertex 19.8853 1.75 24
    endloop
  endfacet
  facet normal 0 -0.997859 -0.0654026
    outer loop
      vertex 19.8863 1.73503 24.2284
      vertex 24.4 1.75 24
      vertex 35.4 1.73503 24.2284
    endloop
  endfacet
  facet normal 0 -0.997859 -0.0654026
    outer loop
      vertex 35.4 1.73503 24.2284
      vertex 24.4 1.75 24
      vertex 35.4 1.75 24
    endloop
  endfacet
  facet normal 0 0.997859 0.0654026
    outer loop
      vertex 35.4 -1.73503 23.7716
      vertex 24.4 -1.75 24
      vertex 35.4 -1.75 24
    endloop
  endfacet
  facet normal 0 0.997859 0.0654026
    outer loop
      vertex 24.4 -1.75 24
      vertex 35.4 -1.73503 23.7716
      vertex 24.4 -1.73503 23.7716
    endloop
  endfacet
  facet normal 0 -0.89686 0.442314
    outer loop
      vertex 24.4 1.51554 23.125
      vertex 35.4 1.61679 23.3303
      vertex 24.4 1.61679 23.3303
    endloop
  endfacet
  facet normal 0 -0.89686 0.442314
    outer loop
      vertex 35.4 1.61679 23.3303
      vertex 24.4 1.51554 23.125
      vertex 35.4 1.51554 23.125
    endloop
  endfacet
  facet normal -0 -0.89686 -0.442314
    outer loop
      vertex 35.4 1.61679 24.6697
      vertex 19.9007 1.51554 24.875
      vertex 19.894 1.61679 24.6697
    endloop
  endfacet
  facet normal 0 -0.89686 -0.442314
    outer loop
      vertex 19.9007 1.51554 24.875
      vertex 35.4 1.61679 24.6697
      vertex 35.4 1.51554 24.875
    endloop
  endfacet
  facet normal -0 -0.751835 -0.659352
    outer loop
      vertex 35.4 1.38837 25.0653
      vertex 19.9189 1.23744 25.2374
      vertex 19.909 1.38837 25.0653
    endloop
  endfacet
  facet normal 0 -0.751835 -0.659352
    outer loop
      vertex 19.9189 1.23744 25.2374
      vertex 35.4 1.38837 25.0653
      vertex 35.4 1.23744 25.2374
    endloop
  endfacet
  facet normal 0 -0.659503 0.751702
    outer loop
      vertex 24.4 1.23744 22.7626
      vertex 35.4 1.06533 22.6116
      vertex 35.4 1.23744 22.7626
    endloop
  endfacet
  facet normal 0 -0.659503 0.751702
    outer loop
      vertex 35.4 1.06533 22.6116
      vertex 24.4 1.23744 22.7626
      vertex 24.4 1.06533 22.6116
    endloop
  endfacet
  facet normal 0 -0.194845 -0.980834
    outer loop
      vertex 19.985 0.22842 25.735
      vertex 35.4 0.452933 25.6904
      vertex 35.4 0.22842 25.735
    endloop
  endfacet
  facet normal -0 -0.194845 -0.980834
    outer loop
      vertex 35.4 0.452933 25.6904
      vertex 19.985 0.22842 25.735
      vertex 19.9703 0.452933 25.6904
    endloop
  endfacet
  facet normal -0 0.321513 0.946905
    outer loop
      vertex 24.4 -0.452933 22.3096
      vertex 35.4 -0.669696 22.3832
      vertex 35.4 -0.452933 22.3096
    endloop
  endfacet
  facet normal 0 0.321513 0.946905
    outer loop
      vertex 35.4 -0.669696 22.3832
      vertex 24.4 -0.452933 22.3096
      vertex 24.4 -0.669696 22.3832
    endloop
  endfacet
  facet normal 0 0.194845 -0.980834
    outer loop
      vertex 35.4 -0.452933 25.6904
      vertex 19.985 -0.22842 25.735
      vertex 35.4 -0.22842 25.735
    endloop
  endfacet
  facet normal 0 0.194845 -0.980834
    outer loop
      vertex 19.985 -0.22842 25.735
      vertex 35.4 -0.452933 25.6904
      vertex 19.9703 -0.452933 25.6904
    endloop
  endfacet
  facet normal 0 -0.0655274 -0.997851
    outer loop
      vertex 20 0 25.75
      vertex 35.4 0.22842 25.735
      vertex 35.4 0 25.75
    endloop
  endfacet
  facet normal -0 -0.0655274 -0.997851
    outer loop
      vertex 35.4 0.22842 25.735
      vertex 20 0 25.75
      vertex 19.985 0.22842 25.735
    endloop
  endfacet
  facet normal -0 0.0655274 0.997851
    outer loop
      vertex 24.4 0 22.25
      vertex 35.4 -0.22842 22.265
      vertex 35.4 0 22.25
    endloop
  endfacet
  facet normal 0 0.0655274 0.997851
    outer loop
      vertex 35.4 -0.22842 22.265
      vertex 24.4 0 22.25
      vertex 24.4 -0.22842 22.265
    endloop
  endfacet
  facet normal -0 0.555345 0.83162
    outer loop
      vertex 24.4 -0.875 22.4845
      vertex 35.4 -1.06533 22.6116
      vertex 35.4 -0.875 22.4845
    endloop
  endfacet
  facet normal 0 0.555345 0.83162
    outer loop
      vertex 35.4 -1.06533 22.6116
      vertex 24.4 -0.875 22.4845
      vertex 24.4 -1.06533 22.6116
    endloop
  endfacet
  facet normal 0 0.980782 0.195108
    outer loop
      vertex 35.4 -1.69037 23.5471
      vertex 24.4 -1.73503 23.7716
      vertex 35.4 -1.73503 23.7716
    endloop
  endfacet
  facet normal 0 0.980782 0.195108
    outer loop
      vertex 24.4 -1.73503 23.7716
      vertex 35.4 -1.69037 23.5471
      vertex 24.4 -1.69037 23.5471
    endloop
  endfacet
  facet normal 0 -0.831438 0.555617
    outer loop
      vertex 24.4 1.38837 22.9347
      vertex 35.4 1.51554 23.125
      vertex 24.4 1.51554 23.125
    endloop
  endfacet
  facet normal 0 -0.831438 0.555617
    outer loop
      vertex 35.4 1.51554 23.125
      vertex 24.4 1.38837 22.9347
      vertex 35.4 1.38837 22.9347
    endloop
  endfacet
  facet normal -0 -0.946948 -0.321386
    outer loop
      vertex 35.4 1.69037 24.4529
      vertex 19.894 1.61679 24.6697
      vertex 19.8892 1.69037 24.4529
    endloop
  endfacet
  facet normal 0 -0.946948 -0.321386
    outer loop
      vertex 19.894 1.61679 24.6697
      vertex 35.4 1.69037 24.4529
      vertex 35.4 1.61679 24.6697
    endloop
  endfacet
  facet normal 0 -0.659503 -0.751702
    outer loop
      vertex 19.9302 1.06533 25.3884
      vertex 35.4 1.23744 25.2374
      vertex 35.4 1.06533 25.3884
    endloop
  endfacet
  facet normal -0 -0.659503 -0.751702
    outer loop
      vertex 35.4 1.23744 25.2374
      vertex 19.9302 1.06533 25.3884
      vertex 19.9189 1.23744 25.2374
    endloop
  endfacet
  facet normal 0 -0.751835 0.659352
    outer loop
      vertex 24.4 1.23744 22.7626
      vertex 35.4 1.38837 22.9347
      vertex 24.4 1.38837 22.9347
    endloop
  endfacet
  facet normal 0 -0.751835 0.659352
    outer loop
      vertex 35.4 1.38837 22.9347
      vertex 24.4 1.23744 22.7626
      vertex 35.4 1.23744 22.7626
    endloop
  endfacet
  facet normal -0 -0.831438 -0.555617
    outer loop
      vertex 35.4 1.51554 24.875
      vertex 19.909 1.38837 25.0653
      vertex 19.9007 1.51554 24.875
    endloop
  endfacet
  facet normal 0 -0.831438 -0.555617
    outer loop
      vertex 19.909 1.38837 25.0653
      vertex 35.4 1.51554 24.875
      vertex 35.4 1.38837 25.0653
    endloop
  endfacet
  facet normal 0 0.442483 -0.896777
    outer loop
      vertex 35.4 -0.875 25.5155
      vertex 19.9561 -0.669696 25.6168
      vertex 35.4 -0.669696 25.6168
    endloop
  endfacet
  facet normal 0 0.442483 -0.896777
    outer loop
      vertex 19.9561 -0.669696 25.6168
      vertex 35.4 -0.875 25.5155
      vertex 19.9426 -0.875 25.5155
    endloop
  endfacet
  facet normal 0 0.0655274 -0.997851
    outer loop
      vertex 35.4 -0.22842 25.735
      vertex 20 0 25.75
      vertex 35.4 0 25.75
    endloop
  endfacet
  facet normal 0 0.0655274 -0.997851
    outer loop
      vertex 20 0 25.75
      vertex 35.4 -0.22842 25.735
      vertex 19.985 -0.22842 25.735
    endloop
  endfacet
  facet normal -0 0.194845 0.980834
    outer loop
      vertex 24.4 -0.22842 22.265
      vertex 35.4 -0.452933 22.3096
      vertex 35.4 -0.22842 22.265
    endloop
  endfacet
  facet normal 0 0.194845 0.980834
    outer loop
      vertex 35.4 -0.452933 22.3096
      vertex 24.4 -0.22842 22.265
      vertex 24.4 -0.452933 22.3096
    endloop
  endfacet
  facet normal 0 -0.442483 -0.896777
    outer loop
      vertex 19.9561 0.669696 25.6168
      vertex 35.4 0.875 25.5155
      vertex 35.4 0.669696 25.6168
    endloop
  endfacet
  facet normal -0 -0.442483 -0.896777
    outer loop
      vertex 35.4 0.875 25.5155
      vertex 19.9561 0.669696 25.6168
      vertex 19.9426 0.875 25.5155
    endloop
  endfacet
  facet normal 0 0.831438 -0.555617
    outer loop
      vertex 35.4 -1.51554 24.875
      vertex 19.909 -1.38837 25.0653
      vertex 35.4 -1.38837 25.0653
    endloop
  endfacet
  facet normal 0 0.831438 -0.555617
    outer loop
      vertex 19.909 -1.38837 25.0653
      vertex 35.4 -1.51554 24.875
      vertex 19.9007 -1.51554 24.875
    endloop
  endfacet
  facet normal -0 -0.980782 -0.195108
    outer loop
      vertex 35.4 1.73503 24.2284
      vertex 19.8892 1.69037 24.4529
      vertex 19.8863 1.73503 24.2284
    endloop
  endfacet
  facet normal 0 -0.980782 -0.195108
    outer loop
      vertex 19.8892 1.69037 24.4529
      vertex 35.4 1.73503 24.2284
      vertex 35.4 1.69037 24.4529
    endloop
  endfacet
  facet normal 0 0.321513 -0.946905
    outer loop
      vertex 35.4 -0.669696 25.6168
      vertex 19.9703 -0.452933 25.6904
      vertex 35.4 -0.452933 25.6904
    endloop
  endfacet
  facet normal 0 0.321513 -0.946905
    outer loop
      vertex 19.9703 -0.452933 25.6904
      vertex 35.4 -0.669696 25.6168
      vertex 19.9561 -0.669696 25.6168
    endloop
  endfacet
  facet normal -0 0.659503 0.751702
    outer loop
      vertex 24.4 -1.06533 22.6116
      vertex 35.4 -1.23744 22.7626
      vertex 35.4 -1.06533 22.6116
    endloop
  endfacet
  facet normal 0 0.659503 0.751702
    outer loop
      vertex 35.4 -1.23744 22.7626
      vertex 24.4 -1.06533 22.6116
      vertex 24.4 -1.23744 22.7626
    endloop
  endfacet
  facet normal 0 -0.997859 0.0654026
    outer loop
      vertex 24.4 1.73503 23.7716
      vertex 35.4 1.75 24
      vertex 24.4 1.75 24
    endloop
  endfacet
  facet normal 0 -0.997859 0.0654026
    outer loop
      vertex 35.4 1.75 24
      vertex 24.4 1.73503 23.7716
      vertex 35.4 1.73503 23.7716
    endloop
  endfacet
  facet normal 0 -0.321513 -0.946905
    outer loop
      vertex 19.9703 0.452933 25.6904
      vertex 35.4 0.669696 25.6168
      vertex 35.4 0.452933 25.6904
    endloop
  endfacet
  facet normal -0 -0.321513 -0.946905
    outer loop
      vertex 35.4 0.669696 25.6168
      vertex 19.9703 0.452933 25.6904
      vertex 19.9561 0.669696 25.6168
    endloop
  endfacet
  facet normal 0 0.946948 0.321386
    outer loop
      vertex 35.4 -1.61679 23.3303
      vertex 24.4 -1.69037 23.5471
      vertex 35.4 -1.69037 23.5471
    endloop
  endfacet
  facet normal 0 0.946948 0.321386
    outer loop
      vertex 24.4 -1.69037 23.5471
      vertex 35.4 -1.61679 23.3303
      vertex 24.4 -1.61679 23.3303
    endloop
  endfacet
  facet normal 0 0.751835 0.659352
    outer loop
      vertex 35.4 -1.23744 22.7626
      vertex 24.4 -1.38837 22.9347
      vertex 35.4 -1.38837 22.9347
    endloop
  endfacet
  facet normal 0 0.751835 0.659352
    outer loop
      vertex 24.4 -1.38837 22.9347
      vertex 35.4 -1.23744 22.7626
      vertex 24.4 -1.23744 22.7626
    endloop
  endfacet
  facet normal 0 0.997859 -0.0654026
    outer loop
      vertex 24.4 -1.75 24
      vertex 35.4 -1.73503 24.2284
      vertex 35.4 -1.75 24
    endloop
  endfacet
  facet normal 0 0.997859 -0.0654026
    outer loop
      vertex 35.4 -1.73503 24.2284
      vertex 24.4 -1.75 24
      vertex 19.8863 -1.73503 24.2284
    endloop
  endfacet
  facet normal 0 0.997859 -0.0654026
    outer loop
      vertex 19.8863 -1.73503 24.2284
      vertex 24.4 -1.75 24
      vertex 19.8853 -1.75 24
    endloop
  endfacet
  facet normal 0 0.751835 -0.659352
    outer loop
      vertex 35.4 -1.38837 25.0653
      vertex 19.9189 -1.23744 25.2374
      vertex 35.4 -1.23744 25.2374
    endloop
  endfacet
  facet normal 0 0.751835 -0.659352
    outer loop
      vertex 19.9189 -1.23744 25.2374
      vertex 35.4 -1.38837 25.0653
      vertex 19.909 -1.38837 25.0653
    endloop
  endfacet
  facet normal 0 0.980782 -0.195108
    outer loop
      vertex 35.4 -1.73503 24.2284
      vertex 19.8892 -1.69037 24.4529
      vertex 35.4 -1.69037 24.4529
    endloop
  endfacet
  facet normal 0 0.980782 -0.195108
    outer loop
      vertex 19.8892 -1.69037 24.4529
      vertex 35.4 -1.73503 24.2284
      vertex 19.8863 -1.73503 24.2284
    endloop
  endfacet
  facet normal 0 0.831438 0.555617
    outer loop
      vertex 35.4 -1.38837 22.9347
      vertex 24.4 -1.51554 23.125
      vertex 35.4 -1.51554 23.125
    endloop
  endfacet
  facet normal 0 0.831438 0.555617
    outer loop
      vertex 24.4 -1.51554 23.125
      vertex 35.4 -1.38837 22.9347
      vertex 24.4 -1.38837 22.9347
    endloop
  endfacet
  facet normal 0 0.555345 -0.83162
    outer loop
      vertex 35.4 -1.06533 25.3884
      vertex 19.9426 -0.875 25.5155
      vertex 35.4 -0.875 25.5155
    endloop
  endfacet
  facet normal 0 0.555345 -0.83162
    outer loop
      vertex 19.9426 -0.875 25.5155
      vertex 35.4 -1.06533 25.3884
      vertex 19.9302 -1.06533 25.3884
    endloop
  endfacet
  facet normal 0 0.659503 -0.751702
    outer loop
      vertex 35.4 -1.23744 25.2374
      vertex 19.9302 -1.06533 25.3884
      vertex 35.4 -1.06533 25.3884
    endloop
  endfacet
  facet normal 0 0.659503 -0.751702
    outer loop
      vertex 19.9302 -1.06533 25.3884
      vertex 35.4 -1.23744 25.2374
      vertex 19.9189 -1.23744 25.2374
    endloop
  endfacet
  facet normal 0 -0.980782 0.195108
    outer loop
      vertex 24.4 1.69037 23.5471
      vertex 35.4 1.73503 23.7716
      vertex 24.4 1.73503 23.7716
    endloop
  endfacet
  facet normal 0 -0.980782 0.195108
    outer loop
      vertex 35.4 1.73503 23.7716
      vertex 24.4 1.69037 23.5471
      vertex 35.4 1.69037 23.5471
    endloop
  endfacet
  facet normal 0 0.89686 0.442314
    outer loop
      vertex 35.4 -1.51554 23.125
      vertex 24.4 -1.61679 23.3303
      vertex 35.4 -1.61679 23.3303
    endloop
  endfacet
  facet normal 0 0.89686 0.442314
    outer loop
      vertex 24.4 -1.61679 23.3303
      vertex 35.4 -1.51554 23.125
      vertex 24.4 -1.51554 23.125
    endloop
  endfacet
  facet normal -0 0.442483 0.896777
    outer loop
      vertex 24.4 -0.669696 22.3832
      vertex 35.4 -0.875 22.4845
      vertex 35.4 -0.669696 22.3832
    endloop
  endfacet
  facet normal 0 0.442483 0.896777
    outer loop
      vertex 35.4 -0.875 22.4845
      vertex 24.4 -0.669696 22.3832
      vertex 24.4 -0.875 22.4845
    endloop
  endfacet
  facet normal 0 0.89686 -0.442314
    outer loop
      vertex 35.4 -1.61679 24.6697
      vertex 19.9007 -1.51554 24.875
      vertex 35.4 -1.51554 24.875
    endloop
  endfacet
  facet normal 0 0.89686 -0.442314
    outer loop
      vertex 19.9007 -1.51554 24.875
      vertex 35.4 -1.61679 24.6697
      vertex 19.894 -1.61679 24.6697
    endloop
  endfacet
  facet normal 0 -0.946948 0.321386
    outer loop
      vertex 24.4 1.61679 23.3303
      vertex 35.4 1.69037 23.5471
      vertex 24.4 1.69037 23.5471
    endloop
  endfacet
  facet normal 0 -0.946948 0.321386
    outer loop
      vertex 35.4 1.69037 23.5471
      vertex 24.4 1.61679 23.3303
      vertex 35.4 1.61679 23.3303
    endloop
  endfacet
  facet normal 0 -0.555345 -0.83162
    outer loop
      vertex 19.9426 0.875 25.5155
      vertex 35.4 1.06533 25.3884
      vertex 35.4 0.875 25.5155
    endloop
  endfacet
  facet normal -0 -0.555345 -0.83162
    outer loop
      vertex 35.4 1.06533 25.3884
      vertex 19.9426 0.875 25.5155
      vertex 19.9302 1.06533 25.3884
    endloop
  endfacet
  facet normal 0.0653911 -0.99786 0
    outer loop
      vertex 0 -22.4 0
      vertex 2.92379 -22.2084 32.4
      vertex 0 -22.4 32.4
    endloop
  endfacet
  facet normal 0.0653911 -0.99786 0
    outer loop
      vertex 2.92379 -22.2084 32.4
      vertex 0 -22.4 0
      vertex 2.92379 -22.2084 0
    endloop
  endfacet
  facet normal 0.980772 0.195159 -1.98965e-05
    outer loop
      vertex 22.1983 2.97433 23.6084
      vertex 21.6367 5.79755 32.4
      vertex 22.1932 3 24
    endloop
  endfacet
  facet normal 0.980791 0.195063 1.33525e-05
    outer loop
      vertex 21.6367 5.79755 32.4
      vertex 22.1983 2.97433 24.3916
      vertex 22.1932 3 24
    endloop
  endfacet
  facet normal 0.98078 0.195114 -0
    outer loop
      vertex 22.2084 2.92379 24.6457
      vertex 21.6367 5.79755 32.4
      vertex 22.2084 2.92379 32.4
    endloop
  endfacet
  facet normal 0.980721 0.195412 -0.000114718
    outer loop
      vertex 21.6367 5.79755 32.4
      vertex 22.2084 2.92379 24.6457
      vertex 22.1983 2.97433 24.3916
    endloop
  endfacet
  facet normal 0.980784 0.195099 0
    outer loop
      vertex 21.6367 5.79755 32.4
      vertex 22.1983 2.97433 23.6084
      vertex 21.6367 5.79755 0
    endloop
  endfacet
  facet normal 0.980676 0.195641 6.73741e-05
    outer loop
      vertex 22.2084 2.92379 23.3543
      vertex 21.6367 5.79755 0
      vertex 22.1983 2.97433 23.6084
    endloop
  endfacet
  facet normal 0.98078 0.195114 0
    outer loop
      vertex 21.6367 5.79755 0
      vertex 22.2084 2.92379 23.3543
      vertex 22.2084 2.92379 0
    endloop
  endfacet
  facet normal 0.997871 0.0652203 0
    outer loop
      vertex 22.2101 2.89778 23.2235
      vertex 22.2084 2.92379 0
      vertex 22.2084 2.92379 23.3543
    endloop
  endfacet
  facet normal 0.997894 0.0648714 -3.92493e-07
    outer loop
      vertex 22.2183 2.77164 22.852
      vertex 22.2084 2.92379 0
      vertex 22.2101 2.89778 23.2235
    endloop
  endfacet
  facet normal 0.99785 0.065534 4.03782e-06
    outer loop
      vertex 22.2297 2.59808 22.5
      vertex 22.2084 2.92379 0
      vertex 22.2183 2.77164 22.852
    endloop
  endfacet
  facet normal 0.997856 0.0654456 2.75301e-06
    outer loop
      vertex 22.244 2.38006 22.1737
      vertex 22.2084 2.92379 0
      vertex 22.2297 2.59808 22.5
    endloop
  endfacet
  facet normal 0.997849 0.0655555 5.45925e-06
    outer loop
      vertex 22.261 2.12132 21.8787
      vertex 22.2084 2.92379 0
      vertex 22.244 2.38006 22.1737
    endloop
  endfacet
  facet normal 0.997867 0.0652795 -4.70764e-06
    outer loop
      vertex 22.2803 1.82628 21.6199
      vertex 22.2084 2.92379 0
      vertex 22.261 2.12132 21.8787
    endloop
  endfacet
  facet normal 0.997856 0.0654447 3.71894e-06
    outer loop
      vertex 22.3017 1.5 21.4019
      vertex 22.2084 2.92379 0
      vertex 22.2803 1.82628 21.6199
    endloop
  endfacet
  facet normal 0.997853 0.0654901 6.7487e-06
    outer loop
      vertex 22.3248 1.14805 21.2284
      vertex 22.2084 2.92379 0
      vertex 22.3017 1.5 21.4019
    endloop
  endfacet
  facet normal 0.997868 0.065259 -1.26625e-05
    outer loop
      vertex 22.3491 0.776457 21.1022
      vertex 22.2084 2.92379 0
      vertex 22.3248 1.14805 21.2284
    endloop
  endfacet
  facet normal 0.997863 0.0653362 -4.77898e-06
    outer loop
      vertex 22.3743 0.391578 21.0257
      vertex 22.2084 2.92379 0
      vertex 22.3491 0.776457 21.1022
    endloop
  endfacet
  facet normal 0.997853 0.065491 -0
    outer loop
      vertex 22.4 0 0
      vertex 22.3743 0.391578 21.0257
      vertex 22.4 0 21
    endloop
  endfacet
  facet normal 0.99786 0.0653911 1.86763e-06
    outer loop
      vertex 22.3743 0.391578 21.0257
      vertex 22.4 0 0
      vertex 22.2084 2.92379 0
    endloop
  endfacet
  facet normal 0.997871 0.0652203 0
    outer loop
      vertex 22.2084 2.92379 32.4
      vertex 22.2101 2.89778 24.7765
      vertex 22.2084 2.92379 24.6457
    endloop
  endfacet
  facet normal 0.997893 0.0648737 1.18766e-06
    outer loop
      vertex 22.2084 2.92379 32.4
      vertex 22.2183 2.77164 25.148
      vertex 22.2101 2.89778 24.7765
    endloop
  endfacet
  facet normal 0.997851 0.0655171 -1.23692e-05
    outer loop
      vertex 22.2084 2.92379 32.4
      vertex 22.2297 2.59808 25.5
      vertex 22.2183 2.77164 25.148
    endloop
  endfacet
  facet normal 0.997857 0.0654369 -8.56651e-06
    outer loop
      vertex 22.2084 2.92379 32.4
      vertex 22.244 2.38006 25.8263
      vertex 22.2297 2.59808 25.5
    endloop
  endfacet
  facet normal 0.99785 0.065542 -1.72981e-05
    outer loop
      vertex 22.2084 2.92379 32.4
      vertex 22.261 2.12132 26.1213
      vertex 22.244 2.38006 25.8263
    endloop
  endfacet
  facet normal 0.997866 0.0652886 1.52251e-05
    outer loop
      vertex 22.2084 2.92379 32.4
      vertex 22.2803 1.82628 26.3801
      vertex 22.261 2.12132 26.1213
    endloop
  endfacet
  facet normal 0.997857 0.065439 -1.23098e-05
    outer loop
      vertex 22.2084 2.92379 32.4
      vertex 22.3017 1.5 26.5981
      vertex 22.2803 1.82628 26.3801
    endloop
  endfacet
  facet normal 0.997854 0.0654821 -2.29362e-05
    outer loop
      vertex 22.2084 2.92379 32.4
      vertex 22.3248 1.14805 26.7716
      vertex 22.3017 1.5 26.5981
    endloop
  endfacet
  facet normal 0.997868 0.0652698 4.43621e-05
    outer loop
      vertex 22.2084 2.92379 32.4
      vertex 22.3491 0.776457 26.8978
      vertex 22.3248 1.14805 26.7716
    endloop
  endfacet
  facet normal 0.99786 0.0653911 -3.20993e-06
    outer loop
      vertex 22.4 0 32.4
      vertex 22.3491 0.776457 26.8978
      vertex 22.2084 2.92379 32.4
    endloop
  endfacet
  facet normal 0.997864 0.065333 -1.14533e-05
    outer loop
      vertex 22.3491 0.776457 26.8978
      vertex 22.4 0 32.4
      vertex 22.3743 0.391578 26.9743
    endloop
  endfacet
  facet normal 0.997853 0.065491 0
    outer loop
      vertex 22.3743 0.391578 26.9743
      vertex 22.4 0 32.4
      vertex 22.4 0 27
    endloop
  endfacet
  facet normal 0.946934 0.321428 0
    outer loop
      vertex 21.6367 5.79755 32.4
      vertex 20.6949 8.57211 0
      vertex 20.6949 8.57211 32.4
    endloop
  endfacet
  facet normal 0.946934 0.321428 0
    outer loop
      vertex 20.6949 8.57211 0
      vertex 21.6367 5.79755 32.4
      vertex 21.6367 5.79755 0
    endloop
  endfacet
  facet normal 0.831467 -0.555574 0
    outer loop
      vertex 17.7711 -13.6363 32.4
      vertex 19.399 -11.2 0
      vertex 19.399 -11.2 32.4
    endloop
  endfacet
  facet normal 0.831467 -0.555574 0
    outer loop
      vertex 19.399 -11.2 0
      vertex 17.7711 -13.6363 32.4
      vertex 17.7711 -13.6363 0
    endloop
  endfacet
  facet normal -0.44228 -0.896877 0
    outer loop
      vertex -11.2 -19.399 0
      vertex -8.57211 -20.6949 32.4
      vertex -11.2 -19.399 32.4
    endloop
  endfacet
  facet normal -0.44228 -0.896877 -0
    outer loop
      vertex -8.57211 -20.6949 32.4
      vertex -11.2 -19.399 0
      vertex -8.57211 -20.6949 0
    endloop
  endfacet
  facet normal 0.896877 0.44228 0
    outer loop
      vertex 20.6949 8.57211 32.4
      vertex 19.399 11.2 0
      vertex 19.399 11.2 32.4
    endloop
  endfacet
  facet normal 0.896877 0.44228 0
    outer loop
      vertex 19.399 11.2 0
      vertex 20.6949 8.57211 32.4
      vertex 20.6949 8.57211 0
    endloop
  endfacet
  facet normal 0.321428 0.946934 -0
    outer loop
      vertex 8.57211 20.6949 0
      vertex 5.79755 21.6367 32.4
      vertex 8.57211 20.6949 32.4
    endloop
  endfacet
  facet normal 0.321428 0.946934 0
    outer loop
      vertex 5.79755 21.6367 32.4
      vertex 8.57211 20.6949 0
      vertex 5.79755 21.6367 0
    endloop
  endfacet
  facet normal 0.659347 0.751838 -0
    outer loop
      vertex 15.8392 15.8392 0
      vertex 13.6363 17.7711 32.4
      vertex 15.8392 15.8392 32.4
    endloop
  endfacet
  facet normal 0.659347 0.751838 0
    outer loop
      vertex 13.6363 17.7711 32.4
      vertex 15.8392 15.8392 0
      vertex 13.6363 17.7711 0
    endloop
  endfacet
  facet normal 0.896877 -0.44228 0
    outer loop
      vertex 19.399 -11.2 32.4
      vertex 20.6949 -8.57211 0
      vertex 20.6949 -8.57211 32.4
    endloop
  endfacet
  facet normal 0.896877 -0.44228 0
    outer loop
      vertex 20.6949 -8.57211 0
      vertex 19.399 -11.2 32.4
      vertex 19.399 -11.2 0
    endloop
  endfacet
  facet normal 0.44228 -0.896877 0
    outer loop
      vertex 8.57211 -20.6949 0
      vertex 11.2 -19.399 32.4
      vertex 8.57211 -20.6949 32.4
    endloop
  endfacet
  facet normal 0.44228 -0.896877 0
    outer loop
      vertex 11.2 -19.399 32.4
      vertex 8.57211 -20.6949 0
      vertex 11.2 -19.399 0
    endloop
  endfacet
  facet normal -0.659347 0.751838 0
    outer loop
      vertex -13.6363 17.7711 0
      vertex -15.8392 15.8392 32.4
      vertex -13.6363 17.7711 32.4
    endloop
  endfacet
  facet normal -0.659347 0.751838 0
    outer loop
      vertex -15.8392 15.8392 32.4
      vertex -13.6363 17.7711 0
      vertex -15.8392 15.8392 0
    endloop
  endfacet
  facet normal -0.98078 0.195114 0
    outer loop
      vertex -22.2084 2.92379 0
      vertex -21.6367 5.79755 32.4
      vertex -21.6367 5.79755 0
    endloop
  endfacet
  facet normal -0.98078 0.195114 0
    outer loop
      vertex -21.6367 5.79755 32.4
      vertex -22.2084 2.92379 0
      vertex -22.2084 2.92379 32.4
    endloop
  endfacet
  facet normal -0.555574 -0.831467 0
    outer loop
      vertex -13.6363 -17.7711 0
      vertex -11.2 -19.399 32.4
      vertex -13.6363 -17.7711 32.4
    endloop
  endfacet
  facet normal -0.555574 -0.831467 -0
    outer loop
      vertex -11.2 -19.399 32.4
      vertex -13.6363 -17.7711 0
      vertex -11.2 -19.399 0
    endloop
  endfacet
  facet normal 0 0 -1
    outer loop
      vertex 22.2084 -2.92379 0
      vertex 22.2084 2.92379 0
      vertex 22.4 0 0
    endloop
  endfacet
  facet normal 0 0 -1
    outer loop
      vertex 21.6367 -5.79755 0
      vertex 22.2084 2.92379 0
      vertex 22.2084 -2.92379 0
    endloop
  endfacet
  facet normal 0 0 -1
    outer loop
      vertex 21.6367 -5.79755 0
      vertex 21.6367 5.79755 0
      vertex 22.2084 2.92379 0
    endloop
  endfacet
  facet normal 0 0 -1
    outer loop
      vertex 20.6949 -8.57211 0
      vertex 21.6367 5.79755 0
      vertex 21.6367 -5.79755 0
    endloop
  endfacet
  facet normal 0 0 -1
    outer loop
      vertex 20.6949 -8.57211 0
      vertex 20.6949 8.57211 0
      vertex 21.6367 5.79755 0
    endloop
  endfacet
  facet normal 0 0 -1
    outer loop
      vertex 19.399 -11.2 0
      vertex 20.6949 8.57211 0
      vertex 20.6949 -8.57211 0
    endloop
  endfacet
  facet normal 0 0 -1
    outer loop
      vertex 19.399 -11.2 0
      vertex 19.399 11.2 0
      vertex 20.6949 8.57211 0
    endloop
  endfacet
  facet normal 0 0 -1
    outer loop
      vertex 17.7711 -13.6363 0
      vertex 19.399 11.2 0
      vertex 19.399 -11.2 0
    endloop
  endfacet
  facet normal 0 0 -1
    outer loop
      vertex 17.7711 -13.6363 0
      vertex 17.7711 13.6363 0
      vertex 19.399 11.2 0
    endloop
  endfacet
  facet normal 0 0 -1
    outer loop
      vertex 15.8392 -15.8392 0
      vertex 17.7711 13.6363 0
      vertex 17.7711 -13.6363 0
    endloop
  endfacet
  facet normal 0 0 -1
    outer loop
      vertex 15.8392 -15.8392 0
      vertex 15.8392 15.8392 0
      vertex 17.7711 13.6363 0
    endloop
  endfacet
  facet normal 0 0 -1
    outer loop
      vertex 13.6363 -17.7711 0
      vertex 15.8392 15.8392 0
      vertex 15.8392 -15.8392 0
    endloop
  endfacet
  facet normal 0 0 -1
    outer loop
      vertex 13.6363 -17.7711 0
      vertex 13.6363 17.7711 0
      vertex 15.8392 15.8392 0
    endloop
  endfacet
  facet normal 0 0 -1
    outer loop
      vertex 11.2 -19.399 0
      vertex 13.6363 17.7711 0
      vertex 13.6363 -17.7711 0
    endloop
  endfacet
  facet normal 0 0 -1
    outer loop
      vertex 11.2 -19.399 0
      vertex 11.2 19.399 0
      vertex 13.6363 17.7711 0
    endloop
  endfacet
  facet normal 0 0 -1
    outer loop
      vertex 8.57211 -20.6949 0
      vertex 11.2 19.399 0
      vertex 11.2 -19.399 0
    endloop
  endfacet
  facet normal 0 0 -1
    outer loop
      vertex 8.57211 -20.6949 0
      vertex 8.57211 20.6949 0
      vertex 11.2 19.399 0
    endloop
  endfacet
  facet normal 0 0 -1
    outer loop
      vertex 5.79755 -21.6367 0
      vertex 8.57211 20.6949 0
      vertex 8.57211 -20.6949 0
    endloop
  endfacet
  facet normal 0 0 -1
    outer loop
      vertex 5.79755 -21.6367 0
      vertex 5.79755 21.6367 0
      vertex 8.57211 20.6949 0
    endloop
  endfacet
  facet normal 0 0 -1
    outer loop
      vertex 2.92379 -22.2084 0
      vertex 5.79755 21.6367 0
      vertex 5.79755 -21.6367 0
    endloop
  endfacet
  facet normal 0 0 -1
    outer loop
      vertex 2.92379 -22.2084 0
      vertex 2.92379 22.2084 0
      vertex 5.79755 21.6367 0
    endloop
  endfacet
  facet normal 0 0 -1
    outer loop
      vertex 0 -22.4 0
      vertex 2.92379 22.2084 0
      vertex 2.92379 -22.2084 0
    endloop
  endfacet
  facet normal 0 0 -1
    outer loop
      vertex 0 -22.4 0
      vertex 0 22.4 0
      vertex 2.92379 22.2084 0
    endloop
  endfacet
  facet normal 0 0 -1
    outer loop
      vertex -2.92379 -22.2084 0
      vertex 0 22.4 0
      vertex 0 -22.4 0
    endloop
  endfacet
  facet normal 0 0 -1
    outer loop
      vertex -2.92379 -22.2084 0
      vertex -2.92379 22.2084 0
      vertex 0 22.4 0
    endloop
  endfacet
  facet normal 0 0 -1
    outer loop
      vertex -5.79755 -21.6367 0
      vertex -2.92379 22.2084 0
      vertex -2.92379 -22.2084 0
    endloop
  endfacet
  facet normal 0 0 -1
    outer loop
      vertex -5.79755 -21.6367 0
      vertex -5.79755 21.6367 0
      vertex -2.92379 22.2084 0
    endloop
  endfacet
  facet normal 0 0 -1
    outer loop
      vertex -8.57211 -20.6949 0
      vertex -5.79755 21.6367 0
      vertex -5.79755 -21.6367 0
    endloop
  endfacet
  facet normal 0 0 -1
    outer loop
      vertex -8.57211 -20.6949 0
      vertex -8.57211 20.6949 0
      vertex -5.79755 21.6367 0
    endloop
  endfacet
  facet normal 0 0 -1
    outer loop
      vertex -11.2 -19.399 0
      vertex -8.57211 20.6949 0
      vertex -8.57211 -20.6949 0
    endloop
  endfacet
  facet normal 0 0 -1
    outer loop
      vertex -11.2 -19.399 0
      vertex -11.2 19.399 0
      vertex -8.57211 20.6949 0
    endloop
  endfacet
  facet normal 0 0 -1
    outer loop
      vertex -13.6363 -17.7711 0
      vertex -11.2 19.399 0
      vertex -11.2 -19.399 0
    endloop
  endfacet
  facet normal 0 0 -1
    outer loop
      vertex -13.6363 -17.7711 0
      vertex -13.6363 17.7711 0
      vertex -11.2 19.399 0
    endloop
  endfacet
  facet normal 0 0 -1
    outer loop
      vertex -15.8392 -15.8392 0
      vertex -13.6363 17.7711 0
      vertex -13.6363 -17.7711 0
    endloop
  endfacet
  facet normal 0 0 -1
    outer loop
      vertex -15.8392 -15.8392 0
      vertex -15.8392 15.8392 0
      vertex -13.6363 17.7711 0
    endloop
  endfacet
  facet normal 0 0 -1
    outer loop
      vertex -17.7711 -13.6363 0
      vertex -15.8392 15.8392 0
      vertex -15.8392 -15.8392 0
    endloop
  endfacet
  facet normal 0 0 -1
    outer loop
      vertex -17.7711 -13.6363 0
      vertex -17.7711 13.6363 0
      vertex -15.8392 15.8392 0
    endloop
  endfacet
  facet normal 0 0 -1
    outer loop
      vertex -19.399 -11.2 0
      vertex -17.7711 13.6363 0
      vertex -17.7711 -13.6363 0
    endloop
  endfacet
  facet normal 0 0 -1
    outer loop
      vertex -19.399 -11.2 0
      vertex -19.399 11.2 0
      vertex -17.7711 13.6363 0
    endloop
  endfacet
  facet normal 0 0 -1
    outer loop
      vertex -20.6949 -8.57211 0
      vertex -19.399 11.2 0
      vertex -19.399 -11.2 0
    endloop
  endfacet
  facet normal 0 0 -1
    outer loop
      vertex -20.6949 -8.57211 0
      vertex -20.6949 8.57211 0
      vertex -19.399 11.2 0
    endloop
  endfacet
  facet normal 0 0 -1
    outer loop
      vertex -21.6367 -5.79755 0
      vertex -20.6949 8.57211 0
      vertex -20.6949 -8.57211 0
    endloop
  endfacet
  facet normal 0 0 -1
    outer loop
      vertex -21.6367 -5.79755 0
      vertex -21.6367 5.79755 0
      vertex -20.6949 8.57211 0
    endloop
  endfacet
  facet normal 0 0 -1
    outer loop
      vertex -22.2084 -2.92379 0
      vertex -21.6367 5.79755 0
      vertex -21.6367 -5.79755 0
    endloop
  endfacet
  facet normal 0 0 -1
    outer loop
      vertex -22.2084 -2.92379 0
      vertex -22.2084 2.92379 0
      vertex -21.6367 5.79755 0
    endloop
  endfacet
  facet normal 0 -0 -1
    outer loop
      vertex -22.2084 2.92379 0
      vertex -22.2084 -2.92379 0
      vertex -22.4 0 0
    endloop
  endfacet
  facet normal -0.0653911 -0.99786 0
    outer loop
      vertex -2.92379 -22.2084 0
      vertex 0 -22.4 32.4
      vertex -2.92379 -22.2084 32.4
    endloop
  endfacet
  facet normal -0.0653911 -0.99786 -0
    outer loop
      vertex 0 -22.4 32.4
      vertex -2.92379 -22.2084 0
      vertex 0 -22.4 0
    endloop
  endfacet
  facet normal 0.44228 0.896877 -0
    outer loop
      vertex 11.2 19.399 0
      vertex 8.57211 20.6949 32.4
      vertex 11.2 19.399 32.4
    endloop
  endfacet
  facet normal 0.44228 0.896877 0
    outer loop
      vertex 8.57211 20.6949 32.4
      vertex 11.2 19.399 0
      vertex 8.57211 20.6949 0
    endloop
  endfacet
  facet normal 0.321428 -0.946934 0
    outer loop
      vertex 5.79755 -21.6367 0
      vertex 8.57211 -20.6949 32.4
      vertex 5.79755 -21.6367 32.4
    endloop
  endfacet
  facet normal 0.321428 -0.946934 0
    outer loop
      vertex 8.57211 -20.6949 32.4
      vertex 5.79755 -21.6367 0
      vertex 8.57211 -20.6949 0
    endloop
  endfacet
  facet normal -0.997871 0.0652234 0
    outer loop
      vertex -22.2084 2.92379 0
      vertex -22.2361 2.5 26.4
      vertex -22.2084 2.92379 32.4
    endloop
  endfacet
  facet normal -0.99786 0.0653911 2.70422e-06
    outer loop
      vertex -22.4 0 0
      vertex -22.2361 2.5 26.4
      vertex -22.2084 2.92379 0
    endloop
  endfacet
  facet normal -0.997858 0.0654196 0
    outer loop
      vertex -22.2361 2.5 26.4
      vertex -22.4 0 0
      vertex -22.4 0 26.4
    endloop
  endfacet
  facet normal -0.997871 0.0652234 0
    outer loop
      vertex -22.2084 2.92379 32.4
      vertex -22.2361 2.5 26.4
      vertex -22.2361 2.5 32.4
    endloop
  endfacet
  facet normal -0.751838 0.659347 0
    outer loop
      vertex -17.7711 13.6363 0
      vertex -15.8392 15.8392 32.4
      vertex -15.8392 15.8392 0
    endloop
  endfacet
  facet normal -0.751838 0.659347 0
    outer loop
      vertex -15.8392 15.8392 32.4
      vertex -17.7711 13.6363 0
      vertex -17.7711 13.6363 32.4
    endloop
  endfacet
  facet normal -0.44228 0.896877 0
    outer loop
      vertex -8.57211 20.6949 0
      vertex -11.2 19.399 32.4
      vertex -8.57211 20.6949 32.4
    endloop
  endfacet
  facet normal -0.44228 0.896877 0
    outer loop
      vertex -11.2 19.399 32.4
      vertex -8.57211 20.6949 0
      vertex -11.2 19.399 0
    endloop
  endfacet
  facet normal 0.946934 -0.321428 0
    outer loop
      vertex 20.6949 -8.57211 32.4
      vertex 21.6367 -5.79755 0
      vertex 21.6367 -5.79755 32.4
    endloop
  endfacet
  facet normal 0.946934 -0.321428 0
    outer loop
      vertex 21.6367 -5.79755 0
      vertex 20.6949 -8.57211 32.4
      vertex 20.6949 -8.57211 0
    endloop
  endfacet
  facet normal 0.751838 0.659347 0
    outer loop
      vertex 17.7711 13.6363 32.4
      vertex 15.8392 15.8392 0
      vertex 15.8392 15.8392 32.4
    endloop
  endfacet
  facet normal 0.751838 0.659347 0
    outer loop
      vertex 15.8392 15.8392 0
      vertex 17.7711 13.6363 32.4
      vertex 17.7711 13.6363 0
    endloop
  endfacet
  facet normal 0.98078 -0.195114 0
    outer loop
      vertex 21.6367 -5.79755 32.4
      vertex 22.2084 -2.92379 24.6457
      vertex 22.2084 -2.92379 32.4
    endloop
  endfacet
  facet normal 0.980721 -0.195412 -0.000114718
    outer loop
      vertex 22.2084 -2.92379 24.6457
      vertex 21.6367 -5.79755 32.4
      vertex 22.1983 -2.97433 24.3916
    endloop
  endfacet
  facet normal 0.980791 -0.195063 1.33525e-05
    outer loop
      vertex 22.1983 -2.97433 24.3916
      vertex 21.6367 -5.79755 32.4
      vertex 22.1932 -3 24
    endloop
  endfacet
  facet normal 0.980676 -0.195641 6.73741e-05
    outer loop
      vertex 21.6367 -5.79755 0
      vertex 22.2084 -2.92379 23.3543
      vertex 22.1983 -2.97433 23.6084
    endloop
  endfacet
  facet normal 0.980772 -0.195159 -1.98965e-05
    outer loop
      vertex 21.6367 -5.79755 32.4
      vertex 22.1983 -2.97433 23.6084
      vertex 22.1932 -3 24
    endloop
  endfacet
  facet normal 0.980784 -0.195099 0
    outer loop
      vertex 22.1983 -2.97433 23.6084
      vertex 21.6367 -5.79755 32.4
      vertex 21.6367 -5.79755 0
    endloop
  endfacet
  facet normal 0.98078 -0.195114 0
    outer loop
      vertex 22.2084 -2.92379 23.3543
      vertex 21.6367 -5.79755 0
      vertex 22.2084 -2.92379 0
    endloop
  endfacet
  facet normal -0.831467 -0.555574 0
    outer loop
      vertex -17.7711 -13.6363 0
      vertex -19.399 -11.2 32.4
      vertex -19.399 -11.2 0
    endloop
  endfacet
  facet normal -0.831467 -0.555574 0
    outer loop
      vertex -19.399 -11.2 32.4
      vertex -17.7711 -13.6363 0
      vertex -17.7711 -13.6363 32.4
    endloop
  endfacet
  facet normal -0.659347 -0.751838 0
    outer loop
      vertex -15.8392 -15.8392 0
      vertex -13.6363 -17.7711 32.4
      vertex -15.8392 -15.8392 32.4
    endloop
  endfacet
  facet normal -0.659347 -0.751838 -0
    outer loop
      vertex -13.6363 -17.7711 32.4
      vertex -15.8392 -15.8392 0
      vertex -13.6363 -17.7711 0
    endloop
  endfacet
  facet normal 0.195114 -0.98078 0
    outer loop
      vertex 2.92379 -22.2084 0
      vertex 5.79755 -21.6367 32.4
      vertex 2.92379 -22.2084 32.4
    endloop
  endfacet
  facet normal 0.195114 -0.98078 0
    outer loop
      vertex 5.79755 -21.6367 32.4
      vertex 2.92379 -22.2084 0
      vertex 5.79755 -21.6367 0
    endloop
  endfacet
  facet normal 0.659347 -0.751838 0
    outer loop
      vertex 13.6363 -17.7711 0
      vertex 15.8392 -15.8392 32.4
      vertex 13.6363 -17.7711 32.4
    endloop
  endfacet
  facet normal 0.659347 -0.751838 0
    outer loop
      vertex 15.8392 -15.8392 32.4
      vertex 13.6363 -17.7711 0
      vertex 15.8392 -15.8392 0
    endloop
  endfacet
  facet normal 0.997853 -0.065491 0
    outer loop
      vertex 22.4 0 32.4
      vertex 22.3743 -0.391578 26.9743
      vertex 22.4 0 27
    endloop
  endfacet
  facet normal 0.997864 -0.065333 -1.14533e-05
    outer loop
      vertex 22.4 0 32.4
      vertex 22.3491 -0.776457 26.8978
      vertex 22.3743 -0.391578 26.9743
    endloop
  endfacet
  facet normal 0.99786 -0.0653911 -3.20993e-06
    outer loop
      vertex 22.2084 -2.92379 32.4
      vertex 22.3491 -0.776457 26.8978
      vertex 22.4 0 32.4
    endloop
  endfacet
  facet normal 0.997868 -0.0652698 4.43621e-05
    outer loop
      vertex 22.3491 -0.776457 26.8978
      vertex 22.2084 -2.92379 32.4
      vertex 22.3248 -1.14805 26.7716
    endloop
  endfacet
  facet normal 0.997854 -0.0654821 -2.29362e-05
    outer loop
      vertex 22.3248 -1.14805 26.7716
      vertex 22.2084 -2.92379 32.4
      vertex 22.3017 -1.5 26.5981
    endloop
  endfacet
  facet normal 0.997857 -0.065439 -1.23098e-05
    outer loop
      vertex 22.3017 -1.5 26.5981
      vertex 22.2084 -2.92379 32.4
      vertex 22.2803 -1.82628 26.3801
    endloop
  endfacet
  facet normal 0.997866 -0.0652886 1.52251e-05
    outer loop
      vertex 22.2803 -1.82628 26.3801
      vertex 22.2084 -2.92379 32.4
      vertex 22.261 -2.12132 26.1213
    endloop
  endfacet
  facet normal 0.99785 -0.065542 -1.72981e-05
    outer loop
      vertex 22.261 -2.12132 26.1213
      vertex 22.2084 -2.92379 32.4
      vertex 22.244 -2.38006 25.8263
    endloop
  endfacet
  facet normal 0.997857 -0.0654369 -8.56651e-06
    outer loop
      vertex 22.244 -2.38006 25.8263
      vertex 22.2084 -2.92379 32.4
      vertex 22.2297 -2.59808 25.5
    endloop
  endfacet
  facet normal 0.997851 -0.0655171 -1.23692e-05
    outer loop
      vertex 22.2297 -2.59808 25.5
      vertex 22.2084 -2.92379 32.4
      vertex 22.2183 -2.77164 25.148
    endloop
  endfacet
  facet normal 0.997893 -0.0648737 1.18766e-06
    outer loop
      vertex 22.2084 -2.92379 32.4
      vertex 22.2101 -2.89778 24.7765
      vertex 22.2183 -2.77164 25.148
    endloop
  endfacet
  facet normal 0.997871 -0.0652203 0
    outer loop
      vertex 22.2101 -2.89778 24.7765
      vertex 22.2084 -2.92379 32.4
      vertex 22.2084 -2.92379 24.6457
    endloop
  endfacet
  facet normal 0.997853 -0.065491 0
    outer loop
      vertex 22.3743 -0.391578 21.0257
      vertex 22.4 0 0
      vertex 22.4 0 21
    endloop
  endfacet
  facet normal 0.997863 -0.0653362 -4.77898e-06
    outer loop
      vertex 22.2084 -2.92379 0
      vertex 22.3743 -0.391578 21.0257
      vertex 22.3491 -0.776457 21.1022
    endloop
  endfacet
  facet normal 0.997868 -0.065259 -1.26625e-05
    outer loop
      vertex 22.2084 -2.92379 0
      vertex 22.3491 -0.776457 21.1022
      vertex 22.3248 -1.14805 21.2284
    endloop
  endfacet
  facet normal 0.997853 -0.0654901 6.7487e-06
    outer loop
      vertex 22.2084 -2.92379 0
      vertex 22.3248 -1.14805 21.2284
      vertex 22.3017 -1.5 21.4019
    endloop
  endfacet
  facet normal 0.997856 -0.0654447 3.71894e-06
    outer loop
      vertex 22.2084 -2.92379 0
      vertex 22.3017 -1.5 21.4019
      vertex 22.2803 -1.82628 21.6199
    endloop
  endfacet
  facet normal 0.997867 -0.0652795 -4.70764e-06
    outer loop
      vertex 22.2084 -2.92379 0
      vertex 22.2803 -1.82628 21.6199
      vertex 22.261 -2.12132 21.8787
    endloop
  endfacet
  facet normal 0.997849 -0.0655555 5.45925e-06
    outer loop
      vertex 22.2084 -2.92379 0
      vertex 22.261 -2.12132 21.8787
      vertex 22.244 -2.38006 22.1737
    endloop
  endfacet
  facet normal 0.997856 -0.0654456 2.75301e-06
    outer loop
      vertex 22.2084 -2.92379 0
      vertex 22.244 -2.38006 22.1737
      vertex 22.2297 -2.59808 22.5
    endloop
  endfacet
  facet normal 0.99785 -0.065534 4.03782e-06
    outer loop
      vertex 22.2084 -2.92379 0
      vertex 22.2297 -2.59808 22.5
      vertex 22.2183 -2.77164 22.852
    endloop
  endfacet
  facet normal 0.997894 -0.0648714 -3.92493e-07
    outer loop
      vertex 22.2084 -2.92379 0
      vertex 22.2183 -2.77164 22.852
      vertex 22.2101 -2.89778 23.2235
    endloop
  endfacet
  facet normal 0.997871 -0.0652203 0
    outer loop
      vertex 22.2084 -2.92379 0
      vertex 22.2101 -2.89778 23.2235
      vertex 22.2084 -2.92379 23.3543
    endloop
  endfacet
  facet normal 0.99786 -0.0653911 1.86763e-06
    outer loop
      vertex 22.3743 -0.391578 21.0257
      vertex 22.2084 -2.92379 0
      vertex 22.4 0 0
    endloop
  endfacet
  facet normal -0.98078 -0.195114 0
    outer loop
      vertex -21.6367 -5.79755 0
      vertex -22.2084 -2.92379 32.4
      vertex -22.2084 -2.92379 0
    endloop
  endfacet
  facet normal -0.98078 -0.195114 0
    outer loop
      vertex -22.2084 -2.92379 32.4
      vertex -21.6367 -5.79755 0
      vertex -21.6367 -5.79755 32.4
    endloop
  endfacet
  facet normal 0.751838 -0.659347 0
    outer loop
      vertex 15.8392 -15.8392 32.4
      vertex 17.7711 -13.6363 0
      vertex 17.7711 -13.6363 32.4
    endloop
  endfacet
  facet normal 0.751838 -0.659347 0
    outer loop
      vertex 17.7711 -13.6363 0
      vertex 15.8392 -15.8392 32.4
      vertex 15.8392 -15.8392 0
    endloop
  endfacet
  facet normal -0.0653911 0.99786 0
    outer loop
      vertex 0 22.4 0
      vertex -2.92379 22.2084 32.4
      vertex 0 22.4 32.4
    endloop
  endfacet
  facet normal -0.0653911 0.99786 0
    outer loop
      vertex -2.92379 22.2084 32.4
      vertex 0 22.4 0
      vertex -2.92379 22.2084 0
    endloop
  endfacet
  facet normal -0.896877 -0.44228 0
    outer loop
      vertex -19.399 -11.2 0
      vertex -20.6949 -8.57211 32.4
      vertex -20.6949 -8.57211 0
    endloop
  endfacet
  facet normal -0.896877 -0.44228 0
    outer loop
      vertex -20.6949 -8.57211 32.4
      vertex -19.399 -11.2 0
      vertex -19.399 -11.2 32.4
    endloop
  endfacet
  facet normal -0.896877 0.44228 0
    outer loop
      vertex -20.6949 8.57211 0
      vertex -19.399 11.2 32.4
      vertex -19.399 11.2 0
    endloop
  endfacet
  facet normal -0.896877 0.44228 0
    outer loop
      vertex -19.399 11.2 32.4
      vertex -20.6949 8.57211 0
      vertex -20.6949 8.57211 32.4
    endloop
  endfacet
  facet normal 0.555574 0.831467 -0
    outer loop
      vertex 13.6363 17.7711 0
      vertex 11.2 19.399 32.4
      vertex 13.6363 17.7711 32.4
    endloop
  endfacet
  facet normal 0.555574 0.831467 0
    outer loop
      vertex 11.2 19.399 32.4
      vertex 13.6363 17.7711 0
      vertex 11.2 19.399 0
    endloop
  endfacet
  facet normal 0.195114 0.98078 -0
    outer loop
      vertex 5.79755 21.6367 0
      vertex 2.92379 22.2084 32.4
      vertex 5.79755 21.6367 32.4
    endloop
  endfacet
  facet normal 0.195114 0.98078 0
    outer loop
      vertex 2.92379 22.2084 32.4
      vertex 5.79755 21.6367 0
      vertex 2.92379 22.2084 0
    endloop
  endfacet
  facet normal -0.321428 -0.946934 0
    outer loop
      vertex -8.57211 -20.6949 0
      vertex -5.79755 -21.6367 32.4
      vertex -8.57211 -20.6949 32.4
    endloop
  endfacet
  facet normal -0.321428 -0.946934 -0
    outer loop
      vertex -5.79755 -21.6367 32.4
      vertex -8.57211 -20.6949 0
      vertex -5.79755 -21.6367 0
    endloop
  endfacet
  facet normal -0.555574 0.831467 0
    outer loop
      vertex -11.2 19.399 0
      vertex -13.6363 17.7711 32.4
      vertex -11.2 19.399 32.4
    endloop
  endfacet
  facet normal -0.555574 0.831467 0
    outer loop
      vertex -13.6363 17.7711 32.4
      vertex -11.2 19.399 0
      vertex -13.6363 17.7711 0
    endloop
  endfacet
  facet normal 0.831467 0.555574 0
    outer loop
      vertex 19.399 11.2 32.4
      vertex 17.7711 13.6363 0
      vertex 17.7711 13.6363 32.4
    endloop
  endfacet
  facet normal 0.831467 0.555574 0
    outer loop
      vertex 17.7711 13.6363 0
      vertex 19.399 11.2 32.4
      vertex 19.399 11.2 0
    endloop
  endfacet
  facet normal -0.997858 -0.0654196 0
    outer loop
      vertex -22.4 0 0
      vertex -22.2361 -2.5 26.4
      vertex -22.4 0 26.4
    endloop
  endfacet
  facet normal -0.99786 -0.0653911 2.70422e-06
    outer loop
      vertex -22.2084 -2.92379 0
      vertex -22.2361 -2.5 26.4
      vertex -22.4 0 0
    endloop
  endfacet
  facet normal -0.997871 -0.0652234 -0
    outer loop
      vertex -22.2084 -2.92379 32.4
      vertex -22.2361 -2.5 26.4
      vertex -22.2084 -2.92379 0
    endloop
  endfacet
  facet normal -0.997871 -0.0652234 0
    outer loop
      vertex -22.2361 -2.5 26.4
      vertex -22.2084 -2.92379 32.4
      vertex -22.2361 -2.5 32.4
    endloop
  endfacet
  facet normal -0.321428 0.946934 0
    outer loop
      vertex -5.79755 21.6367 0
      vertex -8.57211 20.6949 32.4
      vertex -5.79755 21.6367 32.4
    endloop
  endfacet
  facet normal -0.321428 0.946934 0
    outer loop
      vertex -8.57211 20.6949 32.4
      vertex -5.79755 21.6367 0
      vertex -8.57211 20.6949 0
    endloop
  endfacet
  facet normal 0.0653911 0.99786 -0
    outer loop
      vertex 2.92379 22.2084 0
      vertex 0 22.4 32.4
      vertex 2.92379 22.2084 32.4
    endloop
  endfacet
  facet normal 0.0653911 0.99786 0
    outer loop
      vertex 0 22.4 32.4
      vertex 2.92379 22.2084 0
      vertex 0 22.4 0
    endloop
  endfacet
  facet normal -0.195114 -0.98078 0
    outer loop
      vertex -5.79755 -21.6367 0
      vertex -2.92379 -22.2084 32.4
      vertex -5.79755 -21.6367 32.4
    endloop
  endfacet
  facet normal -0.195114 -0.98078 -0
    outer loop
      vertex -2.92379 -22.2084 32.4
      vertex -5.79755 -21.6367 0
      vertex -2.92379 -22.2084 0
    endloop
  endfacet
  facet normal -0.195114 0.98078 0
    outer loop
      vertex -2.92379 22.2084 0
      vertex -5.79755 21.6367 32.4
      vertex -2.92379 22.2084 32.4
    endloop
  endfacet
  facet normal -0.195114 0.98078 0
    outer loop
      vertex -5.79755 21.6367 32.4
      vertex -2.92379 22.2084 0
      vertex -5.79755 21.6367 0
    endloop
  endfacet
  facet normal 0.555574 -0.831467 0
    outer loop
      vertex 11.2 -19.399 0
      vertex 13.6363 -17.7711 32.4
      vertex 11.2 -19.399 32.4
    endloop
  endfacet
  facet normal 0.555574 -0.831467 0
    outer loop
      vertex 13.6363 -17.7711 32.4
      vertex 11.2 -19.399 0
      vertex 13.6363 -17.7711 0
    endloop
  endfacet
  facet normal -0.946934 -0.321428 0
    outer loop
      vertex -20.6949 -8.57211 0
      vertex -21.6367 -5.79755 32.4
      vertex -21.6367 -5.79755 0
    endloop
  endfacet
  facet normal -0.946934 -0.321428 0
    outer loop
      vertex -21.6367 -5.79755 32.4
      vertex -20.6949 -8.57211 0
      vertex -20.6949 -8.57211 32.4
    endloop
  endfacet
  facet normal -0.751838 -0.659347 0
    outer loop
      vertex -15.8392 -15.8392 0
      vertex -17.7711 -13.6363 32.4
      vertex -17.7711 -13.6363 0
    endloop
  endfacet
  facet normal -0.751838 -0.659347 0
    outer loop
      vertex -17.7711 -13.6363 32.4
      vertex -15.8392 -15.8392 0
      vertex -15.8392 -15.8392 32.4
    endloop
  endfacet
  facet normal -0.946934 0.321428 0
    outer loop
      vertex -21.6367 5.79755 0
      vertex -20.6949 8.57211 32.4
      vertex -20.6949 8.57211 0
    endloop
  endfacet
  facet normal -0.946934 0.321428 0
    outer loop
      vertex -20.6949 8.57211 32.4
      vertex -21.6367 5.79755 0
      vertex -21.6367 5.79755 32.4
    endloop
  endfacet
  facet normal -0.831467 0.555574 0
    outer loop
      vertex -19.399 11.2 0
      vertex -17.7711 13.6363 32.4
      vertex -17.7711 13.6363 0
    endloop
  endfacet
  facet normal -0.831467 0.555574 0
    outer loop
      vertex -17.7711 13.6363 32.4
      vertex -19.399 11.2 0
      vertex -19.399 11.2 32.4
    endloop
  endfacet
  facet normal 0 0 1
    outer loop
      vertex 20 0 32.4
      vertex 22.4 0 32.4
      vertex 22.2084 2.92379 32.4
    endloop
  endfacet
  facet normal 0 0 1
    outer loop
      vertex 19.8289 2.61052 32.4
      vertex 22.2084 2.92379 32.4
      vertex 21.6367 5.79755 32.4
    endloop
  endfacet
  facet normal 0 0 1
    outer loop
      vertex 22.4 0 32.4
      vertex 20 0 32.4
      vertex 22.2084 -2.92379 32.4
    endloop
  endfacet
  facet normal 0 0 1
    outer loop
      vertex 19.3185 5.17638 32.4
      vertex 21.6367 5.79755 32.4
      vertex 20.6949 8.57211 32.4
    endloop
  endfacet
  facet normal -0 0 1
    outer loop
      vertex 19.8289 -2.61052 32.4
      vertex 22.2084 -2.92379 32.4
      vertex 20 0 32.4
    endloop
  endfacet
  facet normal 0 0 1
    outer loop
      vertex 22.2084 -2.92379 32.4
      vertex 19.8289 -2.61052 32.4
      vertex 21.6367 -5.79755 32.4
    endloop
  endfacet
  facet normal 0 0 1
    outer loop
      vertex 22.2084 2.92379 32.4
      vertex 19.8289 2.61052 32.4
      vertex 20 0 32.4
    endloop
  endfacet
  facet normal 0 0 1
    outer loop
      vertex 18.4776 7.65367 32.4
      vertex 20.6949 8.57211 32.4
      vertex 19.399 11.2 32.4
    endloop
  endfacet
  facet normal 0 0 1
    outer loop
      vertex 21.6367 5.79755 32.4
      vertex 19.3185 5.17638 32.4
      vertex 19.8289 2.61052 32.4
    endloop
  endfacet
  facet normal 0 0 1
    outer loop
      vertex 20.6949 8.57211 32.4
      vertex 18.4776 7.65367 32.4
      vertex 19.3185 5.17638 32.4
    endloop
  endfacet
  facet normal 0 0 1
    outer loop
      vertex 17.3205 10 32.4
      vertex 19.399 11.2 32.4
      vertex 17.7711 13.6363 32.4
    endloop
  endfacet
  facet normal 0 0 1
    outer loop
      vertex 19.399 11.2 32.4
      vertex 17.3205 10 32.4
      vertex 18.4776 7.65367 32.4
    endloop
  endfacet
  facet normal 0 0 1
    outer loop
      vertex 17.7711 13.6363 32.4
      vertex 15.8671 12.1752 32.4
      vertex 17.3205 10 32.4
    endloop
  endfacet
  facet normal 0 0 1
    outer loop
      vertex 15.8392 15.8392 32.4
      vertex 15.8671 12.1752 32.4
      vertex 17.7711 13.6363 32.4
    endloop
  endfacet
  facet normal 0 0 1
    outer loop
      vertex 15.8392 15.8392 32.4
      vertex 14.1421 14.1421 32.4
      vertex 15.8671 12.1752 32.4
    endloop
  endfacet
  facet normal 0 0 1
    outer loop
      vertex 13.6363 17.7711 32.4
      vertex 14.1421 14.1421 32.4
      vertex 15.8392 15.8392 32.4
    endloop
  endfacet
  facet normal 0 0 1
    outer loop
      vertex 13.6363 17.7711 32.4
      vertex 12.1752 15.8671 32.4
      vertex 14.1421 14.1421 32.4
    endloop
  endfacet
  facet normal 0 0 1
    outer loop
      vertex 11.2 19.399 32.4
      vertex 12.1752 15.8671 32.4
      vertex 13.6363 17.7711 32.4
    endloop
  endfacet
  facet normal 0 0 1
    outer loop
      vertex 11.2 19.399 32.4
      vertex 10 17.3205 32.4
      vertex 12.1752 15.8671 32.4
    endloop
  endfacet
  facet normal 0 0 1
    outer loop
      vertex 8.57211 20.6949 32.4
      vertex 10 17.3205 32.4
      vertex 11.2 19.399 32.4
    endloop
  endfacet
  facet normal 0 0 1
    outer loop
      vertex 8.57211 20.6949 32.4
      vertex 7.65367 18.4776 32.4
      vertex 10 17.3205 32.4
    endloop
  endfacet
  facet normal 0 0 1
    outer loop
      vertex 5.79755 21.6367 32.4
      vertex 7.65367 18.4776 32.4
      vertex 8.57211 20.6949 32.4
    endloop
  endfacet
  facet normal 0 0 1
    outer loop
      vertex 5.79755 21.6367 32.4
      vertex 5.17638 19.3185 32.4
      vertex 7.65367 18.4776 32.4
    endloop
  endfacet
  facet normal 0 0 1
    outer loop
      vertex 2.92379 22.2084 32.4
      vertex 5.17638 19.3185 32.4
      vertex 5.79755 21.6367 32.4
    endloop
  endfacet
  facet normal 0 0 1
    outer loop
      vertex 2.92379 22.2084 32.4
      vertex 2.61052 19.8289 32.4
      vertex 5.17638 19.3185 32.4
    endloop
  endfacet
  facet normal 0 0 1
    outer loop
      vertex 0 22.4 32.4
      vertex 2.61052 19.8289 32.4
      vertex 2.92379 22.2084 32.4
    endloop
  endfacet
  facet normal 0 0 1
    outer loop
      vertex 0 22.4 32.4
      vertex 0 20 32.4
      vertex 2.61052 19.8289 32.4
    endloop
  endfacet
  facet normal 0 0 1
    outer loop
      vertex 0 22.4 32.4
      vertex -2.61052 19.8289 32.4
      vertex 0 20 32.4
    endloop
  endfacet
  facet normal -0 0 1
    outer loop
      vertex -2.92379 22.2084 32.4
      vertex -2.61052 19.8289 32.4
      vertex 0 22.4 32.4
    endloop
  endfacet
  facet normal 0 0 1
    outer loop
      vertex -2.92379 22.2084 32.4
      vertex -5.17638 19.3185 32.4
      vertex -2.61052 19.8289 32.4
    endloop
  endfacet
  facet normal -0 0 1
    outer loop
      vertex -5.79755 21.6367 32.4
      vertex -5.17638 19.3185 32.4
      vertex -2.92379 22.2084 32.4
    endloop
  endfacet
  facet normal 0 0 1
    outer loop
      vertex -5.79755 21.6367 32.4
      vertex -7.65367 18.4776 32.4
      vertex -5.17638 19.3185 32.4
    endloop
  endfacet
  facet normal -0 0 1
    outer loop
      vertex -8.57211 20.6949 32.4
      vertex -7.65367 18.4776 32.4
      vertex -5.79755 21.6367 32.4
    endloop
  endfacet
  facet normal 0 0 1
    outer loop
      vertex -8.57211 20.6949 32.4
      vertex -10 17.3205 32.4
      vertex -7.65367 18.4776 32.4
    endloop
  endfacet
  facet normal -0 0 1
    outer loop
      vertex -11.2 19.399 32.4
      vertex -10 17.3205 32.4
      vertex -8.57211 20.6949 32.4
    endloop
  endfacet
  facet normal 0 0 1
    outer loop
      vertex -11.2 19.399 32.4
      vertex -12.1752 15.8671 32.4
      vertex -10 17.3205 32.4
    endloop
  endfacet
  facet normal -0 0 1
    outer loop
      vertex -13.6363 17.7711 32.4
      vertex -12.1752 15.8671 32.4
      vertex -11.2 19.399 32.4
    endloop
  endfacet
  facet normal 0 0 1
    outer loop
      vertex -13.6363 17.7711 32.4
      vertex -14.1421 14.1421 32.4
      vertex -12.1752 15.8671 32.4
    endloop
  endfacet
  facet normal -0 0 1
    outer loop
      vertex -15.8392 15.8392 32.4
      vertex -14.1421 14.1421 32.4
      vertex -13.6363 17.7711 32.4
    endloop
  endfacet
  facet normal 0 0 1
    outer loop
      vertex -15.8392 15.8392 32.4
      vertex -15.8671 12.1752 32.4
      vertex -14.1421 14.1421 32.4
    endloop
  endfacet
  facet normal -0 0 1
    outer loop
      vertex -17.7711 13.6363 32.4
      vertex -15.8671 12.1752 32.4
      vertex -15.8392 15.8392 32.4
    endloop
  endfacet
  facet normal 0 0 1
    outer loop
      vertex -15.8671 12.1752 32.4
      vertex -17.7711 13.6363 32.4
      vertex -17.3205 10 32.4
    endloop
  endfacet
  facet normal -0 0 1
    outer loop
      vertex -19.399 11.2 32.4
      vertex -17.3205 10 32.4
      vertex -17.7711 13.6363 32.4
    endloop
  endfacet
  facet normal 0 0 1
    outer loop
      vertex -17.3205 10 32.4
      vertex -19.399 11.2 32.4
      vertex -18.4776 7.65367 32.4
    endloop
  endfacet
  facet normal -0 0 1
    outer loop
      vertex -20.6949 8.57211 32.4
      vertex -18.4776 7.65367 32.4
      vertex -19.399 11.2 32.4
    endloop
  endfacet
  facet normal 0 0 1
    outer loop
      vertex -18.4776 7.65367 32.4
      vertex -20.6949 8.57211 32.4
      vertex -19.3185 5.17638 32.4
    endloop
  endfacet
  facet normal -0 0 1
    outer loop
      vertex -21.6367 5.79755 32.4
      vertex -19.3185 5.17638 32.4
      vertex -20.6949 8.57211 32.4
    endloop
  endfacet
  facet normal 0 0 1
    outer loop
      vertex -19.3185 5.17638 32.4
      vertex -21.6367 5.79755 32.4
      vertex -19.8289 2.61052 32.4
    endloop
  endfacet
  facet normal -0 0 1
    outer loop
      vertex -22.2084 2.92379 32.4
      vertex -19.8289 2.61052 32.4
      vertex -21.6367 5.79755 32.4
    endloop
  endfacet
  facet normal 0 0 1
    outer loop
      vertex -19.8289 2.61052 32.4
      vertex -22.2084 2.92379 32.4
      vertex -19.8361 2.5 32.4
    endloop
  endfacet
  facet normal 0 0 1
    outer loop
      vertex -19.8361 2.5 32.4
      vertex -22.2084 2.92379 32.4
      vertex -22.2361 2.5 32.4
    endloop
  endfacet
  facet normal -0 0 1
    outer loop
      vertex 19.3185 -5.17638 32.4
      vertex 21.6367 -5.79755 32.4
      vertex 19.8289 -2.61052 32.4
    endloop
  endfacet
  facet normal 0 0 1
    outer loop
      vertex 21.6367 -5.79755 32.4
      vertex 19.3185 -5.17638 32.4
      vertex 20.6949 -8.57211 32.4
    endloop
  endfacet
  facet normal -0 0 1
    outer loop
      vertex 18.4776 -7.65367 32.4
      vertex 20.6949 -8.57211 32.4
      vertex 19.3185 -5.17638 32.4
    endloop
  endfacet
  facet normal 0 0 1
    outer loop
      vertex 20.6949 -8.57211 32.4
      vertex 18.4776 -7.65367 32.4
      vertex 19.399 -11.2 32.4
    endloop
  endfacet
  facet normal -0 0 1
    outer loop
      vertex 17.3205 -10 32.4
      vertex 19.399 -11.2 32.4
      vertex 18.4776 -7.65367 32.4
    endloop
  endfacet
  facet normal 0 0 1
    outer loop
      vertex 19.399 -11.2 32.4
      vertex 17.3205 -10 32.4
      vertex 17.7711 -13.6363 32.4
    endloop
  endfacet
  facet normal -0 0 1
    outer loop
      vertex 15.8671 -12.1752 32.4
      vertex 17.7711 -13.6363 32.4
      vertex 17.3205 -10 32.4
    endloop
  endfacet
  facet normal 0 0 1
    outer loop
      vertex 15.8671 -12.1752 32.4
      vertex 15.8392 -15.8392 32.4
      vertex 17.7711 -13.6363 32.4
    endloop
  endfacet
  facet normal -0 0 1
    outer loop
      vertex 14.1421 -14.1421 32.4
      vertex 15.8392 -15.8392 32.4
      vertex 15.8671 -12.1752 32.4
    endloop
  endfacet
  facet normal 0 0 1
    outer loop
      vertex 14.1421 -14.1421 32.4
      vertex 13.6363 -17.7711 32.4
      vertex 15.8392 -15.8392 32.4
    endloop
  endfacet
  facet normal -0 0 1
    outer loop
      vertex 12.1752 -15.8671 32.4
      vertex 13.6363 -17.7711 32.4
      vertex 14.1421 -14.1421 32.4
    endloop
  endfacet
  facet normal 0 0 1
    outer loop
      vertex 12.1752 -15.8671 32.4
      vertex 11.2 -19.399 32.4
      vertex 13.6363 -17.7711 32.4
    endloop
  endfacet
  facet normal -0 0 1
    outer loop
      vertex 10 -17.3205 32.4
      vertex 11.2 -19.399 32.4
      vertex 12.1752 -15.8671 32.4
    endloop
  endfacet
  facet normal 0 0 1
    outer loop
      vertex 10 -17.3205 32.4
      vertex 8.57211 -20.6949 32.4
      vertex 11.2 -19.399 32.4
    endloop
  endfacet
  facet normal -0 0 1
    outer loop
      vertex 7.65367 -18.4776 32.4
      vertex 8.57211 -20.6949 32.4
      vertex 10 -17.3205 32.4
    endloop
  endfacet
  facet normal 0 0 1
    outer loop
      vertex 7.65367 -18.4776 32.4
      vertex 5.79755 -21.6367 32.4
      vertex 8.57211 -20.6949 32.4
    endloop
  endfacet
  facet normal -0 0 1
    outer loop
      vertex 5.17638 -19.3185 32.4
      vertex 5.79755 -21.6367 32.4
      vertex 7.65367 -18.4776 32.4
    endloop
  endfacet
  facet normal 0 0 1
    outer loop
      vertex 5.17638 -19.3185 32.4
      vertex 2.92379 -22.2084 32.4
      vertex 5.79755 -21.6367 32.4
    endloop
  endfacet
  facet normal -0 0 1
    outer loop
      vertex 2.61052 -19.8289 32.4
      vertex 2.92379 -22.2084 32.4
      vertex 5.17638 -19.3185 32.4
    endloop
  endfacet
  facet normal -0 0 1
    outer loop
      vertex 0 -20 32.4
      vertex 2.92379 -22.2084 32.4
      vertex 2.61052 -19.8289 32.4
    endloop
  endfacet
  facet normal 0 0 1
    outer loop
      vertex 0 -20 32.4
      vertex 0 -22.4 32.4
      vertex 2.92379 -22.2084 32.4
    endloop
  endfacet
  facet normal 0 0 1
    outer loop
      vertex -2.61052 -19.8289 32.4
      vertex 0 -22.4 32.4
      vertex 0 -20 32.4
    endloop
  endfacet
  facet normal 0 0 1
    outer loop
      vertex -2.61052 -19.8289 32.4
      vertex -2.92379 -22.2084 32.4
      vertex 0 -22.4 32.4
    endloop
  endfacet
  facet normal 0 0 1
    outer loop
      vertex -5.17638 -19.3185 32.4
      vertex -2.92379 -22.2084 32.4
      vertex -2.61052 -19.8289 32.4
    endloop
  endfacet
  facet normal 0 0 1
    outer loop
      vertex -5.17638 -19.3185 32.4
      vertex -5.79755 -21.6367 32.4
      vertex -2.92379 -22.2084 32.4
    endloop
  endfacet
  facet normal 0 0 1
    outer loop
      vertex -7.65367 -18.4776 32.4
      vertex -5.79755 -21.6367 32.4
      vertex -5.17638 -19.3185 32.4
    endloop
  endfacet
  facet normal 0 0 1
    outer loop
      vertex -7.65367 -18.4776 32.4
      vertex -8.57211 -20.6949 32.4
      vertex -5.79755 -21.6367 32.4
    endloop
  endfacet
  facet normal 0 0 1
    outer loop
      vertex -10 -17.3205 32.4
      vertex -8.57211 -20.6949 32.4
      vertex -7.65367 -18.4776 32.4
    endloop
  endfacet
  facet normal 0 0 1
    outer loop
      vertex -10 -17.3205 32.4
      vertex -11.2 -19.399 32.4
      vertex -8.57211 -20.6949 32.4
    endloop
  endfacet
  facet normal 0 0 1
    outer loop
      vertex -12.1752 -15.8671 32.4
      vertex -11.2 -19.399 32.4
      vertex -10 -17.3205 32.4
    endloop
  endfacet
  facet normal 0 0 1
    outer loop
      vertex -12.1752 -15.8671 32.4
      vertex -13.6363 -17.7711 32.4
      vertex -11.2 -19.399 32.4
    endloop
  endfacet
  facet normal 0 0 1
    outer loop
      vertex -14.1421 -14.1421 32.4
      vertex -13.6363 -17.7711 32.4
      vertex -12.1752 -15.8671 32.4
    endloop
  endfacet
  facet normal 0 0 1
    outer loop
      vertex -14.1421 -14.1421 32.4
      vertex -15.8392 -15.8392 32.4
      vertex -13.6363 -17.7711 32.4
    endloop
  endfacet
  facet normal 0 0 1
    outer loop
      vertex -15.8671 -12.1752 32.4
      vertex -15.8392 -15.8392 32.4
      vertex -14.1421 -14.1421 32.4
    endloop
  endfacet
  facet normal 0 0 1
    outer loop
      vertex -17.7711 -13.6363 32.4
      vertex -15.8671 -12.1752 32.4
      vertex -17.3205 -10 32.4
    endloop
  endfacet
  facet normal 0 0 1
    outer loop
      vertex -15.8671 -12.1752 32.4
      vertex -17.7711 -13.6363 32.4
      vertex -15.8392 -15.8392 32.4
    endloop
  endfacet
  facet normal 0 0 1
    outer loop
      vertex -19.399 -11.2 32.4
      vertex -17.3205 -10 32.4
      vertex -18.4776 -7.65367 32.4
    endloop
  endfacet
  facet normal 0 0 1
    outer loop
      vertex -20.6949 -8.57211 32.4
      vertex -18.4776 -7.65367 32.4
      vertex -19.3185 -5.17638 32.4
    endloop
  endfacet
  facet normal 0 0 1
    outer loop
      vertex -17.3205 -10 32.4
      vertex -19.399 -11.2 32.4
      vertex -17.7711 -13.6363 32.4
    endloop
  endfacet
  facet normal 0 0 1
    outer loop
      vertex -21.6367 -5.79755 32.4
      vertex -19.3185 -5.17638 32.4
      vertex -19.8289 -2.61052 32.4
    endloop
  endfacet
  facet normal 0 0 1
    outer loop
      vertex -22.2084 -2.92379 32.4
      vertex -19.8289 -2.61052 32.4
      vertex -19.8361 -2.5 32.4
    endloop
  endfacet
  facet normal 0 0 1
    outer loop
      vertex -18.4776 -7.65367 32.4
      vertex -20.6949 -8.57211 32.4
      vertex -19.399 -11.2 32.4
    endloop
  endfacet
  facet normal 0 0 1
    outer loop
      vertex -19.3185 -5.17638 32.4
      vertex -21.6367 -5.79755 32.4
      vertex -20.6949 -8.57211 32.4
    endloop
  endfacet
  facet normal 0 0 1
    outer loop
      vertex -19.8289 -2.61052 32.4
      vertex -22.2084 -2.92379 32.4
      vertex -21.6367 -5.79755 32.4
    endloop
  endfacet
  facet normal 0 -0 1
    outer loop
      vertex -22.2084 -2.92379 32.4
      vertex -19.8361 -2.5 32.4
      vertex -22.2361 -2.5 32.4
    endloop
  endfacet
  facet normal -0.0654022 0.997859 0
    outer loop
      vertex 2.61052 -19.8289 2.4
      vertex 0 -20 32.4
      vertex 2.61052 -19.8289 32.4
    endloop
  endfacet
  facet normal -0.0654022 0.997859 0
    outer loop
      vertex 0 -20 32.4
      vertex 2.61052 -19.8289 2.4
      vertex 0 -20 2.4
    endloop
  endfacet
  facet normal -0.980784 -0.195097 0
    outer loop
      vertex 19.8289 2.61052 2.4
      vertex 19.3185 5.17638 32.4
      vertex 19.3185 5.17638 2.4
    endloop
  endfacet
  facet normal -0.980784 -0.195097 0
    outer loop
      vertex 19.3185 5.17638 32.4
      vertex 19.8289 2.61052 2.4
      vertex 19.8289 2.61052 32.4
    endloop
  endfacet
  facet normal -0.997859 -0.0654014 0
    outer loop
      vertex 19.8289 2.61052 2.4
      vertex 19.8853 1.75 24
      vertex 19.8289 2.61052 32.4
    endloop
  endfacet
  facet normal -0.997808 -0.0661791 -3.11149e-05
    outer loop
      vertex 19.8289 2.61052 2.4
      vertex 19.8863 1.73503 23.7716
      vertex 19.8853 1.75 24
    endloop
  endfacet
  facet normal -0.997891 -0.0649052 2.12955e-05
    outer loop
      vertex 19.8289 2.61052 2.4
      vertex 19.8892 1.69037 23.5471
      vertex 19.8863 1.73503 23.7716
    endloop
  endfacet
  facet normal -0.997877 -0.0651304 1.14562e-05
    outer loop
      vertex 19.8289 2.61052 2.4
      vertex 19.894 1.61679 23.3303
      vertex 19.8892 1.69037 23.5471
    endloop
  endfacet
  facet normal -0.997822 -0.0659707 -2.86117e-05
    outer loop
      vertex 19.8289 2.61052 2.4
      vertex 19.9007 1.51554 23.125
      vertex 19.894 1.61679 23.3303
    endloop
  endfacet
  facet normal -0.997875 -0.0651506 1.49023e-05
    outer loop
      vertex 19.8289 2.61052 2.4
      vertex 19.909 1.38837 22.9347
      vertex 19.9007 1.51554 23.125
    endloop
  endfacet
  facet normal -0.997856 -0.0654493 -2.95229e-06
    outer loop
      vertex 19.8289 2.61052 2.4
      vertex 19.9189 1.23744 22.7626
      vertex 19.909 1.38837 22.9347
    endloop
  endfacet
  facet normal -0.997852 -0.0655085 -6.96357e-06
    outer loop
      vertex 19.8289 2.61052 2.4
      vertex 19.9302 1.06533 22.6116
      vertex 19.9189 1.23744 22.7626
    endloop
  endfacet
  facet normal -0.997883 -0.0650319 2.96342e-05
    outer loop
      vertex 19.8289 2.61052 2.4
      vertex 19.9426 0.875 22.4845
      vertex 19.9302 1.06533 22.6116
    endloop
  endfacet
  facet normal -0.997846 -0.0656046 -2.00661e-05
    outer loop
      vertex 19.8289 2.61052 2.4
      vertex 19.9561 0.669696 22.3832
      vertex 19.9426 0.875 22.4845
    endloop
  endfacet
  facet normal -0.997861 -0.0653702 2.79943e-06
    outer loop
      vertex 19.8289 2.61052 2.4
      vertex 19.9703 0.452933 22.3096
      vertex 19.9561 0.669696 22.3832
    endloop
  endfacet
  facet normal -0.997863 -0.0653364 6.47061e-06
    outer loop
      vertex 19.8289 2.61052 2.4
      vertex 19.985 0.22842 22.265
      vertex 19.9703 0.452933 22.3096
    endloop
  endfacet
  facet normal -0.997859 -0.0654022 -1.44582e-06
    outer loop
      vertex 20 0 2.4
      vertex 19.985 0.22842 22.265
      vertex 19.8289 2.61052 2.4
    endloop
  endfacet
  facet normal -0.997851 -0.0655274 0
    outer loop
      vertex 19.985 0.22842 22.265
      vertex 20 0 2.4
      vertex 20 0 22.25
    endloop
  endfacet
  facet normal -0.997827 -0.0658893 5.01931e-05
    outer loop
      vertex 19.8863 1.73503 24.2284
      vertex 19.8289 2.61052 32.4
      vertex 19.8853 1.75 24
    endloop
  endfacet
  facet normal -0.997884 -0.0650171 -4.36535e-05
    outer loop
      vertex 19.8892 1.69037 24.4529
      vertex 19.8289 2.61052 32.4
      vertex 19.8863 1.73503 24.2284
    endloop
  endfacet
  facet normal -0.997874 -0.065172 -2.56443e-05
    outer loop
      vertex 19.894 1.61679 24.6697
      vertex 19.8289 2.61052 32.4
      vertex 19.8892 1.69037 24.4529
    endloop
  endfacet
  facet normal -0.997827 -0.0658924 6.73668e-05
    outer loop
      vertex 19.9007 1.51554 24.875
      vertex 19.8289 2.61052 32.4
      vertex 19.894 1.61679 24.6697
    endloop
  endfacet
  facet normal -0.997873 -0.0651826 -3.63689e-05
    outer loop
      vertex 19.909 1.38837 25.0653
      vertex 19.8289 2.61052 32.4
      vertex 19.9007 1.51554 24.875
    endloop
  endfacet
  facet normal -0.997856 -0.0654442 7.41712e-06
    outer loop
      vertex 19.9189 1.23744 25.2374
      vertex 19.8289 2.61052 32.4
      vertex 19.909 1.38837 25.0653
    endloop
  endfacet
  facet normal -0.997853 -0.065499 1.79491e-05
    outer loop
      vertex 19.9302 1.06533 25.3884
      vertex 19.8289 2.61052 32.4
      vertex 19.9189 1.23744 25.2374
    endloop
  endfacet
  facet normal -0.997881 -0.0650642 -7.82662e-05
    outer loop
      vertex 19.9426 0.875 25.5155
      vertex 19.8289 2.61052 32.4
      vertex 19.9302 1.06533 25.3884
    endloop
  endfacet
  facet normal -0.997847 -0.0655878 5.42838e-05
    outer loop
      vertex 19.9561 0.669696 25.6168
      vertex 19.8289 2.61052 32.4
      vertex 19.9426 0.875 25.5155
    endloop
  endfacet
  facet normal -0.997861 -0.0653718 -7.7647e-06
    outer loop
      vertex 19.9703 0.452933 25.6904
      vertex 19.8289 2.61052 32.4
      vertex 19.9561 0.669696 25.6168
    endloop
  endfacet
  facet normal -0.997863 -0.0653338 6.66119e-06
    outer loop
      vertex 20 0 32.4
      vertex 19.9703 0.452933 25.6904
      vertex 19.985 0.22842 25.735
    endloop
  endfacet
  facet normal -0.997851 -0.0655274 -0
    outer loop
      vertex 20 0 32.4
      vertex 19.985 0.22842 25.735
      vertex 20 0 25.75
    endloop
  endfacet
  facet normal -0.997859 -0.0654022 2.02857e-06
    outer loop
      vertex 19.9703 0.452933 25.6904
      vertex 20 0 32.4
      vertex 19.8289 2.61052 32.4
    endloop
  endfacet
  facet normal -0.946933 -0.32143 0
    outer loop
      vertex 19.3185 5.17638 2.4
      vertex 18.4776 7.65367 32.4
      vertex 18.4776 7.65367 2.4
    endloop
  endfacet
  facet normal -0.946933 -0.32143 0
    outer loop
      vertex 18.4776 7.65367 32.4
      vertex 19.3185 5.17638 2.4
      vertex 19.3185 5.17638 32.4
    endloop
  endfacet
  facet normal -0.831474 0.555564 0
    outer loop
      vertex 15.8671 -12.1752 2.4
      vertex 17.3205 -10 32.4
      vertex 17.3205 -10 2.4
    endloop
  endfacet
  facet normal -0.831474 0.555564 0
    outer loop
      vertex 17.3205 -10 32.4
      vertex 15.8671 -12.1752 2.4
      vertex 15.8671 -12.1752 32.4
    endloop
  endfacet
  facet normal 0.442294 0.89687 -0
    outer loop
      vertex -7.65367 -18.4776 2.4
      vertex -10 -17.3205 32.4
      vertex -7.65367 -18.4776 32.4
    endloop
  endfacet
  facet normal 0.442294 0.89687 0
    outer loop
      vertex -10 -17.3205 32.4
      vertex -7.65367 -18.4776 2.4
      vertex -10 -17.3205 2.4
    endloop
  endfacet
  facet normal -0.89687 -0.442294 0
    outer loop
      vertex 18.4776 7.65367 2.4
      vertex 17.3205 10 32.4
      vertex 17.3205 10 2.4
    endloop
  endfacet
  facet normal -0.89687 -0.442294 0
    outer loop
      vertex 17.3205 10 32.4
      vertex 18.4776 7.65367 2.4
      vertex 18.4776 7.65367 32.4
    endloop
  endfacet
  facet normal -0.659362 -0.751826 0
    outer loop
      vertex 12.1752 15.8671 2.4
      vertex 14.1421 14.1421 32.4
      vertex 12.1752 15.8671 32.4
    endloop
  endfacet
  facet normal -0.659362 -0.751826 -0
    outer loop
      vertex 14.1421 14.1421 32.4
      vertex 12.1752 15.8671 2.4
      vertex 14.1421 14.1421 2.4
    endloop
  endfacet
  facet normal -0.89687 0.442294 0
    outer loop
      vertex 17.3205 -10 2.4
      vertex 18.4776 -7.65367 32.4
      vertex 18.4776 -7.65367 2.4
    endloop
  endfacet
  facet normal -0.89687 0.442294 0
    outer loop
      vertex 18.4776 -7.65367 32.4
      vertex 17.3205 -10 2.4
      vertex 17.3205 -10 32.4
    endloop
  endfacet
  facet normal -0.442294 0.89687 0
    outer loop
      vertex 10 -17.3205 2.4
      vertex 7.65367 -18.4776 32.4
      vertex 10 -17.3205 32.4
    endloop
  endfacet
  facet normal -0.442294 0.89687 0
    outer loop
      vertex 7.65367 -18.4776 32.4
      vertex 10 -17.3205 2.4
      vertex 7.65367 -18.4776 2.4
    endloop
  endfacet
  facet normal 0.659362 -0.751826 0
    outer loop
      vertex -14.1421 14.1421 2.4
      vertex -12.1752 15.8671 32.4
      vertex -14.1421 14.1421 32.4
    endloop
  endfacet
  facet normal 0.659362 -0.751826 0
    outer loop
      vertex -12.1752 15.8671 32.4
      vertex -14.1421 14.1421 2.4
      vertex -12.1752 15.8671 2.4
    endloop
  endfacet
  facet normal 0.980784 -0.195097 0
    outer loop
      vertex -19.8289 2.61052 32.4
      vertex -19.3185 5.17638 2.4
      vertex -19.3185 5.17638 32.4
    endloop
  endfacet
  facet normal 0.980784 -0.195097 0
    outer loop
      vertex -19.3185 5.17638 2.4
      vertex -19.8289 2.61052 32.4
      vertex -19.8289 2.61052 2.4
    endloop
  endfacet
  facet normal 0.555564 0.831474 -0
    outer loop
      vertex -10 -17.3205 2.4
      vertex -12.1752 -15.8671 32.4
      vertex -10 -17.3205 32.4
    endloop
  endfacet
  facet normal 0.555564 0.831474 0
    outer loop
      vertex -12.1752 -15.8671 32.4
      vertex -10 -17.3205 2.4
      vertex -12.1752 -15.8671 2.4
    endloop
  endfacet
  facet normal 0.0654022 0.997859 -0
    outer loop
      vertex 0 -20 2.4
      vertex -2.61052 -19.8289 32.4
      vertex 0 -20 32.4
    endloop
  endfacet
  facet normal 0.0654022 0.997859 0
    outer loop
      vertex -2.61052 -19.8289 32.4
      vertex 0 -20 2.4
      vertex -2.61052 -19.8289 2.4
    endloop
  endfacet
  facet normal -0.442294 -0.89687 0
    outer loop
      vertex 7.65367 18.4776 2.4
      vertex 10 17.3205 32.4
      vertex 7.65367 18.4776 32.4
    endloop
  endfacet
  facet normal -0.442294 -0.89687 -0
    outer loop
      vertex 10 17.3205 32.4
      vertex 7.65367 18.4776 2.4
      vertex 10 17.3205 2.4
    endloop
  endfacet
  facet normal -0.32143 0.946933 0
    outer loop
      vertex 7.65367 -18.4776 2.4
      vertex 5.17638 -19.3185 32.4
      vertex 7.65367 -18.4776 32.4
    endloop
  endfacet
  facet normal -0.32143 0.946933 0
    outer loop
      vertex 5.17638 -19.3185 32.4
      vertex 7.65367 -18.4776 2.4
      vertex 5.17638 -19.3185 2.4
    endloop
  endfacet
  facet normal 0.997885 -0.0650088 0
    outer loop
      vertex -19.8361 2.5 26.4
      vertex -19.8289 2.61052 32.4
      vertex -19.8361 2.5 32.4
    endloop
  endfacet
  facet normal 0.997885 -0.0650088 0
    outer loop
      vertex -19.8289 2.61052 32.4
      vertex -19.8361 2.5 26.4
      vertex -19.8289 2.61052 2.4
    endloop
  endfacet
  facet normal 0.997858 -0.0654196 -1.89972e-06
    outer loop
      vertex -20 0 26.4
      vertex -19.8289 2.61052 2.4
      vertex -19.8361 2.5 26.4
    endloop
  endfacet
  facet normal 0.997859 -0.0654022 0
    outer loop
      vertex -19.8289 2.61052 2.4
      vertex -20 0 26.4
      vertex -20 0 2.4
    endloop
  endfacet
  facet normal 0.751826 -0.659362 0
    outer loop
      vertex -15.8671 12.1752 32.4
      vertex -14.1421 14.1421 2.4
      vertex -14.1421 14.1421 32.4
    endloop
  endfacet
  facet normal 0.751826 -0.659362 0
    outer loop
      vertex -14.1421 14.1421 2.4
      vertex -15.8671 12.1752 32.4
      vertex -15.8671 12.1752 2.4
    endloop
  endfacet
  facet normal 0.442294 -0.89687 0
    outer loop
      vertex -10 17.3205 2.4
      vertex -7.65367 18.4776 32.4
      vertex -10 17.3205 32.4
    endloop
  endfacet
  facet normal 0.442294 -0.89687 0
    outer loop
      vertex -7.65367 18.4776 32.4
      vertex -10 17.3205 2.4
      vertex -7.65367 18.4776 2.4
    endloop
  endfacet
  facet normal -0.946933 0.32143 0
    outer loop
      vertex 18.4776 -7.65367 2.4
      vertex 19.3185 -5.17638 32.4
      vertex 19.3185 -5.17638 2.4
    endloop
  endfacet
  facet normal -0.946933 0.32143 0
    outer loop
      vertex 19.3185 -5.17638 32.4
      vertex 18.4776 -7.65367 2.4
      vertex 18.4776 -7.65367 32.4
    endloop
  endfacet
  facet normal -0.751826 -0.659362 0
    outer loop
      vertex 15.8671 12.1752 2.4
      vertex 14.1421 14.1421 32.4
      vertex 14.1421 14.1421 2.4
    endloop
  endfacet
  facet normal -0.751826 -0.659362 0
    outer loop
      vertex 14.1421 14.1421 32.4
      vertex 15.8671 12.1752 2.4
      vertex 15.8671 12.1752 32.4
    endloop
  endfacet
  facet normal -0.980784 0.195097 0
    outer loop
      vertex 19.3185 -5.17638 2.4
      vertex 19.8289 -2.61052 32.4
      vertex 19.8289 -2.61052 2.4
    endloop
  endfacet
  facet normal -0.980784 0.195097 0
    outer loop
      vertex 19.8289 -2.61052 32.4
      vertex 19.3185 -5.17638 2.4
      vertex 19.3185 -5.17638 32.4
    endloop
  endfacet
  facet normal 0.831474 0.555564 0
    outer loop
      vertex -15.8671 -12.1752 32.4
      vertex -17.3205 -10 2.4
      vertex -17.3205 -10 32.4
    endloop
  endfacet
  facet normal 0.831474 0.555564 0
    outer loop
      vertex -17.3205 -10 2.4
      vertex -15.8671 -12.1752 32.4
      vertex -15.8671 -12.1752 2.4
    endloop
  endfacet
  facet normal 0.659362 0.751826 -0
    outer loop
      vertex -12.1752 -15.8671 2.4
      vertex -14.1421 -14.1421 32.4
      vertex -12.1752 -15.8671 32.4
    endloop
  endfacet
  facet normal 0.659362 0.751826 0
    outer loop
      vertex -14.1421 -14.1421 32.4
      vertex -12.1752 -15.8671 2.4
      vertex -14.1421 -14.1421 2.4
    endloop
  endfacet
  facet normal -0.195097 0.980784 0
    outer loop
      vertex 5.17638 -19.3185 2.4
      vertex 2.61052 -19.8289 32.4
      vertex 5.17638 -19.3185 32.4
    endloop
  endfacet
  facet normal -0.195097 0.980784 0
    outer loop
      vertex 2.61052 -19.8289 32.4
      vertex 5.17638 -19.3185 2.4
      vertex 2.61052 -19.8289 2.4
    endloop
  endfacet
  facet normal -0.659362 0.751826 0
    outer loop
      vertex 14.1421 -14.1421 2.4
      vertex 12.1752 -15.8671 32.4
      vertex 14.1421 -14.1421 32.4
    endloop
  endfacet
  facet normal -0.659362 0.751826 0
    outer loop
      vertex 12.1752 -15.8671 32.4
      vertex 14.1421 -14.1421 2.4
      vertex 12.1752 -15.8671 2.4
    endloop
  endfacet
  facet normal -0.997851 0.0655274 0
    outer loop
      vertex 20 0 2.4
      vertex 19.985 -0.22842 22.265
      vertex 20 0 22.25
    endloop
  endfacet
  facet normal -0.997859 0.0654022 -1.44582e-06
    outer loop
      vertex 19.8289 -2.61052 2.4
      vertex 19.985 -0.22842 22.265
      vertex 20 0 2.4
    endloop
  endfacet
  facet normal -0.997863 0.0653364 6.47061e-06
    outer loop
      vertex 19.985 -0.22842 22.265
      vertex 19.8289 -2.61052 2.4
      vertex 19.9703 -0.452933 22.3096
    endloop
  endfacet
  facet normal -0.997861 0.0653702 2.79943e-06
    outer loop
      vertex 19.9703 -0.452933 22.3096
      vertex 19.8289 -2.61052 2.4
      vertex 19.9561 -0.669696 22.3832
    endloop
  endfacet
  facet normal -0.997846 0.0656046 -2.00661e-05
    outer loop
      vertex 19.9561 -0.669696 22.3832
      vertex 19.8289 -2.61052 2.4
      vertex 19.9426 -0.875 22.4845
    endloop
  endfacet
  facet normal -0.997883 0.0650319 2.96342e-05
    outer loop
      vertex 19.9426 -0.875 22.4845
      vertex 19.8289 -2.61052 2.4
      vertex 19.9302 -1.06533 22.6116
    endloop
  endfacet
  facet normal -0.997852 0.0655085 -6.96357e-06
    outer loop
      vertex 19.9302 -1.06533 22.6116
      vertex 19.8289 -2.61052 2.4
      vertex 19.9189 -1.23744 22.7626
    endloop
  endfacet
  facet normal -0.997856 0.0654493 -2.95229e-06
    outer loop
      vertex 19.9189 -1.23744 22.7626
      vertex 19.8289 -2.61052 2.4
      vertex 19.909 -1.38837 22.9347
    endloop
  endfacet
  facet normal -0.997875 0.0651506 1.49023e-05
    outer loop
      vertex 19.909 -1.38837 22.9347
      vertex 19.8289 -2.61052 2.4
      vertex 19.9007 -1.51554 23.125
    endloop
  endfacet
  facet normal -0.997822 0.0659707 -2.86117e-05
    outer loop
      vertex 19.9007 -1.51554 23.125
      vertex 19.8289 -2.61052 2.4
      vertex 19.894 -1.61679 23.3303
    endloop
  endfacet
  facet normal -0.997877 0.0651304 1.14562e-05
    outer loop
      vertex 19.894 -1.61679 23.3303
      vertex 19.8289 -2.61052 2.4
      vertex 19.8892 -1.69037 23.5471
    endloop
  endfacet
  facet normal -0.997808 0.0661791 -3.11149e-05
    outer loop
      vertex 19.8863 -1.73503 23.7716
      vertex 19.8289 -2.61052 2.4
      vertex 19.8853 -1.75 24
    endloop
  endfacet
  facet normal -0.997891 0.0649052 2.12955e-05
    outer loop
      vertex 19.8892 -1.69037 23.5471
      vertex 19.8289 -2.61052 2.4
      vertex 19.8863 -1.73503 23.7716
    endloop
  endfacet
  facet normal -0.997851 0.0655274 0
    outer loop
      vertex 19.985 -0.22842 25.735
      vertex 20 0 32.4
      vertex 20 0 25.75
    endloop
  endfacet
  facet normal -0.997863 0.0653338 6.66119e-06
    outer loop
      vertex 19.9703 -0.452933 25.6904
      vertex 20 0 32.4
      vertex 19.985 -0.22842 25.735
    endloop
  endfacet
  facet normal -0.997861 0.0653718 -7.7647e-06
    outer loop
      vertex 19.8289 -2.61052 32.4
      vertex 19.9703 -0.452933 25.6904
      vertex 19.9561 -0.669696 25.6168
    endloop
  endfacet
  facet normal -0.997847 0.0655878 5.42838e-05
    outer loop
      vertex 19.8289 -2.61052 32.4
      vertex 19.9561 -0.669696 25.6168
      vertex 19.9426 -0.875 25.5155
    endloop
  endfacet
  facet normal -0.997881 0.0650642 -7.82662e-05
    outer loop
      vertex 19.8289 -2.61052 32.4
      vertex 19.9426 -0.875 25.5155
      vertex 19.9302 -1.06533 25.3884
    endloop
  endfacet
  facet normal -0.997853 0.065499 1.79491e-05
    outer loop
      vertex 19.8289 -2.61052 32.4
      vertex 19.9302 -1.06533 25.3884
      vertex 19.9189 -1.23744 25.2374
    endloop
  endfacet
  facet normal -0.997856 0.0654442 7.41712e-06
    outer loop
      vertex 19.8289 -2.61052 32.4
      vertex 19.9189 -1.23744 25.2374
      vertex 19.909 -1.38837 25.0653
    endloop
  endfacet
  facet normal -0.997873 0.0651826 -3.63689e-05
    outer loop
      vertex 19.8289 -2.61052 32.4
      vertex 19.909 -1.38837 25.0653
      vertex 19.9007 -1.51554 24.875
    endloop
  endfacet
  facet normal -0.997827 0.0658924 6.73668e-05
    outer loop
      vertex 19.8289 -2.61052 32.4
      vertex 19.9007 -1.51554 24.875
      vertex 19.894 -1.61679 24.6697
    endloop
  endfacet
  facet normal -0.997874 0.065172 -2.56443e-05
    outer loop
      vertex 19.8289 -2.61052 32.4
      vertex 19.894 -1.61679 24.6697
      vertex 19.8892 -1.69037 24.4529
    endloop
  endfacet
  facet normal -0.997859 0.0654022 2.02857e-06
    outer loop
      vertex 19.9703 -0.452933 25.6904
      vertex 19.8289 -2.61052 32.4
      vertex 20 0 32.4
    endloop
  endfacet
  facet normal -0.997884 0.0650171 -4.36535e-05
    outer loop
      vertex 19.8863 -1.73503 24.2284
      vertex 19.8289 -2.61052 32.4
      vertex 19.8892 -1.69037 24.4529
    endloop
  endfacet
  facet normal -0.997827 0.0658893 5.01931e-05
    outer loop
      vertex 19.8853 -1.75 24
      vertex 19.8289 -2.61052 32.4
      vertex 19.8863 -1.73503 24.2284
    endloop
  endfacet
  facet normal -0.997859 0.0654014 0
    outer loop
      vertex 19.8289 -2.61052 32.4
      vertex 19.8853 -1.75 24
      vertex 19.8289 -2.61052 2.4
    endloop
  endfacet
  facet normal 0.980784 0.195097 0
    outer loop
      vertex -19.3185 -5.17638 32.4
      vertex -19.8289 -2.61052 2.4
      vertex -19.8289 -2.61052 32.4
    endloop
  endfacet
  facet normal 0.980784 0.195097 0
    outer loop
      vertex -19.8289 -2.61052 2.4
      vertex -19.3185 -5.17638 32.4
      vertex -19.3185 -5.17638 2.4
    endloop
  endfacet
  facet normal -0.751826 0.659362 0
    outer loop
      vertex 14.1421 -14.1421 2.4
      vertex 15.8671 -12.1752 32.4
      vertex 15.8671 -12.1752 2.4
    endloop
  endfacet
  facet normal -0.751826 0.659362 0
    outer loop
      vertex 15.8671 -12.1752 32.4
      vertex 14.1421 -14.1421 2.4
      vertex 14.1421 -14.1421 32.4
    endloop
  endfacet
  facet normal 0.0654022 -0.997859 0
    outer loop
      vertex -2.61052 19.8289 2.4
      vertex 0 20 32.4
      vertex -2.61052 19.8289 32.4
    endloop
  endfacet
  facet normal 0.0654022 -0.997859 0
    outer loop
      vertex 0 20 32.4
      vertex -2.61052 19.8289 2.4
      vertex 0 20 2.4
    endloop
  endfacet
  facet normal 0.89687 0.442294 0
    outer loop
      vertex -17.3205 -10 32.4
      vertex -18.4776 -7.65367 2.4
      vertex -18.4776 -7.65367 32.4
    endloop
  endfacet
  facet normal 0.89687 0.442294 0
    outer loop
      vertex -18.4776 -7.65367 2.4
      vertex -17.3205 -10 32.4
      vertex -17.3205 -10 2.4
    endloop
  endfacet
  facet normal 0.89687 -0.442294 0
    outer loop
      vertex -18.4776 7.65367 32.4
      vertex -17.3205 10 2.4
      vertex -17.3205 10 32.4
    endloop
  endfacet
  facet normal 0.89687 -0.442294 0
    outer loop
      vertex -17.3205 10 2.4
      vertex -18.4776 7.65367 32.4
      vertex -18.4776 7.65367 2.4
    endloop
  endfacet
  facet normal -0.555564 -0.831474 0
    outer loop
      vertex 10 17.3205 2.4
      vertex 12.1752 15.8671 32.4
      vertex 10 17.3205 32.4
    endloop
  endfacet
  facet normal -0.555564 -0.831474 -0
    outer loop
      vertex 12.1752 15.8671 32.4
      vertex 10 17.3205 2.4
      vertex 12.1752 15.8671 2.4
    endloop
  endfacet
  facet normal -0.195097 -0.980784 0
    outer loop
      vertex 2.61052 19.8289 2.4
      vertex 5.17638 19.3185 32.4
      vertex 2.61052 19.8289 32.4
    endloop
  endfacet
  facet normal -0.195097 -0.980784 -0
    outer loop
      vertex 5.17638 19.3185 32.4
      vertex 2.61052 19.8289 2.4
      vertex 5.17638 19.3185 2.4
    endloop
  endfacet
  facet normal 0.32143 0.946933 -0
    outer loop
      vertex -5.17638 -19.3185 2.4
      vertex -7.65367 -18.4776 32.4
      vertex -5.17638 -19.3185 32.4
    endloop
  endfacet
  facet normal 0.32143 0.946933 0
    outer loop
      vertex -7.65367 -18.4776 32.4
      vertex -5.17638 -19.3185 2.4
      vertex -7.65367 -18.4776 2.4
    endloop
  endfacet
  facet normal 0.555564 -0.831474 0
    outer loop
      vertex -12.1752 15.8671 2.4
      vertex -10 17.3205 32.4
      vertex -12.1752 15.8671 32.4
    endloop
  endfacet
  facet normal 0.555564 -0.831474 0
    outer loop
      vertex -10 17.3205 32.4
      vertex -12.1752 15.8671 2.4
      vertex -10 17.3205 2.4
    endloop
  endfacet
  facet normal -0.831474 -0.555564 0
    outer loop
      vertex 17.3205 10 2.4
      vertex 15.8671 12.1752 32.4
      vertex 15.8671 12.1752 2.4
    endloop
  endfacet
  facet normal -0.831474 -0.555564 0
    outer loop
      vertex 15.8671 12.1752 32.4
      vertex 17.3205 10 2.4
      vertex 17.3205 10 32.4
    endloop
  endfacet
  facet normal 0.997885 0.0650088 0
    outer loop
      vertex -19.8361 -2.5 32.4
      vertex -19.8289 -2.61052 32.4
      vertex -19.8361 -2.5 26.4
    endloop
  endfacet
  facet normal 0.997858 0.0654196 0
    outer loop
      vertex -19.8361 -2.5 26.4
      vertex -20 0 2.4
      vertex -20 0 26.4
    endloop
  endfacet
  facet normal 0.997859 0.0654022 -1.8193e-06
    outer loop
      vertex -19.8361 -2.5 26.4
      vertex -19.8289 -2.61052 2.4
      vertex -20 0 2.4
    endloop
  endfacet
  facet normal 0.997885 0.0650088 -0
    outer loop
      vertex -19.8289 -2.61052 2.4
      vertex -19.8361 -2.5 26.4
      vertex -19.8289 -2.61052 32.4
    endloop
  endfacet
  facet normal 0 0 1
    outer loop
      vertex 19.8289 2.61052 2.4
      vertex 19.8289 -2.61052 2.4
      vertex 20 0 2.4
    endloop
  endfacet
  facet normal 0 0 1
    outer loop
      vertex 19.3185 5.17638 2.4
      vertex 19.8289 -2.61052 2.4
      vertex 19.8289 2.61052 2.4
    endloop
  endfacet
  facet normal 0 0 1
    outer loop
      vertex 19.3185 5.17638 2.4
      vertex 19.3185 -5.17638 2.4
      vertex 19.8289 -2.61052 2.4
    endloop
  endfacet
  facet normal 0 0 1
    outer loop
      vertex 18.4776 7.65367 2.4
      vertex 19.3185 -5.17638 2.4
      vertex 19.3185 5.17638 2.4
    endloop
  endfacet
  facet normal 0 0 1
    outer loop
      vertex 18.4776 7.65367 2.4
      vertex 18.4776 -7.65367 2.4
      vertex 19.3185 -5.17638 2.4
    endloop
  endfacet
  facet normal 0 0 1
    outer loop
      vertex 17.3205 10 2.4
      vertex 18.4776 -7.65367 2.4
      vertex 18.4776 7.65367 2.4
    endloop
  endfacet
  facet normal 0 0 1
    outer loop
      vertex 17.3205 10 2.4
      vertex 17.3205 -10 2.4
      vertex 18.4776 -7.65367 2.4
    endloop
  endfacet
  facet normal 0 0 1
    outer loop
      vertex 15.8671 12.1752 2.4
      vertex 17.3205 -10 2.4
      vertex 17.3205 10 2.4
    endloop
  endfacet
  facet normal 0 0 1
    outer loop
      vertex 15.8671 12.1752 2.4
      vertex 15.8671 -12.1752 2.4
      vertex 17.3205 -10 2.4
    endloop
  endfacet
  facet normal 0 0 1
    outer loop
      vertex 14.1421 14.1421 2.4
      vertex 15.8671 -12.1752 2.4
      vertex 15.8671 12.1752 2.4
    endloop
  endfacet
  facet normal 0 0 1
    outer loop
      vertex 14.1421 14.1421 2.4
      vertex 14.1421 -14.1421 2.4
      vertex 15.8671 -12.1752 2.4
    endloop
  endfacet
  facet normal 0 0 1
    outer loop
      vertex 12.1752 15.8671 2.4
      vertex 14.1421 -14.1421 2.4
      vertex 14.1421 14.1421 2.4
    endloop
  endfacet
  facet normal 0 0 1
    outer loop
      vertex 12.1752 15.8671 2.4
      vertex 12.1752 -15.8671 2.4
      vertex 14.1421 -14.1421 2.4
    endloop
  endfacet
  facet normal 0 0 1
    outer loop
      vertex 10 17.3205 2.4
      vertex 12.1752 -15.8671 2.4
      vertex 12.1752 15.8671 2.4
    endloop
  endfacet
  facet normal 0 0 1
    outer loop
      vertex 10 17.3205 2.4
      vertex 10 -17.3205 2.4
      vertex 12.1752 -15.8671 2.4
    endloop
  endfacet
  facet normal 0 0 1
    outer loop
      vertex 7.65367 18.4776 2.4
      vertex 10 -17.3205 2.4
      vertex 10 17.3205 2.4
    endloop
  endfacet
  facet normal 0 0 1
    outer loop
      vertex 7.65367 18.4776 2.4
      vertex 7.65367 -18.4776 2.4
      vertex 10 -17.3205 2.4
    endloop
  endfacet
  facet normal 0 0 1
    outer loop
      vertex 5.17638 19.3185 2.4
      vertex 7.65367 -18.4776 2.4
      vertex 7.65367 18.4776 2.4
    endloop
  endfacet
  facet normal 0 0 1
    outer loop
      vertex 5.17638 19.3185 2.4
      vertex 5.17638 -19.3185 2.4
      vertex 7.65367 -18.4776 2.4
    endloop
  endfacet
  facet normal 0 0 1
    outer loop
      vertex 2.61052 19.8289 2.4
      vertex 5.17638 -19.3185 2.4
      vertex 5.17638 19.3185 2.4
    endloop
  endfacet
  facet normal 0 0 1
    outer loop
      vertex 2.61052 19.8289 2.4
      vertex 2.61052 -19.8289 2.4
      vertex 5.17638 -19.3185 2.4
    endloop
  endfacet
  facet normal 0 0 1
    outer loop
      vertex 0 20 2.4
      vertex 2.61052 -19.8289 2.4
      vertex 2.61052 19.8289 2.4
    endloop
  endfacet
  facet normal 0 0 1
    outer loop
      vertex 0 20 2.4
      vertex 0 -20 2.4
      vertex 2.61052 -19.8289 2.4
    endloop
  endfacet
  facet normal -0 0 1
    outer loop
      vertex -2.61052 19.8289 2.4
      vertex 0 -20 2.4
      vertex 0 20 2.4
    endloop
  endfacet
  facet normal 0 0 1
    outer loop
      vertex -2.61052 19.8289 2.4
      vertex -2.61052 -19.8289 2.4
      vertex 0 -20 2.4
    endloop
  endfacet
  facet normal -0 0 1
    outer loop
      vertex -5.17638 19.3185 2.4
      vertex -2.61052 -19.8289 2.4
      vertex -2.61052 19.8289 2.4
    endloop
  endfacet
  facet normal 0 0 1
    outer loop
      vertex -5.17638 19.3185 2.4
      vertex -5.17638 -19.3185 2.4
      vertex -2.61052 -19.8289 2.4
    endloop
  endfacet
  facet normal -0 0 1
    outer loop
      vertex -7.65367 18.4776 2.4
      vertex -5.17638 -19.3185 2.4
      vertex -5.17638 19.3185 2.4
    endloop
  endfacet
  facet normal 0 0 1
    outer loop
      vertex -7.65367 18.4776 2.4
      vertex -7.65367 -18.4776 2.4
      vertex -5.17638 -19.3185 2.4
    endloop
  endfacet
  facet normal -0 0 1
    outer loop
      vertex -10 17.3205 2.4
      vertex -7.65367 -18.4776 2.4
      vertex -7.65367 18.4776 2.4
    endloop
  endfacet
  facet normal 0 0 1
    outer loop
      vertex -10 17.3205 2.4
      vertex -10 -17.3205 2.4
      vertex -7.65367 -18.4776 2.4
    endloop
  endfacet
  facet normal -0 0 1
    outer loop
      vertex -12.1752 15.8671 2.4
      vertex -10 -17.3205 2.4
      vertex -10 17.3205 2.4
    endloop
  endfacet
  facet normal 0 0 1
    outer loop
      vertex -12.1752 15.8671 2.4
      vertex -12.1752 -15.8671 2.4
      vertex -10 -17.3205 2.4
    endloop
  endfacet
  facet normal -0 0 1
    outer loop
      vertex -14.1421 14.1421 2.4
      vertex -12.1752 -15.8671 2.4
      vertex -12.1752 15.8671 2.4
    endloop
  endfacet
  facet normal 0 0 1
    outer loop
      vertex -14.1421 14.1421 2.4
      vertex -14.1421 -14.1421 2.4
      vertex -12.1752 -15.8671 2.4
    endloop
  endfacet
  facet normal -0 0 1
    outer loop
      vertex -15.8671 12.1752 2.4
      vertex -14.1421 -14.1421 2.4
      vertex -14.1421 14.1421 2.4
    endloop
  endfacet
  facet normal 0 0 1
    outer loop
      vertex -15.8671 12.1752 2.4
      vertex -15.8671 -12.1752 2.4
      vertex -14.1421 -14.1421 2.4
    endloop
  endfacet
  facet normal -0 0 1
    outer loop
      vertex -17.3205 10 2.4
      vertex -15.8671 -12.1752 2.4
      vertex -15.8671 12.1752 2.4
    endloop
  endfacet
  facet normal 0 0 1
    outer loop
      vertex -17.3205 10 2.4
      vertex -17.3205 -10 2.4
      vertex -15.8671 -12.1752 2.4
    endloop
  endfacet
  facet normal -0 0 1
    outer loop
      vertex -18.4776 7.65367 2.4
      vertex -17.3205 -10 2.4
      vertex -17.3205 10 2.4
    endloop
  endfacet
  facet normal 0 0 1
    outer loop
      vertex -18.4776 7.65367 2.4
      vertex -18.4776 -7.65367 2.4
      vertex -17.3205 -10 2.4
    endloop
  endfacet
  facet normal -0 0 1
    outer loop
      vertex -19.3185 5.17638 2.4
      vertex -18.4776 -7.65367 2.4
      vertex -18.4776 7.65367 2.4
    endloop
  endfacet
  facet normal 0 0 1
    outer loop
      vertex -19.3185 5.17638 2.4
      vertex -19.3185 -5.17638 2.4
      vertex -18.4776 -7.65367 2.4
    endloop
  endfacet
  facet normal -0 0 1
    outer loop
      vertex -19.8289 2.61052 2.4
      vertex -19.3185 -5.17638 2.4
      vertex -19.3185 5.17638 2.4
    endloop
  endfacet
  facet normal 0 0 1
    outer loop
      vertex -19.8289 2.61052 2.4
      vertex -19.8289 -2.61052 2.4
      vertex -19.3185 -5.17638 2.4
    endloop
  endfacet
  facet normal 0 -0 1
    outer loop
      vertex -19.8289 -2.61052 2.4
      vertex -19.8289 2.61052 2.4
      vertex -20 0 2.4
    endloop
  endfacet
  facet normal 0.32143 -0.946933 0
    outer loop
      vertex -7.65367 18.4776 2.4
      vertex -5.17638 19.3185 32.4
      vertex -7.65367 18.4776 32.4
    endloop
  endfacet
  facet normal 0.32143 -0.946933 0
    outer loop
      vertex -5.17638 19.3185 32.4
      vertex -7.65367 18.4776 2.4
      vertex -5.17638 19.3185 2.4
    endloop
  endfacet
  facet normal -0.0654022 -0.997859 0
    outer loop
      vertex 0 20 2.4
      vertex 2.61052 19.8289 32.4
      vertex 0 20 32.4
    endloop
  endfacet
  facet normal -0.0654022 -0.997859 -0
    outer loop
      vertex 2.61052 19.8289 32.4
      vertex 0 20 2.4
      vertex 2.61052 19.8289 2.4
    endloop
  endfacet
  facet normal 0.195097 0.980784 -0
    outer loop
      vertex -2.61052 -19.8289 2.4
      vertex -5.17638 -19.3185 32.4
      vertex -2.61052 -19.8289 32.4
    endloop
  endfacet
  facet normal 0.195097 0.980784 0
    outer loop
      vertex -5.17638 -19.3185 32.4
      vertex -2.61052 -19.8289 2.4
      vertex -5.17638 -19.3185 2.4
    endloop
  endfacet
  facet normal 0.195097 -0.980784 0
    outer loop
      vertex -5.17638 19.3185 2.4
      vertex -2.61052 19.8289 32.4
      vertex -5.17638 19.3185 32.4
    endloop
  endfacet
  facet normal 0.195097 -0.980784 0
    outer loop
      vertex -2.61052 19.8289 32.4
      vertex -5.17638 19.3185 2.4
      vertex -2.61052 19.8289 2.4
    endloop
  endfacet
  facet normal -0.555564 0.831474 0
    outer loop
      vertex 12.1752 -15.8671 2.4
      vertex 10 -17.3205 32.4
      vertex 12.1752 -15.8671 32.4
    endloop
  endfacet
  facet normal -0.555564 0.831474 0
    outer loop
      vertex 10 -17.3205 32.4
      vertex 12.1752 -15.8671 2.4
      vertex 10 -17.3205 2.4
    endloop
  endfacet
  facet normal 0.946933 0.32143 0
    outer loop
      vertex -18.4776 -7.65367 32.4
      vertex -19.3185 -5.17638 2.4
      vertex -19.3185 -5.17638 32.4
    endloop
  endfacet
  facet normal 0.946933 0.32143 0
    outer loop
      vertex -19.3185 -5.17638 2.4
      vertex -18.4776 -7.65367 32.4
      vertex -18.4776 -7.65367 2.4
    endloop
  endfacet
  facet normal 0.751826 0.659362 0
    outer loop
      vertex -14.1421 -14.1421 32.4
      vertex -15.8671 -12.1752 2.4
      vertex -15.8671 -12.1752 32.4
    endloop
  endfacet
  facet normal 0.751826 0.659362 0
    outer loop
      vertex -15.8671 -12.1752 2.4
      vertex -14.1421 -14.1421 32.4
      vertex -14.1421 -14.1421 2.4
    endloop
  endfacet
  facet normal 0.946933 -0.32143 0
    outer loop
      vertex -19.3185 5.17638 32.4
      vertex -18.4776 7.65367 2.4
      vertex -18.4776 7.65367 32.4
    endloop
  endfacet
  facet normal 0.946933 -0.32143 0
    outer loop
      vertex -18.4776 7.65367 2.4
      vertex -19.3185 5.17638 32.4
      vertex -19.3185 5.17638 2.4
    endloop
  endfacet
  facet normal -0.32143 -0.946933 0
    outer loop
      vertex 5.17638 19.3185 2.4
      vertex 7.65367 18.4776 32.4
      vertex 5.17638 19.3185 32.4
    endloop
  endfacet
  facet normal -0.32143 -0.946933 -0
    outer loop
      vertex 7.65367 18.4776 32.4
      vertex 5.17638 19.3185 2.4
      vertex 7.65367 18.4776 2.4
    endloop
  endfacet
  facet normal 0.831474 -0.555564 0
    outer loop
      vertex -17.3205 10 32.4
      vertex -15.8671 12.1752 2.4
      vertex -15.8671 12.1752 32.4
    endloop
  endfacet
  facet normal 0.831474 -0.555564 0
    outer loop
      vertex -15.8671 12.1752 2.4
      vertex -17.3205 10 32.4
      vertex -17.3205 10 2.4
    endloop
  endfacet
  facet normal 0 0.997859 0.0654026
    outer loop
      vertex 24.4 -1.73503 23.7716
      vertex 19.8853 -1.75 24
      vertex 24.4 -1.75 24
    endloop
  endfacet
  facet normal 0 0.997859 0.0654026
    outer loop
      vertex 19.8853 -1.75 24
      vertex 24.4 -1.73503 23.7716
      vertex 19.8863 -1.73503 23.7716
    endloop
  endfacet
  facet normal 0 -0.321513 0.946905
    outer loop
      vertex 24.4 0.669696 22.3832
      vertex 19.9703 0.452933 22.3096
      vertex 24.4 0.452933 22.3096
    endloop
  endfacet
  facet normal 0 -0.321513 0.946905
    outer loop
      vertex 19.9703 0.452933 22.3096
      vertex 24.4 0.669696 22.3832
      vertex 19.9561 0.669696 22.3832
    endloop
  endfacet
  facet normal -0 0.442483 0.896777
    outer loop
      vertex 19.9561 -0.669696 22.3832
      vertex 24.4 -0.875 22.4845
      vertex 24.4 -0.669696 22.3832
    endloop
  endfacet
  facet normal 0 0.442483 0.896777
    outer loop
      vertex 24.4 -0.875 22.4845
      vertex 19.9561 -0.669696 22.3832
      vertex 19.9426 -0.875 22.4845
    endloop
  endfacet
  facet normal 0 -0.442483 0.896777
    outer loop
      vertex 24.4 0.875 22.4845
      vertex 19.9561 0.669696 22.3832
      vertex 24.4 0.669696 22.3832
    endloop
  endfacet
  facet normal 0 -0.442483 0.896777
    outer loop
      vertex 19.9561 0.669696 22.3832
      vertex 24.4 0.875 22.4845
      vertex 19.9426 0.875 22.4845
    endloop
  endfacet
  facet normal 0 -0.0655274 0.997851
    outer loop
      vertex 24.4 0.22842 22.265
      vertex 20 0 22.25
      vertex 24.4 0 22.25
    endloop
  endfacet
  facet normal 0 -0.0655274 0.997851
    outer loop
      vertex 20 0 22.25
      vertex 24.4 0.22842 22.265
      vertex 19.985 0.22842 22.265
    endloop
  endfacet
  facet normal 0 -0.997859 0.0654026
    outer loop
      vertex 19.8863 1.73503 23.7716
      vertex 24.4 1.75 24
      vertex 19.8853 1.75 24
    endloop
  endfacet
  facet normal 0 -0.997859 0.0654026
    outer loop
      vertex 24.4 1.75 24
      vertex 19.8863 1.73503 23.7716
      vertex 24.4 1.73503 23.7716
    endloop
  endfacet
  facet normal 0 -0.831438 0.555617
    outer loop
      vertex 19.909 1.38837 22.9347
      vertex 24.4 1.51554 23.125
      vertex 19.9007 1.51554 23.125
    endloop
  endfacet
  facet normal 0 -0.831438 0.555617
    outer loop
      vertex 24.4 1.51554 23.125
      vertex 19.909 1.38837 22.9347
      vertex 24.4 1.38837 22.9347
    endloop
  endfacet
  facet normal 0 -0.555345 0.83162
    outer loop
      vertex 24.4 1.06533 22.6116
      vertex 19.9426 0.875 22.4845
      vertex 24.4 0.875 22.4845
    endloop
  endfacet
  facet normal 0 -0.555345 0.83162
    outer loop
      vertex 19.9426 0.875 22.4845
      vertex 24.4 1.06533 22.6116
      vertex 19.9302 1.06533 22.6116
    endloop
  endfacet
  facet normal -0 0.751835 0.659352
    outer loop
      vertex 19.9189 -1.23744 22.7626
      vertex 24.4 -1.38837 22.9347
      vertex 24.4 -1.23744 22.7626
    endloop
  endfacet
  facet normal 0 0.751835 0.659352
    outer loop
      vertex 24.4 -1.38837 22.9347
      vertex 19.9189 -1.23744 22.7626
      vertex 19.909 -1.38837 22.9347
    endloop
  endfacet
  facet normal 0 -0.946948 0.321386
    outer loop
      vertex 19.894 1.61679 23.3303
      vertex 24.4 1.69037 23.5471
      vertex 19.8892 1.69037 23.5471
    endloop
  endfacet
  facet normal 0 -0.946948 0.321386
    outer loop
      vertex 24.4 1.69037 23.5471
      vertex 19.894 1.61679 23.3303
      vertex 24.4 1.61679 23.3303
    endloop
  endfacet
  facet normal 0 -0.89686 0.442314
    outer loop
      vertex 19.9007 1.51554 23.125
      vertex 24.4 1.61679 23.3303
      vertex 19.894 1.61679 23.3303
    endloop
  endfacet
  facet normal 0 -0.89686 0.442314
    outer loop
      vertex 24.4 1.61679 23.3303
      vertex 19.9007 1.51554 23.125
      vertex 24.4 1.51554 23.125
    endloop
  endfacet
  facet normal -0 0.946948 0.321386
    outer loop
      vertex 19.894 -1.61679 23.3303
      vertex 24.4 -1.69037 23.5471
      vertex 24.4 -1.61679 23.3303
    endloop
  endfacet
  facet normal 0 0.946948 0.321386
    outer loop
      vertex 24.4 -1.69037 23.5471
      vertex 19.894 -1.61679 23.3303
      vertex 19.8892 -1.69037 23.5471
    endloop
  endfacet
  facet normal -0 0.0655274 0.997851
    outer loop
      vertex 20 0 22.25
      vertex 24.4 -0.22842 22.265
      vertex 24.4 0 22.25
    endloop
  endfacet
  facet normal 0 0.0655274 0.997851
    outer loop
      vertex 24.4 -0.22842 22.265
      vertex 20 0 22.25
      vertex 19.985 -0.22842 22.265
    endloop
  endfacet
  facet normal -0 0.831438 0.555617
    outer loop
      vertex 19.909 -1.38837 22.9347
      vertex 24.4 -1.51554 23.125
      vertex 24.4 -1.38837 22.9347
    endloop
  endfacet
  facet normal 0 0.831438 0.555617
    outer loop
      vertex 24.4 -1.51554 23.125
      vertex 19.909 -1.38837 22.9347
      vertex 19.9007 -1.51554 23.125
    endloop
  endfacet
  facet normal 0 -0.659503 0.751702
    outer loop
      vertex 24.4 1.23744 22.7626
      vertex 19.9302 1.06533 22.6116
      vertex 24.4 1.06533 22.6116
    endloop
  endfacet
  facet normal 0 -0.659503 0.751702
    outer loop
      vertex 19.9302 1.06533 22.6116
      vertex 24.4 1.23744 22.7626
      vertex 19.9189 1.23744 22.7626
    endloop
  endfacet
  facet normal -0 0.321513 0.946905
    outer loop
      vertex 19.9703 -0.452933 22.3096
      vertex 24.4 -0.669696 22.3832
      vertex 24.4 -0.452933 22.3096
    endloop
  endfacet
  facet normal 0 0.321513 0.946905
    outer loop
      vertex 24.4 -0.669696 22.3832
      vertex 19.9703 -0.452933 22.3096
      vertex 19.9561 -0.669696 22.3832
    endloop
  endfacet
  facet normal 0 -0.194845 0.980834
    outer loop
      vertex 24.4 0.452933 22.3096
      vertex 19.985 0.22842 22.265
      vertex 24.4 0.22842 22.265
    endloop
  endfacet
  facet normal 0 -0.194845 0.980834
    outer loop
      vertex 19.985 0.22842 22.265
      vertex 24.4 0.452933 22.3096
      vertex 19.9703 0.452933 22.3096
    endloop
  endfacet
  facet normal -0 0.89686 0.442314
    outer loop
      vertex 19.9007 -1.51554 23.125
      vertex 24.4 -1.61679 23.3303
      vertex 24.4 -1.51554 23.125
    endloop
  endfacet
  facet normal 0 0.89686 0.442314
    outer loop
      vertex 24.4 -1.61679 23.3303
      vertex 19.9007 -1.51554 23.125
      vertex 19.894 -1.61679 23.3303
    endloop
  endfacet
  facet normal -0 0.555345 0.83162
    outer loop
      vertex 19.9426 -0.875 22.4845
      vertex 24.4 -1.06533 22.6116
      vertex 24.4 -0.875 22.4845
    endloop
  endfacet
  facet normal 0 0.555345 0.83162
    outer loop
      vertex 24.4 -1.06533 22.6116
      vertex 19.9426 -0.875 22.4845
      vertex 19.9302 -1.06533 22.6116
    endloop
  endfacet
  facet normal -0 0.194845 0.980834
    outer loop
      vertex 19.985 -0.22842 22.265
      vertex 24.4 -0.452933 22.3096
      vertex 24.4 -0.22842 22.265
    endloop
  endfacet
  facet normal 0 0.194845 0.980834
    outer loop
      vertex 24.4 -0.452933 22.3096
      vertex 19.985 -0.22842 22.265
      vertex 19.9703 -0.452933 22.3096
    endloop
  endfacet
  facet normal -0 0.980782 0.195108
    outer loop
      vertex 19.8892 -1.69037 23.5471
      vertex 24.4 -1.73503 23.7716
      vertex 24.4 -1.69037 23.5471
    endloop
  endfacet
  facet normal 0 0.980782 0.195108
    outer loop
      vertex 24.4 -1.73503 23.7716
      vertex 19.8892 -1.69037 23.5471
      vertex 19.8863 -1.73503 23.7716
    endloop
  endfacet
  facet normal -0 0.659503 0.751702
    outer loop
      vertex 19.9302 -1.06533 22.6116
      vertex 24.4 -1.23744 22.7626
      vertex 24.4 -1.06533 22.6116
    endloop
  endfacet
  facet normal 0 0.659503 0.751702
    outer loop
      vertex 24.4 -1.23744 22.7626
      vertex 19.9302 -1.06533 22.6116
      vertex 19.9189 -1.23744 22.7626
    endloop
  endfacet
  facet normal 0 -0.751835 0.659352
    outer loop
      vertex 19.9189 1.23744 22.7626
      vertex 24.4 1.38837 22.9347
      vertex 19.909 1.38837 22.9347
    endloop
  endfacet
  facet normal 0 -0.751835 0.659352
    outer loop
      vertex 24.4 1.38837 22.9347
      vertex 19.9189 1.23744 22.7626
      vertex 24.4 1.23744 22.7626
    endloop
  endfacet
  facet normal 0 -0.980782 0.195108
    outer loop
      vertex 19.8892 1.69037 23.5471
      vertex 24.4 1.73503 23.7716
      vertex 19.8863 1.73503 23.7716
    endloop
  endfacet
  facet normal 0 -0.980782 0.195108
    outer loop
      vertex 24.4 1.73503 23.7716
      vertex 19.8892 1.69037 23.5471
      vertex 24.4 1.69037 23.5471
    endloop
  endfacet
  facet normal 0 0 1
    outer loop
      vertex -19.8361 2.5 26.4
      vertex -22.2361 2.5 26.4
      vertex -20 0 26.4
    endloop
  endfacet
  facet normal 0 0 1
    outer loop
      vertex -22.4 0 26.4
      vertex -20 0 26.4
      vertex -22.2361 2.5 26.4
    endloop
  endfacet
  facet normal 0 -0 1
    outer loop
      vertex -22.2361 -2.5 26.4
      vertex -20 0 26.4
      vertex -22.4 0 26.4
    endloop
  endfacet
  facet normal 0 0 1
    outer loop
      vertex -20 0 26.4
      vertex -22.2361 -2.5 26.4
      vertex -19.8361 -2.5 26.4
    endloop
  endfacet
  facet normal 0 -1 0
    outer loop
      vertex -22.2361 2.5 26.4
      vertex -19.8361 2.5 32.4
      vertex -22.2361 2.5 32.4
    endloop
  endfacet
  facet normal 0 -1 -0
    outer loop
      vertex -19.8361 2.5 32.4
      vertex -22.2361 2.5 26.4
      vertex -19.8361 2.5 26.4
    endloop
  endfacet
  facet normal 0 1 -0
    outer loop
      vertex -19.8361 -2.5 26.4
      vertex -22.2361 -2.5 32.4
      vertex -19.8361 -2.5 32.4
    endloop
  endfacet
  facet normal 0 1 0
    outer loop
      vertex -22.2361 -2.5 32.4
      vertex -19.8361 -2.5 26.4
      vertex -22.2361 -2.5 26.4
    endloop
  endfacet
endsolid OpenSCAD_Model
